EDAD;GENERO;ESTRATO_VIVIENDA;NIVEL_EDUCATIVO;TIPO_AREA_VIVIENDA;SEGMENTO_PLAN;MIN_LLAMADAS_SEM;MIN_REDES_SOC_SEM;MIN_WEB_SEM;DIAS_PAGO_FACT;VECES_LLAM_COMPETENCIA;MESES_SUSCRITO;NUM_INTERRUPCIONES;DUR_INTERRUPCIONES;SUSCRIP_STREAMING;RIESGO_CANCELACION
57;mujer;2;primaria;urbana;basico;414;1599;61;38;285;84;4;34;no;no
53;hombre;4;primaria;urbana;medio;634;697;1258;37;140;118;4;416;no;si
43;mujer;4;educacion superior;urbana;premium;596;1801;305;4;54;6;6;76;si;no
39;hombre;3;educacion superior;rural;premium;473;727;1205;15;281;113;8;302;no;si
63;hombre;1;educacion superior;rural;premium;694;993;1366;25;254;40;4;428;no;si
41;mujer;1;secundaria;urbana;basico;311;98;511;24;293;32;5;357;no;si
74;mujer;6;educacion superior;rural;premium;648;244;1217;3;105;66;1;152;si;no
53;hombre;6;educacion superior;urbana;basico;105;1475;792;28;290;91;6;334;no;si
57;mujer;4;secundaria;rural;basico;129;515;423;25;272;42;8;183;no;si
39;hombre;3;educacion superior;rural;medio;755;462;1248;16;1;87;6;75;si;no
18;hombre;1;educacion superior;urbana;medio;362;196;41;4;160;16;10;262;si;no
24;mujer;6;educacion superior;urbana;premium;953;1022;1479;21;228;94;4;54;no;no
58;mujer;5;educacion superior;urbana;medio;521;1334;433;43;181;17;10;87;no;si
31;mujer;2;secundaria;urbana;medio;648;348;1248;8;152;104;6;24;si;no
30;hombre;1;educacion superior;rural;medio;464;1084;185;43;44;44;3;274;no;no
41;hombre;5;primaria;rural;basico;730;1037;1468;27;51;81;6;237;si;no
47;hombre;4;primaria;urbana;premium;288;602;475;7;252;85;10;365;no;no
34;hombre;3;educacion superior;rural;medio;219;243;166;17;34;33;7;179;si;no
37;hombre;5;primaria;rural;premium;751;1071;1174;19;243;102;5;109;si;no
58;mujer;4;educacion superior;rural;medio;23;1193;375;54;143;118;1;187;no;no
22;mujer;3;educacion superior;rural;premium;603;1335;1351;39;167;25;6;452;no;si
42;hombre;4;primaria;urbana;basico;566;85;672;55;148;46;8;486;no;si
42;hombre;4;secundaria;urbana;medio;293;1036;1408;5;261;100;0;215;si;no
47;hombre;4;primaria;urbana;medio;433;201;1393;44;226;43;7;268;no;no
19;mujer;1;primaria;urbana;medio;750;1272;558;15;276;118;5;312;si;no
57;hombre;6;educacion superior;rural;basico;207;1798;590;36;192;5;3;394;no;no
27;hombre;4;educacion superior;urbana;premium;591;1425;726;24;102;118;9;440;no;no
47;hombre;3;secundaria;rural;premium;649;867;7;51;50;12;10;232;no;si
32;hombre;3;educacion superior;rural;medio;649;1906;250;26;85;28;10;8;no;no
59;hombre;2;educacion superior;urbana;medio;270;772;230;51;66;84;8;316;no;si
68;hombre;5;primaria;urbana;premium;918;639;310;54;85;115;3;319;no;si
22;mujer;2;secundaria;urbana;premium;1;484;127;33;200;3;7;230;no;no
28;hombre;6;primaria;urbana;medio;575;1086;1201;42;286;41;6;203;no;si
51;hombre;6;educacion superior;urbana;premium;898;325;867;27;279;95;10;237;si;no
19;hombre;5;educacion superior;rural;premium;93;1414;569;45;294;95;3;482;si;no
19;hombre;6;primaria;rural;medio;167;1369;446;23;205;94;2;472;si;no
23;hombre;4;educacion superior;rural;premium;844;1297;140;42;149;4;3;450;si;no
79;hombre;1;secundaria;rural;basico;428;104;531;27;95;58;9;111;no;si
80;hombre;1;educacion superior;rural;medio;663;1931;998;60;147;57;10;52;si;no
25;hombre;2;educacion superior;urbana;medio;288;1732;617;53;254;6;1;266;si;no
33;hombre;2;secundaria;rural;basico;426;523;773;26;219;36;5;79;no;si
50;hombre;1;educacion superior;rural;medio;350;1751;933;26;146;49;7;180;no;si
19;hombre;3;primaria;urbana;medio;560;1430;1410;40;237;47;3;484;no;si
16;hombre;5;secundaria;urbana;premium;749;671;1421;51;57;4;6;314;no;si
27;hombre;6;secundaria;urbana;basico;608;1216;1324;56;280;83;7;305;no;si
70;hombre;2;secundaria;urbana;basico;101;1161;933;19;232;23;8;253;no;no
68;hombre;1;secundaria;urbana;basico;937;1997;843;32;131;19;9;443;si;no
20;hombre;4;primaria;rural;premium;764;579;1138;60;139;71;9;347;si;no
16;hombre;6;educacion superior;rural;premium;630;1929;321;32;297;43;5;208;no;si
44;mujer;1;primaria;rural;premium;885;599;18;54;124;30;2;468;no;no
66;hombre;3;secundaria;urbana;premium;404;61;1236;14;219;90;4;391;no;no
30;hombre;4;primaria;urbana;premium;78;1702;970;21;28;30;5;406;si;no
21;hombre;2;educacion superior;rural;premium;114;548;840;53;60;18;1;262;si;no
25;hombre;6;primaria;urbana;medio;202;26;1264;22;146;23;8;50;no;si
51;mujer;4;secundaria;rural;basico;992;380;127;42;270;29;5;280;no;si
79;hombre;5;educacion superior;urbana;basico;343;44;336;23;103;74;5;157;no;no
77;hombre;3;secundaria;rural;premium;250;1145;93;21;93;50;4;409;no;si
40;hombre;6;educacion superior;urbana;premium;193;834;659;51;24;87;4;256;no;no
23;mujer;5;educacion superior;rural;basico;641;269;410;53;287;100;8;315;no;no
50;hombre;1;primaria;rural;premium;152;1738;676;48;214;118;1;270;no;no
22;mujer;1;educacion superior;rural;medio;260;320;777;30;171;50;8;441;no;si
21;hombre;2;primaria;rural;basico;903;341;1430;7;3;112;2;157;si;no
70;hombre;4;primaria;urbana;premium;974;462;651;1;24;106;6;49;no;no
50;hombre;5;educacion superior;rural;premium;242;1941;1111;52;124;117;5;377;no;si
44;mujer;3;secundaria;urbana;premium;358;124;1191;36;170;6;6;190;no;si
59;hombre;3;secundaria;rural;premium;565;304;1360;38;202;48;5;359;no;si
41;hombre;1;educacion superior;urbana;medio;298;658;1467;20;285;57;7;111;si;no
34;hombre;4;primaria;urbana;medio;430;668;1171;39;57;95;3;499;no;si
46;hombre;4;secundaria;urbana;basico;446;31;1049;54;216;21;6;78;no;no
78;hombre;5;educacion superior;rural;basico;487;1517;1250;11;210;116;3;20;si;no
23;hombre;5;educacion superior;urbana;medio;899;733;51;55;132;19;5;322;no;si
52;hombre;2;secundaria;rural;basico;592;704;499;43;187;99;8;82;no;si
52;hombre;4;educacion superior;urbana;medio;491;1851;891;39;187;73;4;285;no;no
39;hombre;6;secundaria;urbana;medio;290;1192;1123;38;294;41;4;412;no;si
79;hombre;2;educacion superior;rural;medio;245;1940;970;58;227;7;5;473;no;si
21;mujer;3;secundaria;rural;premium;898;1484;71;13;202;72;4;177;si;no
41;mujer;2;primaria;rural;basico;772;7;868;56;257;109;6;247;no;si
79;hombre;1;secundaria;urbana;medio;759;401;310;1;254;94;5;349;si;no
53;hombre;3;primaria;urbana;premium;719;1338;1447;24;81;16;10;88;no;si
65;hombre;2;educacion superior;urbana;basico;696;1194;683;4;166;2;3;389;no;no
38;hombre;3;primaria;rural;basico;115;633;86;49;21;9;10;31;si;no
53;mujer;5;secundaria;rural;medio;79;682;324;33;227;17;3;60;no;si
55;hombre;1;primaria;urbana;basico;9;1792;114;45;60;95;5;291;no;si
49;mujer;5;secundaria;urbana;basico;783;1326;1064;26;147;51;5;215;no;si
38;hombre;4;primaria;rural;premium;74;1878;856;32;160;27;5;265;no;si
65;mujer;3;primaria;urbana;premium;909;369;1336;23;119;37;6;251;no;no
73;hombre;6;secundaria;rural;premium;975;1934;786;30;185;5;9;81;no;si
43;mujer;1;primaria;urbana;premium;35;204;748;38;143;34;0;93;si;no
58;hombre;4;primaria;rural;premium;667;519;714;53;253;24;0;398;no;no
17;hombre;2;primaria;urbana;premium;268;1478;1106;35;133;35;1;162;no;no
48;hombre;1;secundaria;rural;basico;130;535;1462;27;250;55;7;270;no;si
59;hombre;4;secundaria;rural;basico;858;564;1153;59;153;9;7;165;no;si
36;mujer;6;educacion superior;urbana;premium;132;1542;962;17;14;21;0;383;no;no
50;mujer;5;primaria;rural;basico;544;1062;783;11;179;42;0;94;si;no
40;hombre;5;educacion superior;rural;medio;436;1284;374;23;170;18;5;183;no;si
38;hombre;2;primaria;rural;medio;748;1545;766;28;229;107;5;397;no;si
47;hombre;4;secundaria;rural;medio;940;1080;1230;39;70;70;4;210;no;si
28;hombre;5;educacion superior;rural;basico;865;1768;487;7;49;61;8;368;si;no
74;hombre;6;educacion superior;urbana;medio;883;1517;996;2;282;100;9;482;no;no
70;hombre;6;primaria;urbana;medio;148;1025;45;44;298;45;3;252;no;si
54;hombre;6;educacion superior;rural;premium;529;878;235;15;283;69;5;328;no;si
69;hombre;2;secundaria;urbana;medio;234;217;493;17;300;107;9;376;no;si
25;hombre;6;secundaria;urbana;medio;497;591;1032;36;184;111;7;166;no;si
60;hombre;3;primaria;urbana;premium;305;539;1258;59;77;62;3;131;no;si
39;hombre;2;primaria;urbana;basico;314;1283;1347;50;157;7;0;327;si;no
78;hombre;5;primaria;urbana;premium;490;13;1246;26;202;63;1;318;no;no
37;mujer;3;primaria;rural;basico;903;1391;204;60;270;32;8;366;no;si
36;hombre;6;secundaria;urbana;premium;169;967;823;4;114;40;5;464;no;no
40;mujer;2;secundaria;urbana;medio;835;1464;1465;12;104;30;6;2;no;no
26;mujer;5;secundaria;urbana;basico;12;534;976;25;221;65;10;332;no;si
28;mujer;3;secundaria;urbana;premium;660;987;595;22;274;32;5;172;no;si
41;hombre;5;secundaria;urbana;premium;314;86;1383;0;241;60;4;178;si;no
56;hombre;2;primaria;rural;basico;431;1106;652;21;100;15;7;233;no;si
36;mujer;3;educacion superior;urbana;basico;429;729;570;1;76;34;2;115;si;no
31;hombre;5;educacion superior;urbana;premium;416;1355;212;37;232;14;10;419;si;no
71;hombre;4;primaria;urbana;premium;863;1097;1232;37;37;31;2;32;no;no
57;hombre;5;primaria;rural;medio;102;349;378;36;85;27;3;215;no;si
48;hombre;6;secundaria;urbana;medio;820;990;963;46;119;46;8;38;no;no
50;hombre;3;educacion superior;urbana;medio;419;1728;377;20;195;76;8;216;no;si
57;hombre;2;secundaria;rural;premium;347;1720;1432;24;107;27;6;66;no;si
79;mujer;5;primaria;urbana;medio;993;1031;953;21;139;6;2;411;si;no
47;mujer;4;secundaria;urbana;premium;712;1644;1439;32;40;60;4;17;no;no
21;hombre;3;secundaria;urbana;medio;953;1332;1086;60;142;114;7;389;si;no
63;mujer;1;primaria;urbana;medio;258;1188;982;48;118;50;10;465;no;si
46;hombre;3;primaria;rural;basico;595;365;1203;3;106;64;5;396;si;no
50;mujer;1;educacion superior;rural;basico;734;1890;799;45;152;102;9;435;no;si
39;hombre;4;secundaria;urbana;premium;970;1182;199;32;191;51;10;457;no;no
46;hombre;5;primaria;rural;medio;44;1111;1475;14;79;8;9;230;si;no
26;mujer;2;secundaria;urbana;premium;595;1208;18;9;48;74;9;57;no;no
34;hombre;2;secundaria;rural;medio;214;1622;118;50;77;7;10;67;no;no
49;mujer;5;primaria;rural;premium;636;1976;807;57;107;70;10;82;si;no
16;hombre;5;educacion superior;urbana;medio;83;1128;665;41;121;85;10;345;no;si
16;hombre;1;secundaria;urbana;premium;297;1888;685;50;104;18;5;228;no;si
64;hombre;5;educacion superior;urbana;premium;279;1814;910;54;19;111;7;130;no;no
46;hombre;5;secundaria;urbana;premium;124;1679;1017;50;278;108;9;62;si;no
37;mujer;1;educacion superior;urbana;premium;597;1371;1134;56;198;15;10;81;no;si
25;hombre;1;primaria;rural;medio;814;1213;683;45;256;86;9;401;si;no
59;mujer;1;educacion superior;rural;medio;990;1049;1410;54;112;93;7;411;si;no
72;hombre;6;primaria;rural;basico;618;1422;515;36;286;52;8;447;no;si
37;hombre;3;primaria;urbana;premium;727;950;452;57;262;95;3;177;si;no
19;hombre;3;primaria;urbana;medio;570;1884;1049;49;132;60;8;86;no;no
43;mujer;5;educacion superior;rural;basico;858;1431;148;29;189;111;7;497;no;si
39;mujer;3;educacion superior;rural;medio;51;131;1349;22;78;118;7;272;no;si
70;mujer;6;primaria;rural;basico;327;1475;1125;26;252;88;8;50;no;si
78;hombre;4;secundaria;urbana;premium;688;1066;208;49;156;14;7;378;no;si
38;hombre;2;primaria;urbana;medio;82;940;809;8;105;49;9;62;si;no
37;mujer;2;secundaria;urbana;premium;810;997;705;11;288;74;4;40;si;no
35;mujer;3;educacion superior;rural;premium;190;432;250;34;282;22;10;177;no;no
26;hombre;5;educacion superior;rural;medio;793;148;51;32;290;108;0;118;no;no
42;hombre;6;educacion superior;urbana;medio;360;434;894;6;260;114;4;157;no;no
16;mujer;5;educacion superior;urbana;premium;184;1447;101;6;65;13;9;346;si;no
21;mujer;3;educacion superior;urbana;basico;542;733;829;34;93;82;4;280;no;si
73;hombre;6;educacion superior;rural;basico;534;823;663;57;71;5;3;436;si;no
47;hombre;2;secundaria;urbana;basico;90;814;515;32;85;64;4;123;no;si
29;hombre;1;educacion superior;urbana;basico;513;114;554;3;187;56;2;474;si;no
37;hombre;3;educacion superior;urbana;medio;75;1581;496;22;3;45;10;445;no;no
29;mujer;4;educacion superior;urbana;basico;108;1801;339;17;271;103;9;60;no;no
57;mujer;6;primaria;rural;basico;275;774;1430;53;148;87;0;59;si;no
76;mujer;2;primaria;rural;basico;957;30;202;39;252;89;2;270;si;no
42;mujer;4;primaria;rural;premium;821;1863;503;58;268;62;8;420;no;si
78;mujer;3;primaria;urbana;medio;317;510;191;36;278;39;8;184;no;no
46;hombre;4;educacion superior;urbana;medio;345;1862;1264;53;249;78;8;162;si;no
18;hombre;1;secundaria;urbana;medio;716;1359;1415;19;260;15;10;458;no;si
22;hombre;2;educacion superior;urbana;medio;926;863;18;37;212;3;3;177;si;no
42;mujer;5;secundaria;rural;medio;263;417;1087;42;213;103;6;353;no;si
59;hombre;5;educacion superior;urbana;premium;695;588;1269;41;105;35;3;398;si;no
37;mujer;2;educacion superior;rural;basico;905;1563;1094;48;294;61;7;476;no;si
51;mujer;1;primaria;urbana;medio;328;1922;214;27;188;69;9;284;no;si
29;mujer;6;primaria;urbana;premium;978;1319;150;38;233;70;3;388;no;si
49;hombre;3;educacion superior;rural;basico;553;1148;644;22;277;93;6;473;no;si
75;hombre;1;educacion superior;rural;premium;673;767;1446;28;181;58;2;228;si;no
51;mujer;1;secundaria;urbana;premium;343;1708;184;12;169;114;1;153;no;no
26;hombre;1;secundaria;urbana;medio;31;737;351;34;193;16;5;261;si;no
58;mujer;4;primaria;urbana;medio;84;1237;805;17;76;24;0;251;si;no
57;mujer;3;educacion superior;urbana;premium;962;205;1406;60;259;70;5;436;no;si
75;hombre;3;educacion superior;rural;basico;466;907;1124;34;124;98;9;374;no;no
57;hombre;4;secundaria;urbana;medio;175;301;109;48;246;21;8;428;si;no
36;mujer;3;primaria;urbana;basico;863;619;4;32;186;15;0;185;si;no
69;hombre;1;primaria;rural;basico;173;1752;204;20;236;82;9;197;no;si
37;mujer;1;educacion superior;rural;basico;644;1443;1446;60;184;82;4;101;no;si
36;mujer;3;primaria;rural;basico;31;1968;1436;43;275;89;7;78;no;si
62;hombre;2;educacion superior;urbana;basico;836;251;1207;33;144;113;10;77;no;si
80;hombre;2;primaria;rural;basico;685;1303;1141;47;193;28;8;176;no;no
22;mujer;6;primaria;urbana;medio;898;1800;200;38;157;81;5;165;no;si
52;hombre;3;educacion superior;urbana;medio;91;996;802;23;62;112;1;172;no;no
27;hombre;6;primaria;rural;premium;876;1963;607;6;35;40;6;197;no;no
79;hombre;1;primaria;urbana;medio;812;560;432;9;43;45;9;230;no;no
65;hombre;6;primaria;rural;premium;419;1554;416;20;85;33;10;101;no;si
73;mujer;4;educacion superior;urbana;basico;429;1182;224;2;206;17;2;487;no;no
37;hombre;2;educacion superior;rural;premium;40;542;423;5;267;50;5;35;no;no
19;hombre;5;educacion superior;rural;premium;754;1070;648;1;25;6;4;84;no;no
69;hombre;4;educacion superior;urbana;medio;487;603;636;38;181;117;4;317;no;si
73;hombre;2;educacion superior;urbana;premium;760;178;1025;43;79;62;4;468;no;si
40;hombre;1;primaria;urbana;basico;4;915;130;44;160;4;2;314;si;no
49;hombre;2;educacion superior;rural;premium;166;321;1193;15;257;64;10;396;no;si
55;hombre;3;primaria;rural;premium;708;1730;1252;7;13;69;6;110;no;no
17;mujer;4;secundaria;urbana;medio;973;723;1211;59;297;16;4;333;si;no
66;hombre;5;secundaria;urbana;basico;918;889;686;13;47;112;2;464;no;no
50;hombre;6;educacion superior;urbana;medio;88;1637;802;19;244;23;5;321;no;no
42;hombre;2;educacion superior;urbana;medio;738;1269;1161;36;92;34;4;253;no;si
73;hombre;6;educacion superior;rural;premium;422;753;608;29;177;92;2;187;si;no
45;mujer;3;secundaria;urbana;premium;766;1082;187;44;195;111;8;223;no;si
73;hombre;4;educacion superior;urbana;medio;772;412;565;59;299;102;4;312;no;si
25;hombre;2;secundaria;urbana;premium;251;637;1269;19;263;120;5;335;no;si
29;mujer;3;educacion superior;rural;basico;865;1902;385;25;200;74;9;224;no;no
72;hombre;1;secundaria;rural;basico;213;283;954;42;74;18;5;472;si;no
35;hombre;2;primaria;urbana;basico;301;489;15;35;279;22;8;433;no;si
63;hombre;2;primaria;urbana;medio;345;1002;244;3;263;73;2;92;si;no
72;hombre;4;educacion superior;rural;medio;328;436;28;21;253;78;7;303;no;si
78;hombre;1;primaria;urbana;medio;923;795;1157;19;130;55;4;122;no;si
63;hombre;4;primaria;rural;medio;407;17;537;49;187;29;3;281;no;si
62;mujer;4;secundaria;urbana;basico;221;1960;1442;56;183;89;8;150;no;si
53;hombre;6;secundaria;urbana;medio;486;800;225;37;286;21;10;197;no;si
69;hombre;2;primaria;urbana;medio;272;1748;498;42;114;117;9;234;no;no
17;hombre;5;secundaria;rural;medio;410;392;1206;52;108;61;9;424;no;si
74;mujer;4;educacion superior;urbana;medio;649;1744;600;39;208;62;3;93;no;si
61;hombre;6;primaria;urbana;basico;95;377;29;20;296;51;8;178;no;si
79;mujer;4;educacion superior;urbana;premium;146;608;1223;19;153;27;9;368;no;no
45;hombre;5;secundaria;rural;medio;433;1726;905;26;80;103;8;435;no;si
49;hombre;1;secundaria;urbana;medio;274;493;336;12;92;41;9;407;no;no
37;hombre;1;primaria;urbana;basico;226;1573;1277;48;135;120;10;111;no;si
64;hombre;3;educacion superior;rural;basico;931;1753;1415;36;31;71;0;143;no;no
80;mujer;3;primaria;rural;basico;245;175;423;36;199;30;10;107;no;si
58;mujer;1;primaria;urbana;basico;595;1583;816;43;155;89;0;196;si;no
37;mujer;6;primaria;urbana;basico;596;1420;1123;52;188;62;7;315;no;no
17;hombre;2;secundaria;rural;medio;283;350;483;39;228;50;7;453;si;no
49;hombre;6;secundaria;urbana;basico;283;290;1214;48;255;116;2;450;no;no
45;mujer;1;educacion superior;urbana;premium;378;86;570;26;279;42;4;481;no;si
69;hombre;3;educacion superior;urbana;medio;351;1917;174;20;52;79;6;297;no;si
69;mujer;3;educacion superior;urbana;basico;238;216;1268;30;78;104;3;0;no;no
51;hombre;2;primaria;urbana;premium;32;1274;1323;45;166;95;6;209;si;no
23;hombre;5;secundaria;urbana;medio;63;1798;1283;28;122;102;10;479;si;no
50;hombre;1;primaria;rural;basico;929;791;63;24;265;112;3;371;no;si
24;hombre;2;educacion superior;urbana;basico;285;885;1188;32;218;40;8;280;no;si
66;hombre;2;educacion superior;rural;basico;953;1130;18;0;218;108;10;273;si;no
76;hombre;6;primaria;rural;basico;224;89;1446;13;134;67;3;30;no;no
34;mujer;2;educacion superior;rural;medio;498;1073;153;32;238;103;8;237;no;si
30;hombre;6;educacion superior;rural;premium;70;1211;494;27;121;28;4;374;no;si
52;mujer;5;primaria;rural;premium;585;1848;114;54;237;9;3;237;no;si
41;mujer;4;educacion superior;rural;premium;746;409;1299;21;117;113;6;500;no;si
67;mujer;5;educacion superior;rural;premium;407;1757;484;32;294;31;6;483;no;si
77;hombre;4;primaria;urbana;medio;171;1474;1011;32;200;66;3;114;no;si
17;mujer;3;primaria;rural;medio;686;1319;1174;10;271;62;1;158;si;no
79;mujer;6;secundaria;urbana;medio;119;1333;896;60;196;12;2;495;no;no
58;hombre;2;educacion superior;rural;basico;618;1089;1072;47;166;75;9;134;no;si
38;hombre;6;educacion superior;rural;premium;694;331;1429;42;113;27;1;151;no;no
31;hombre;1;primaria;urbana;medio;438;1430;613;51;174;2;4;52;no;si
24;hombre;1;educacion superior;rural;premium;232;969;560;4;165;119;5;58;no;no
57;hombre;3;secundaria;rural;medio;223;1582;838;8;109;15;5;471;si;no
79;mujer;6;primaria;urbana;medio;385;1392;546;41;275;21;7;243;no;si
22;hombre;1;secundaria;urbana;premium;741;1732;1379;7;200;27;8;149;no;no
34;hombre;5;secundaria;urbana;medio;439;234;409;18;265;79;0;123;no;no
65;hombre;5;educacion superior;rural;medio;590;604;855;31;69;30;7;287;no;si
71;hombre;5;primaria;rural;basico;151;98;176;56;256;52;6;379;no;si
51;mujer;5;primaria;urbana;premium;903;260;436;53;208;69;7;411;no;si
53;hombre;1;secundaria;rural;medio;154;1642;1364;52;171;114;5;286;no;si
59;mujer;5;primaria;urbana;basico;664;1237;1046;37;213;50;10;443;no;si
54;hombre;6;primaria;urbana;premium;882;464;975;35;281;119;7;81;no;si
71;hombre;6;primaria;rural;premium;121;769;549;39;141;19;8;16;si;no
71;hombre;3;primaria;urbana;basico;909;1789;730;58;270;84;7;313;no;si
19;hombre;4;primaria;urbana;medio;302;1277;10;42;90;94;9;362;no;si
64;mujer;4;secundaria;urbana;medio;372;763;1259;50;193;112;8;188;no;no
47;hombre;2;primaria;urbana;medio;194;601;991;43;78;40;4;282;no;si
31;mujer;6;secundaria;rural;medio;549;46;1006;32;64;37;10;25;no;no
27;hombre;3;secundaria;rural;premium;592;230;310;23;194;39;0;418;no;no
58;mujer;6;educacion superior;urbana;medio;414;1157;1359;6;287;99;2;386;si;no
66;hombre;4;educacion superior;rural;premium;34;590;113;49;131;5;2;455;no;no
66;mujer;2;educacion superior;urbana;basico;295;131;324;18;256;9;6;426;si;no
16;hombre;5;secundaria;rural;basico;532;1664;1218;44;88;54;3;433;no;si
58;mujer;4;secundaria;rural;basico;504;309;354;43;50;77;9;56;no;no
72;hombre;4;secundaria;urbana;medio;758;1298;718;58;217;72;10;277;no;no
58;hombre;5;educacion superior;rural;premium;626;879;1228;51;234;71;8;150;no;si
44;hombre;1;primaria;rural;premium;562;706;304;2;215;15;4;178;si;no
54;hombre;6;educacion superior;rural;premium;277;1413;1218;33;297;100;4;162;no;si
60;hombre;1;primaria;rural;medio;264;329;1243;1;7;67;3;359;si;no
68;hombre;5;secundaria;urbana;premium;317;1492;1384;40;26;18;3;204;si;no
74;mujer;4;secundaria;rural;premium;256;641;861;41;148;65;10;377;si;no
46;mujer;4;educacion superior;rural;premium;975;1091;923;27;241;50;4;238;no;si
62;mujer;5;secundaria;urbana;medio;88;1361;568;17;89;63;4;218;no;no
71;hombre;4;secundaria;urbana;medio;520;101;1013;8;226;7;5;453;si;no
55;hombre;4;primaria;urbana;medio;78;1353;622;22;137;17;4;382;no;no
37;mujer;4;educacion superior;rural;premium;894;1090;1065;38;139;102;7;230;si;no
68;mujer;3;secundaria;urbana;medio;877;523;996;52;183;51;9;478;no;no
42;hombre;3;educacion superior;rural;premium;534;784;279;36;166;22;8;314;no;si
30;hombre;3;secundaria;urbana;premium;90;1905;389;22;171;63;7;418;si;no
66;mujer;1;educacion superior;urbana;premium;534;258;1019;22;148;57;7;169;no;si
36;mujer;1;secundaria;urbana;basico;429;339;749;42;53;65;10;79;no;si
71;mujer;4;secundaria;rural;medio;20;601;329;22;156;37;8;134;si;no
43;hombre;5;primaria;urbana;medio;114;1848;223;21;82;32;3;138;si;no
38;hombre;3;educacion superior;rural;premium;295;311;811;35;211;49;5;406;si;no
46;mujer;4;secundaria;rural;basico;893;389;728;40;102;62;0;272;no;no
16;hombre;3;educacion superior;rural;medio;547;1527;779;30;228;45;3;53;no;si
51;mujer;4;secundaria;rural;medio;650;1243;488;28;57;75;3;62;no;si
40;hombre;5;secundaria;rural;medio;385;247;840;25;234;75;8;389;no;si
16;hombre;6;primaria;urbana;premium;940;1663;608;12;243;62;0;136;si;no
39;hombre;2;secundaria;urbana;premium;777;987;132;6;112;79;8;54;no;no
40;hombre;2;secundaria;rural;medio;284;1810;1037;1;223;4;5;438;no;no
44;hombre;4;educacion superior;rural;premium;634;394;377;29;102;49;8;468;si;no
64;hombre;3;primaria;urbana;premium;870;1555;108;51;182;54;8;463;si;no
80;hombre;1;primaria;rural;medio;936;1564;1488;30;84;120;9;84;no;si
51;hombre;6;secundaria;rural;basico;955;196;373;35;125;74;0;119;no;no
51;mujer;2;primaria;rural;medio;639;579;1301;49;216;59;2;201;si;no
42;mujer;3;educacion superior;urbana;basico;419;1472;230;46;206;45;6;389;no;si
60;mujer;6;educacion superior;rural;basico;300;67;574;52;225;112;7;130;no;si
60;hombre;4;educacion superior;rural;basico;559;922;753;29;152;56;9;92;no;no
49;mujer;1;secundaria;rural;medio;931;603;1167;53;234;4;3;155;no;si
41;hombre;6;educacion superior;urbana;premium;603;1558;1049;1;97;24;3;63;no;no
33;hombre;1;primaria;urbana;premium;404;634;926;20;298;39;6;477;no;si
17;mujer;5;secundaria;urbana;medio;388;1040;651;52;67;96;10;161;si;no
22;hombre;3;educacion superior;urbana;basico;607;1860;203;4;135;61;0;399;no;no
35;hombre;3;secundaria;rural;medio;869;198;518;35;175;11;3;314;si;no
36;mujer;5;secundaria;urbana;medio;862;366;313;29;117;34;5;408;no;si
21;hombre;2;educacion superior;rural;premium;697;603;620;26;141;66;9;83;no;si
17;hombre;3;secundaria;urbana;premium;55;1730;821;32;121;33;0;205;no;no
55;hombre;1;educacion superior;urbana;medio;616;175;595;43;19;4;1;21;no;no
46;hombre;3;secundaria;urbana;premium;259;791;284;52;181;31;6;165;no;si
25;hombre;5;primaria;urbana;premium;165;511;374;55;284;70;4;149;no;si
75;hombre;3;secundaria;urbana;premium;36;126;1119;47;90;17;7;477;no;si
39;hombre;3;educacion superior;urbana;basico;738;1658;1099;31;133;118;10;197;no;no
71;hombre;4;secundaria;urbana;basico;968;883;178;38;64;32;8;291;no;si
40;hombre;5;secundaria;rural;medio;612;426;1447;58;224;19;3;293;no;si
21;hombre;1;secundaria;rural;basico;814;79;273;26;169;81;6;293;no;si
61;mujer;6;educacion superior;urbana;premium;630;1574;495;47;226;36;0;69;si;no
77;mujer;5;secundaria;rural;premium;314;847;969;44;216;14;8;435;no;si
57;hombre;2;secundaria;rural;basico;354;1540;755;31;206;63;10;352;no;si
76;hombre;6;secundaria;urbana;premium;125;1230;384;50;289;6;10;91;no;si
43;hombre;2;secundaria;rural;medio;832;473;847;15;246;72;10;433;si;no
18;mujer;6;primaria;rural;premium;30;1123;1148;58;20;1;8;212;no;no
24;hombre;4;primaria;rural;basico;452;1920;319;22;9;12;10;317;no;no
63;hombre;4;educacion superior;rural;premium;467;1508;1395;4;128;87;10;351;si;no
20;mujer;2;educacion superior;rural;basico;720;1714;302;36;197;90;7;165;no;no
28;mujer;4;primaria;urbana;medio;773;1660;1215;51;123;10;9;234;no;si
27;hombre;2;educacion superior;rural;premium;419;1835;1048;32;65;59;0;307;no;no
44;hombre;2;primaria;rural;basico;420;200;866;14;105;49;2;191;no;no
36;mujer;1;secundaria;rural;basico;979;157;790;18;158;89;7;219;no;si
80;mujer;4;educacion superior;urbana;medio;867;373;1165;50;183;86;3;444;no;no
60;hombre;5;primaria;rural;medio;457;967;844;16;129;28;3;93;no;si
28;mujer;5;primaria;urbana;basico;687;383;380;59;120;20;8;111;no;si
29;hombre;1;secundaria;urbana;medio;841;1573;863;32;123;90;3;410;no;si
24;mujer;4;primaria;urbana;basico;364;846;688;29;33;99;0;87;no;no
45;hombre;4;secundaria;urbana;premium;274;264;159;42;168;7;9;409;si;no
78;hombre;1;primaria;rural;medio;341;114;954;58;55;117;3;170;no;si
26;hombre;6;secundaria;urbana;medio;979;837;305;54;298;67;5;374;no;si
66;hombre;5;secundaria;rural;basico;91;534;473;3;207;41;6;7;no;no
70;mujer;2;secundaria;rural;basico;819;1275;254;55;286;107;10;210;no;si
76;mujer;4;secundaria;rural;premium;92;1381;465;51;106;83;10;258;si;no
24;hombre;4;primaria;urbana;basico;167;1237;568;48;167;65;5;80;no;si
48;hombre;6;primaria;rural;medio;827;58;1489;50;87;77;7;439;no;si
17;mujer;2;secundaria;rural;medio;507;984;1018;49;231;80;10;479;no;si
36;hombre;2;primaria;urbana;basico;138;966;8;18;225;106;5;313;no;si
56;hombre;6;secundaria;urbana;premium;383;1749;227;37;24;66;3;179;si;no
39;mujer;4;educacion superior;urbana;basico;225;1122;341;10;195;37;2;471;si;no
69;hombre;1;secundaria;urbana;medio;802;1451;1295;36;184;5;7;71;no;no
66;hombre;5;secundaria;rural;basico;956;780;1324;9;189;81;0;72;si;no
21;hombre;2;primaria;rural;medio;729;258;831;0;181;70;9;404;si;no
62;mujer;6;secundaria;urbana;medio;86;497;1366;10;102;43;4;446;si;no
51;hombre;6;secundaria;rural;medio;427;1527;1213;17;204;28;6;58;no;si
41;hombre;4;educacion superior;rural;medio;1000;279;749;57;275;39;8;257;no;si
45;mujer;2;secundaria;rural;premium;726;1076;661;45;189;25;10;332;no;si
60;hombre;5;educacion superior;urbana;premium;636;766;1254;30;76;108;3;491;no;si
57;mujer;3;secundaria;urbana;premium;702;941;1266;23;271;15;6;249;no;si
18;hombre;6;primaria;rural;premium;174;715;512;36;154;120;10;427;no;no
65;hombre;3;primaria;urbana;medio;419;1473;261;36;217;19;8;174;no;si
54;hombre;6;educacion superior;urbana;medio;796;1771;783;31;51;62;6;399;no;si
43;hombre;1;secundaria;rural;basico;497;709;262;54;87;117;9;219;no;si
26;mujer;2;educacion superior;urbana;medio;526;1027;1150;57;81;77;0;32;si;no
43;hombre;1;secundaria;urbana;medio;272;1514;997;59;71;72;4;174;no;si
30;mujer;3;secundaria;urbana;basico;329;443;1316;22;223;50;10;475;no;si
73;hombre;1;educacion superior;rural;basico;902;1339;824;35;158;7;9;262;no;si
16;mujer;3;educacion superior;urbana;medio;182;692;208;45;122;12;7;323;si;no
80;mujer;1;secundaria;urbana;basico;593;1009;237;27;156;89;6;321;si;no
18;hombre;3;primaria;urbana;premium;321;1125;129;46;147;39;10;142;no;no
24;mujer;4;secundaria;urbana;basico;45;760;17;42;222;94;10;172;no;si
61;mujer;6;secundaria;rural;premium;580;1364;946;22;147;39;8;374;no;si
16;hombre;5;secundaria;rural;medio;668;1200;117;35;101;22;10;187;no;si
36;hombre;5;primaria;urbana;premium;558;963;732;19;276;110;5;348;no;si
60;hombre;5;primaria;rural;premium;399;67;818;25;99;65;7;497;no;si
79;hombre;5;secundaria;urbana;premium;604;31;772;48;189;69;8;54;no;si
44;hombre;6;secundaria;urbana;basico;110;1230;1387;42;142;80;2;356;no;no
64;mujer;6;educacion superior;urbana;basico;240;1459;738;55;190;12;8;160;no;si
61;mujer;5;primaria;rural;premium;985;636;637;18;147;90;4;289;no;si
35;hombre;6;secundaria;rural;medio;508;1088;627;57;117;75;5;103;no;si
56;hombre;5;secundaria;rural;basico;560;1734;734;18;18;11;3;150;no;no
25;hombre;1;secundaria;rural;medio;289;1095;214;37;118;111;5;392;no;si
52;mujer;3;primaria;rural;basico;406;94;228;24;105;79;8;89;no;si
42;hombre;6;educacion superior;urbana;basico;372;672;1379;4;116;70;9;278;si;no
29;hombre;4;primaria;rural;premium;15;1501;1236;36;183;53;0;389;no;no
79;mujer;1;educacion superior;rural;premium;4;29;780;15;285;84;6;103;no;si
54;mujer;1;primaria;urbana;basico;135;1238;244;46;74;90;6;344;no;si
52;hombre;3;secundaria;rural;basico;876;126;1224;23;253;43;4;2;no;no
46;hombre;3;secundaria;rural;basico;564;1756;208;59;94;9;7;258;no;si
62;hombre;5;secundaria;rural;basico;367;1059;1433;14;46;62;9;353;no;no
71;hombre;1;educacion superior;urbana;premium;623;1064;905;29;14;6;0;249;no;no
36;hombre;5;primaria;urbana;premium;436;1835;1105;19;151;16;10;209;no;si
45;hombre;1;educacion superior;rural;medio;541;762;1402;25;154;88;6;414;no;si
64;mujer;6;primaria;urbana;premium;46;810;358;26;285;36;4;254;no;si
59;mujer;5;secundaria;urbana;basico;576;1754;811;51;219;97;0;404;si;no
46;mujer;1;secundaria;rural;medio;625;486;104;36;197;76;7;317;no;si
73;hombre;4;primaria;rural;basico;21;1108;443;17;229;95;5;410;no;si
48;hombre;1;secundaria;urbana;basico;568;1559;153;54;245;1;5;375;si;no
79;hombre;6;educacion superior;rural;premium;138;242;1012;58;103;63;5;179;no;si
75;mujer;5;educacion superior;urbana;premium;607;1184;618;44;241;75;8;238;no;si
47;hombre;6;educacion superior;urbana;premium;917;72;1114;38;269;119;9;281;no;si
74;mujer;3;secundaria;rural;medio;939;360;1150;17;97;107;8;307;no;si
28;hombre;5;educacion superior;urbana;premium;867;1664;343;35;131;102;6;235;no;si
55;mujer;5;educacion superior;rural;basico;504;1864;810;45;276;45;4;67;si;no
33;mujer;6;educacion superior;urbana;premium;373;399;1440;43;1;78;9;160;si;no
75;hombre;6;primaria;urbana;premium;732;1624;395;33;209;116;6;237;no;si
71;hombre;6;educacion superior;rural;basico;178;270;1448;23;147;75;8;94;no;si
31;hombre;5;primaria;rural;premium;667;1141;373;39;158;7;4;421;no;si
66;hombre;1;primaria;rural;medio;684;477;19;30;281;38;10;69;no;si
25;hombre;1;educacion superior;urbana;premium;596;999;558;54;138;100;7;205;no;si
72;hombre;1;secundaria;urbana;premium;918;458;610;52;119;9;10;432;no;si
45;hombre;1;secundaria;rural;medio;67;444;1434;30;67;60;5;131;no;no
58;hombre;2;primaria;rural;premium;331;956;1390;5;279;77;7;434;si;no
28;hombre;5;educacion superior;rural;premium;236;664;799;53;158;86;8;297;no;no
46;mujer;1;secundaria;urbana;medio;557;1067;208;58;11;108;7;447;no;no
17;mujer;3;secundaria;rural;basico;208;412;220;2;33;14;1;32;no;no
55;mujer;2;educacion superior;urbana;premium;829;490;980;52;54;13;5;431;no;si
32;hombre;5;educacion superior;rural;premium;927;573;917;36;132;60;8;286;no;si
20;mujer;5;educacion superior;rural;premium;561;1683;609;43;162;89;8;277;no;si
16;mujer;1;primaria;urbana;basico;260;1829;649;16;259;30;6;444;no;si
18;hombre;2;primaria;rural;premium;990;230;122;50;183;47;9;398;no;si
22;hombre;2;primaria;rural;medio;360;1375;746;51;94;20;2;473;si;no
33;mujer;5;secundaria;rural;premium;922;1895;357;18;84;47;1;355;no;no
49;hombre;3;secundaria;rural;premium;755;493;1296;41;277;25;6;225;no;si
80;hombre;4;educacion superior;urbana;premium;384;1122;31;47;292;84;6;500;no;si
39;hombre;4;educacion superior;rural;basico;709;858;205;60;145;30;5;383;no;si
17;hombre;1;secundaria;rural;medio;887;1103;347;15;204;90;9;97;no;si
54;mujer;5;primaria;rural;medio;374;1231;613;44;108;59;10;119;no;no
30;hombre;4;secundaria;urbana;premium;205;2000;972;25;106;39;7;441;no;si
31;mujer;6;educacion superior;urbana;basico;141;843;493;43;268;54;10;393;no;si
65;mujer;2;primaria;urbana;basico;731;73;937;35;169;94;4;346;no;si
34;hombre;4;educacion superior;urbana;medio;59;862;883;36;214;23;9;474;no;si
17;hombre;3;secundaria;urbana;medio;893;1609;1418;36;279;105;4;230;si;no
72;hombre;3;secundaria;urbana;basico;272;40;481;5;195;85;0;79;si;no
33;hombre;5;primaria;rural;premium;455;306;401;59;75;51;3;219;no;si
74;hombre;2;primaria;rural;medio;764;325;2;50;89;95;3;2;si;no
32;mujer;5;educacion superior;urbana;basico;273;1674;41;43;136;111;6;142;no;si
16;mujer;3;secundaria;rural;basico;694;1936;1031;59;90;119;4;338;no;si
36;mujer;6;educacion superior;rural;premium;117;251;940;24;284;24;9;435;si;no
21;hombre;1;educacion superior;urbana;medio;42;903;1337;16;281;41;1;55;no;no
18;hombre;5;secundaria;urbana;basico;92;1548;392;22;196;46;9;80;no;si
27;hombre;1;educacion superior;urbana;medio;436;764;266;59;189;110;8;366;no;si
69;hombre;2;secundaria;urbana;premium;40;1895;482;32;243;87;3;227;no;si
34;hombre;1;primaria;rural;premium;501;177;1479;11;58;99;5;418;no;no
25;hombre;1;educacion superior;urbana;basico;217;1898;847;56;256;87;3;24;no;no
27;hombre;5;secundaria;rural;basico;256;1163;1195;41;238;96;7;498;no;si
28;mujer;1;secundaria;rural;basico;142;1772;836;24;57;71;1;167;no;no
60;hombre;6;educacion superior;rural;medio;202;1137;78;30;184;2;7;15;no;no
38;hombre;3;primaria;rural;premium;191;789;427;46;151;113;7;306;no;si
52;hombre;5;educacion superior;urbana;medio;351;809;1398;44;229;10;6;69;no;si
33;mujer;5;educacion superior;rural;medio;38;434;1362;60;255;108;7;223;no;si
32;hombre;4;primaria;urbana;medio;883;1711;980;56;241;103;10;175;no;si
52;hombre;6;primaria;urbana;basico;434;1200;25;27;59;45;5;413;no;si
54;hombre;4;secundaria;rural;basico;129;1888;475;59;201;36;4;345;no;si
21;mujer;2;educacion superior;urbana;basico;338;1160;787;19;272;17;6;462;no;si
43;hombre;3;secundaria;urbana;medio;434;1916;8;56;283;71;6;111;no;no
35;hombre;3;primaria;rural;medio;895;1899;800;4;54;104;3;350;no;no
59;mujer;5;educacion superior;urbana;basico;168;1345;310;27;70;3;7;39;si;no
61;mujer;3;secundaria;rural;premium;660;1042;671;35;200;110;3;407;si;no
18;hombre;2;primaria;rural;basico;476;1050;778;53;120;61;9;391;no;si
41;mujer;2;educacion superior;rural;premium;546;356;719;47;203;80;6;329;no;no
77;hombre;6;primaria;urbana;basico;937;641;801;46;185;18;7;473;no;si
32;hombre;6;educacion superior;urbana;medio;163;1715;1350;55;235;51;10;88;no;si
28;mujer;3;educacion superior;urbana;basico;278;727;796;56;298;59;6;441;no;si
33;hombre;5;primaria;urbana;medio;904;257;1356;9;177;66;4;31;si;no
33;hombre;3;educacion superior;urbana;premium;828;1646;531;28;268;84;10;154;no;si
53;hombre;5;secundaria;rural;premium;296;1036;1066;29;225;55;7;278;no;si
59;hombre;3;secundaria;urbana;basico;746;384;511;50;174;111;7;94;no;si
49;hombre;2;educacion superior;urbana;medio;914;982;806;37;136;53;8;255;no;no
67;hombre;6;secundaria;urbana;medio;378;377;1422;54;204;44;6;265;no;si
43;mujer;2;educacion superior;rural;medio;833;1703;167;30;298;118;4;296;no;si
54;hombre;4;secundaria;urbana;premium;751;1545;194;21;97;50;7;454;no;si
76;mujer;1;secundaria;rural;medio;44;84;831;25;185;19;1;280;no;no
41;mujer;1;primaria;urbana;medio;384;1176;444;25;230;7;5;396;no;si
71;mujer;2;primaria;rural;medio;967;1065;709;46;256;16;3;112;si;no
21;hombre;6;educacion superior;urbana;premium;332;100;1191;57;154;8;6;251;no;si
44;mujer;1;educacion superior;rural;medio;363;1939;467;58;28;115;0;163;si;no
42;hombre;1;educacion superior;urbana;basico;959;1956;395;32;163;68;2;116;no;no
44;mujer;3;educacion superior;urbana;premium;704;167;635;31;275;44;8;336;no;si
46;mujer;2;primaria;rural;premium;249;575;653;37;138;88;3;362;si;no
68;hombre;4;educacion superior;urbana;basico;176;742;311;34;209;107;5;255;si;no
76;hombre;2;educacion superior;urbana;medio;773;1502;570;18;212;109;7;358;si;no
27;mujer;3;secundaria;rural;basico;174;378;876;27;64;62;3;451;no;si
78;mujer;5;primaria;urbana;medio;602;831;211;37;194;40;5;495;si;no
39;hombre;6;secundaria;urbana;medio;175;204;624;28;167;92;5;400;no;no
27;mujer;2;primaria;rural;basico;734;594;844;42;213;99;3;359;no;si
44;hombre;1;educacion superior;urbana;basico;524;156;1355;21;11;60;8;481;si;no
57;mujer;1;secundaria;urbana;premium;610;1232;930;4;5;43;9;245;si;no
50;mujer;3;educacion superior;urbana;medio;106;292;109;6;89;71;8;232;no;no
56;mujer;3;educacion superior;rural;medio;317;1911;220;28;144;62;3;396;no;si
63;hombre;4;educacion superior;urbana;medio;718;1905;745;47;285;19;4;309;no;si
27;hombre;6;secundaria;urbana;premium;163;354;25;52;234;73;7;417;no;si
68;hombre;6;educacion superior;rural;basico;750;1809;87;51;285;23;5;269;si;no
56;hombre;1;primaria;urbana;premium;905;1918;1091;32;264;27;7;463;no;no
44;mujer;4;primaria;urbana;premium;151;342;1295;52;224;81;9;394;si;no
75;hombre;5;educacion superior;rural;basico;567;1377;1051;49;136;32;4;238;no;si
47;mujer;2;secundaria;rural;premium;599;1623;721;18;97;120;9;400;no;si
32;mujer;3;educacion superior;rural;premium;267;1892;426;25;123;84;8;129;no;si
77;mujer;2;primaria;urbana;medio;42;931;782;32;296;104;6;437;no;si
39;hombre;5;primaria;rural;premium;542;1715;31;8;74;112;8;156;no;no
36;hombre;5;educacion superior;urbana;medio;402;32;1327;36;240;78;10;416;no;si
69;hombre;4;secundaria;rural;medio;777;1809;981;60;121;83;10;282;no;si
36;hombre;3;secundaria;rural;basico;554;243;460;58;78;12;6;134;si;no
39;hombre;6;secundaria;urbana;medio;730;503;1439;52;142;18;7;331;no;si
80;mujer;6;educacion superior;urbana;premium;462;1239;1;30;110;13;5;101;no;si
68;hombre;4;secundaria;rural;basico;84;52;382;59;4;56;0;9;si;no
67;hombre;1;educacion superior;urbana;premium;319;1772;1369;52;231;110;5;95;no;si
43;hombre;2;primaria;urbana;medio;836;440;448;21;194;74;10;440;no;si
39;mujer;2;educacion superior;urbana;premium;124;1083;512;19;267;25;5;139;no;si
28;mujer;5;primaria;urbana;basico;883;278;859;29;75;57;1;478;si;no
44;hombre;1;educacion superior;urbana;premium;579;37;974;28;12;56;8;67;no;no
20;hombre;3;educacion superior;rural;basico;694;410;1353;58;133;110;9;342;no;si
73;hombre;3;secundaria;urbana;basico;752;604;1068;27;278;82;6;374;no;si
76;hombre;3;secundaria;rural;basico;414;1323;741;50;111;39;6;429;si;no
60;mujer;6;secundaria;rural;premium;575;710;58;30;194;116;7;40;si;no
68;hombre;5;educacion superior;urbana;medio;197;1583;857;28;183;18;2;17;no;no
77;mujer;4;educacion superior;urbana;medio;686;897;1274;53;226;32;10;280;si;no
16;hombre;5;educacion superior;urbana;basico;535;1439;1028;36;109;47;7;275;no;si
41;hombre;1;secundaria;rural;basico;173;763;1205;10;135;92;1;429;si;no
74;hombre;5;educacion superior;rural;basico;497;299;724;49;238;66;3;118;no;si
44;mujer;3;secundaria;urbana;basico;196;915;650;21;237;32;5;180;no;si
56;hombre;2;educacion superior;urbana;medio;143;701;978;39;270;5;7;314;no;no
54;mujer;4;educacion superior;urbana;premium;579;1231;9;52;230;103;7;87;no;si
66;hombre;5;educacion superior;urbana;premium;827;1354;1452;43;108;83;9;131;no;no
62;hombre;3;secundaria;rural;medio;964;972;973;26;180;107;9;286;no;si
18;hombre;1;primaria;rural;medio;575;1408;506;5;53;98;2;4;no;no
74;hombre;2;secundaria;urbana;premium;541;1679;922;39;158;49;4;176;si;no
42;mujer;3;primaria;rural;medio;684;1122;46;53;223;51;9;258;no;no
75;hombre;6;primaria;rural;basico;936;1294;1366;39;181;1;6;452;no;si
48;hombre;2;primaria;urbana;medio;619;477;664;49;46;119;9;124;no;no
57;hombre;3;educacion superior;rural;basico;787;1294;1086;4;51;100;10;114;no;no
34;hombre;1;secundaria;urbana;basico;400;464;204;2;203;5;2;374;no;no
76;hombre;3;educacion superior;urbana;basico;189;1100;187;47;181;80;5;63;no;si
55;mujer;6;educacion superior;rural;basico;700;710;654;37;274;52;3;449;no;si
73;mujer;4;primaria;rural;medio;241;1620;1396;46;249;53;4;381;no;si
35;hombre;2;primaria;rural;premium;167;1553;238;32;6;49;2;142;si;no
26;hombre;2;primaria;rural;medio;983;1604;520;15;163;61;10;387;no;si
28;hombre;2;primaria;urbana;premium;426;1229;754;51;126;41;9;431;no;si
74;mujer;6;educacion superior;urbana;medio;369;1292;317;14;241;52;7;166;si;no
77;hombre;1;educacion superior;rural;medio;757;1605;1286;46;101;88;9;264;no;si
54;hombre;3;primaria;rural;medio;738;551;976;42;139;54;5;320;no;si
75;hombre;3;educacion superior;rural;medio;903;850;278;27;203;82;6;252;no;no
40;hombre;1;educacion superior;urbana;premium;723;1357;236;55;200;54;8;167;no;no
79;hombre;4;secundaria;urbana;medio;439;1422;58;21;55;119;10;264;no;si
29;mujer;1;secundaria;rural;premium;666;848;1379;46;250;12;6;132;no;si
40;hombre;3;secundaria;urbana;basico;612;476;550;6;39;5;7;183;si;no
73;hombre;1;primaria;rural;basico;174;961;432;41;297;108;8;85;no;si
59;mujer;5;educacion superior;rural;basico;250;1059;1101;20;14;104;10;325;si;no
79;mujer;5;primaria;urbana;basico;353;784;1216;57;168;37;10;295;no;si
40;hombre;4;educacion superior;urbana;basico;971;815;290;31;98;71;9;225;no;si
66;hombre;1;secundaria;rural;premium;937;1584;675;49;100;32;0;146;si;no
53;hombre;1;primaria;urbana;medio;828;1874;1262;46;236;92;3;235;si;no
61;hombre;6;secundaria;urbana;basico;781;511;567;26;14;96;1;498;no;no
36;hombre;3;primaria;rural;medio;399;224;310;31;264;77;9;96;no;si
46;hombre;6;secundaria;rural;premium;733;1753;175;54;268;114;10;456;no;si
28;mujer;5;secundaria;urbana;premium;189;105;431;58;54;25;10;312;no;no
61;hombre;6;primaria;urbana;medio;967;602;475;36;81;7;4;407;si;no
36;hombre;5;secundaria;rural;basico;933;322;1029;16;127;69;9;113;no;si
43;hombre;3;primaria;urbana;premium;138;1500;10;39;153;87;8;5;si;no
33;mujer;1;primaria;rural;medio;383;1052;424;29;242;101;3;76;no;si
79;hombre;2;secundaria;rural;medio;503;517;49;17;153;111;0;361;no;no
34;hombre;2;primaria;rural;premium;583;84;964;49;231;37;9;158;si;no
17;hombre;1;educacion superior;rural;premium;178;1362;148;22;99;95;4;207;no;si
67;hombre;3;primaria;urbana;premium;89;1291;748;57;278;74;5;158;no;si
66;hombre;6;secundaria;rural;basico;369;1021;988;53;264;83;8;117;no;si
29;hombre;5;educacion superior;urbana;basico;451;168;430;41;253;104;1;240;si;no
53;mujer;2;educacion superior;urbana;basico;70;248;1153;60;254;1;3;342;no;si
78;hombre;2;educacion superior;rural;basico;29;918;907;12;126;97;6;278;si;no
56;hombre;2;secundaria;urbana;basico;569;224;805;42;172;9;8;105;no;si
44;hombre;6;secundaria;urbana;medio;966;694;579;41;93;87;2;455;no;no
16;hombre;2;primaria;urbana;basico;95;76;1432;48;2;94;2;328;no;no
25;hombre;1;primaria;urbana;premium;127;187;313;32;281;36;1;264;no;no
78;hombre;5;primaria;urbana;premium;460;124;699;39;72;90;3;222;no;si
66;mujer;1;educacion superior;rural;premium;601;1821;407;10;14;13;5;207;no;no
75;mujer;5;primaria;rural;basico;525;1613;1444;42;292;103;8;102;no;si
63;hombre;5;educacion superior;rural;premium;251;1552;421;1;246;104;9;58;si;no
80;hombre;4;educacion superior;urbana;basico;806;1202;248;47;292;95;2;164;no;no
39;hombre;3;educacion superior;urbana;premium;544;892;676;36;75;53;5;320;no;no
41;hombre;6;educacion superior;rural;medio;278;1299;896;45;217;43;5;228;no;no
64;hombre;5;educacion superior;rural;premium;707;365;111;39;198;79;8;171;no;si
78;mujer;3;secundaria;rural;basico;532;160;1357;55;196;4;6;473;no;si
26;mujer;1;primaria;urbana;basico;85;1339;266;25;272;106;4;393;no;si
35;mujer;1;secundaria;urbana;basico;34;593;1217;0;194;82;8;143;si;no
37;hombre;5;secundaria;urbana;medio;706;1248;1092;6;176;75;2;251;no;no
39;mujer;6;primaria;rural;basico;387;576;582;54;300;110;8;317;no;si
54;hombre;1;primaria;rural;basico;183;943;1336;45;145;82;7;185;no;si
46;hombre;6;primaria;rural;medio;305;1015;33;20;257;110;7;14;no;no
18;hombre;2;primaria;rural;premium;835;485;1401;33;215;29;5;81;no;no
36;hombre;1;primaria;rural;basico;457;831;520;34;217;33;1;170;no;no
34;hombre;3;secundaria;rural;medio;122;242;315;51;147;18;4;181;no;si
38;hombre;5;secundaria;urbana;medio;894;837;516;28;175;108;3;379;no;si
56;hombre;4;secundaria;rural;basico;197;915;713;42;192;25;10;328;no;si
68;mujer;2;secundaria;rural;medio;352;164;805;57;47;14;2;479;no;no
73;hombre;3;secundaria;rural;basico;559;1514;511;55;54;86;4;430;no;si
17;hombre;1;primaria;urbana;basico;751;1290;22;13;42;28;0;96;si;no
36;hombre;1;primaria;urbana;basico;743;1874;1360;40;58;90;7;345;no;no
69;hombre;6;educacion superior;rural;medio;220;561;375;26;183;40;5;219;no;si
39;hombre;3;primaria;rural;medio;581;189;1210;48;296;19;0;7;si;no
65;mujer;3;secundaria;urbana;medio;252;946;1366;20;240;41;6;441;no;si
80;mujer;2;educacion superior;urbana;premium;536;690;307;20;49;82;8;178;no;no
21;mujer;3;primaria;urbana;premium;829;1427;641;52;226;78;10;125;no;si
49;hombre;1;secundaria;urbana;medio;324;1428;1210;55;272;34;9;243;no;si
23;mujer;3;primaria;urbana;basico;679;3;1014;4;224;74;3;124;no;no
40;hombre;1;secundaria;urbana;premium;362;182;687;32;202;19;3;114;si;no
18;hombre;5;primaria;urbana;medio;218;829;267;28;181;20;7;289;no;si
68;hombre;5;secundaria;rural;medio;969;1352;790;60;81;55;9;82;no;si
43;hombre;4;primaria;urbana;premium;90;1768;116;47;106;118;5;375;no;si
38;hombre;5;primaria;urbana;medio;466;1840;113;52;214;50;10;240;no;si
29;hombre;2;educacion superior;urbana;premium;146;1792;628;4;25;22;5;63;no;no
63;mujer;4;primaria;rural;medio;492;1701;881;42;166;49;5;212;si;no
76;hombre;5;secundaria;urbana;medio;221;219;1092;15;98;20;7;432;no;si
78;hombre;1;primaria;urbana;basico;585;662;741;41;235;15;4;334;no;no
69;hombre;4;primaria;urbana;premium;518;1793;127;38;83;15;3;148;no;si
56;hombre;5;primaria;rural;basico;224;511;486;24;268;22;3;159;no;no
62;hombre;5;educacion superior;urbana;medio;307;468;1210;38;168;119;3;219;no;si
71;mujer;3;secundaria;urbana;premium;735;1779;674;25;101;101;7;156;no;si
65;hombre;6;educacion superior;urbana;premium;36;403;621;15;244;77;2;238;no;no
27;mujer;5;primaria;rural;medio;511;1686;238;28;203;96;8;356;si;no
76;hombre;1;primaria;rural;basico;733;40;98;51;223;1;9;90;no;si
18;hombre;3;primaria;rural;medio;310;96;1427;42;105;93;9;495;no;si
16;hombre;5;secundaria;rural;medio;538;986;775;15;288;22;4;64;no;si
53;hombre;2;primaria;rural;premium;183;591;1374;28;120;116;9;129;no;si
55;mujer;5;educacion superior;rural;basico;139;1183;71;36;117;92;4;121;no;si
42;hombre;1;educacion superior;rural;premium;594;1873;574;52;181;21;7;239;si;no
47;hombre;4;secundaria;urbana;premium;875;1477;517;15;74;106;5;75;no;si
22;hombre;1;secundaria;rural;basico;361;909;534;22;24;106;3;407;no;no
67;hombre;3;educacion superior;urbana;medio;233;734;318;19;178;59;10;74;no;si
60;hombre;6;educacion superior;rural;medio;651;569;682;21;203;3;9;182;no;no
79;mujer;4;primaria;rural;premium;34;1774;1300;53;241;20;7;9;no;no
51;hombre;5;secundaria;urbana;premium;837;1062;669;46;151;8;3;470;no;si
68;mujer;2;primaria;urbana;premium;580;650;385;40;215;70;7;108;no;si
42;mujer;2;educacion superior;rural;basico;909;1781;1038;24;288;7;9;493;no;no
66;mujer;6;primaria;urbana;premium;899;132;1100;53;75;1;5;424;no;si
43;hombre;1;secundaria;urbana;medio;99;656;531;36;142;31;6;260;no;si
60;hombre;3;secundaria;urbana;medio;596;817;860;22;229;48;6;365;no;si
69;hombre;1;educacion superior;rural;basico;884;148;677;33;205;71;7;438;no;no
63;hombre;5;primaria;rural;premium;862;268;442;22;262;78;3;92;no;si
43;hombre;6;secundaria;urbana;medio;390;1101;842;16;97;12;3;277;no;si
74;hombre;4;educacion superior;urbana;medio;599;1391;369;41;158;114;4;441;no;si
39;hombre;5;educacion superior;urbana;basico;135;610;110;2;17;66;7;384;si;no
27;mujer;3;secundaria;urbana;premium;150;58;126;51;212;51;10;74;no;si
71;mujer;5;secundaria;urbana;basico;848;1973;488;7;155;3;10;406;no;no
64;hombre;1;educacion superior;rural;premium;856;1173;165;29;285;53;10;233;si;no
71;hombre;6;educacion superior;urbana;basico;473;1676;1182;37;103;55;10;263;no;si
34;hombre;4;primaria;rural;medio;33;1350;185;44;76;61;4;105;no;si
27;hombre;4;secundaria;urbana;premium;109;967;983;42;194;93;8;183;no;si
35;mujer;3;secundaria;rural;premium;0;1928;810;29;96;99;9;259;no;si
19;hombre;2;primaria;urbana;medio;107;385;445;56;231;17;3;340;no;si
76;hombre;1;secundaria;urbana;basico;574;1047;1044;19;299;117;7;292;no;no
27;hombre;2;secundaria;urbana;premium;179;1057;375;58;152;100;1;287;si;no
19;hombre;5;educacion superior;urbana;medio;129;389;395;47;107;10;6;482;no;si
50;mujer;2;educacion superior;urbana;basico;148;789;149;2;213;26;4;364;si;no
31;hombre;1;educacion superior;rural;basico;839;1012;1295;18;294;107;5;440;no;si
18;hombre;2;secundaria;urbana;basico;705;202;1377;60;101;55;8;68;no;no
51;hombre;3;primaria;urbana;basico;995;986;216;29;217;14;3;312;no;si
53;hombre;6;educacion superior;rural;medio;731;1044;95;4;21;115;5;173;si;no
27;mujer;1;primaria;urbana;premium;968;528;932;34;300;56;6;91;no;no
76;hombre;1;educacion superior;rural;basico;439;1416;1119;30;228;8;4;98;no;si
21;hombre;3;primaria;urbana;premium;368;1156;128;60;296;68;1;236;no;no
68;hombre;3;primaria;rural;basico;807;872;1445;13;102;14;6;144;no;no
43;hombre;1;primaria;rural;medio;574;1410;1081;10;260;4;10;106;no;no
41;hombre;5;secundaria;urbana;basico;101;1740;1296;37;2;111;7;379;si;no
49;hombre;4;primaria;rural;basico;775;320;968;17;140;5;2;209;si;no
47;hombre;2;secundaria;urbana;premium;858;1591;808;45;8;19;4;111;no;no
52;hombre;3;secundaria;rural;medio;918;585;354;47;219;91;9;84;no;si
63;hombre;4;primaria;urbana;medio;0;344;309;54;219;52;8;40;si;no
51;mujer;5;educacion superior;rural;medio;855;157;383;26;148;46;10;193;no;si
43;hombre;2;primaria;urbana;medio;257;1994;391;16;226;75;8;110;no;si
23;hombre;4;educacion superior;rural;medio;622;943;952;37;270;88;5;499;no;si
36;mujer;4;secundaria;urbana;basico;935;1658;35;46;68;25;7;154;no;si
33;mujer;5;educacion superior;rural;basico;58;790;863;37;209;95;8;397;si;no
74;hombre;6;secundaria;rural;medio;928;1971;1165;31;237;66;0;248;si;no
80;mujer;2;educacion superior;urbana;medio;227;1493;1385;46;144;86;5;355;si;no
77;hombre;6;primaria;rural;medio;54;130;659;49;161;53;3;331;no;si
67;hombre;3;educacion superior;urbana;basico;321;1214;1269;44;176;110;4;50;no;si
57;hombre;3;secundaria;urbana;basico;354;998;896;37;270;120;9;374;no;si
48;hombre;5;secundaria;urbana;medio;796;1491;1384;58;171;16;5;306;no;si
79;hombre;2;secundaria;urbana;medio;747;1735;527;16;16;57;7;260;no;no
47;mujer;4;secundaria;urbana;medio;96;40;1191;37;66;7;10;469;no;si
79;hombre;4;primaria;rural;medio;253;302;1181;5;105;116;6;422;si;no
65;hombre;5;primaria;rural;premium;953;558;1260;20;201;84;5;429;no;si
18;hombre;1;primaria;urbana;basico;641;1688;558;59;281;3;10;420;no;si
33;mujer;3;educacion superior;rural;medio;105;1607;1403;15;290;15;10;178;si;no
32;hombre;4;educacion superior;urbana;basico;919;1987;866;7;241;18;7;87;si;no
18;hombre;2;secundaria;urbana;basico;119;1181;1349;37;291;78;4;273;no;no
21;hombre;6;secundaria;urbana;medio;17;754;850;2;85;31;6;251;si;no
58;mujer;5;educacion superior;rural;basico;136;682;389;20;205;82;5;135;no;si
42;mujer;5;primaria;urbana;basico;262;35;988;19;212;30;3;167;si;no
59;hombre;5;educacion superior;rural;basico;36;1815;1230;1;203;14;10;207;si;no
44;mujer;6;educacion superior;rural;premium;319;1523;514;60;8;98;1;318;si;no
57;hombre;5;primaria;urbana;premium;207;552;105;13;160;33;6;354;si;no
45;hombre;1;primaria;rural;basico;342;522;1387;41;166;65;5;390;no;si
75;hombre;3;primaria;rural;medio;942;1547;768;57;29;16;5;168;no;no
65;hombre;1;educacion superior;urbana;premium;697;1574;1274;48;269;114;10;106;no;no
54;mujer;3;primaria;rural;basico;128;360;1212;47;219;50;7;415;no;si
27;mujer;3;primaria;rural;premium;168;1027;403;28;187;53;9;296;no;si
59;mujer;6;educacion superior;rural;medio;913;1105;202;7;147;56;6;245;si;no
71;hombre;5;secundaria;urbana;medio;956;453;201;48;22;41;3;295;no;no
56;hombre;3;primaria;rural;medio;471;1317;866;17;132;48;4;144;no;si
18;hombre;4;secundaria;rural;medio;530;1451;807;16;255;81;9;145;no;si
34;hombre;2;secundaria;rural;medio;390;1193;45;51;65;10;3;403;no;si
65;mujer;2;educacion superior;rural;premium;722;1030;946;44;151;66;9;413;no;si
52;mujer;3;educacion superior;rural;medio;960;134;970;39;139;49;9;289;no;si
59;hombre;4;secundaria;rural;medio;183;131;1266;29;96;53;6;198;no;si
31;hombre;5;primaria;urbana;medio;125;1830;1455;20;212;81;10;491;no;si
16;hombre;6;secundaria;urbana;medio;256;1146;1378;54;269;3;6;96;no;si
79;mujer;2;secundaria;urbana;premium;300;198;1482;22;170;55;3;334;no;si
66;mujer;3;educacion superior;urbana;basico;192;451;1003;2;76;74;5;143;no;no
46;mujer;6;primaria;urbana;basico;597;1246;403;43;77;106;3;363;no;si
65;hombre;2;primaria;rural;premium;692;1024;522;57;263;23;10;322;no;si
47;hombre;2;secundaria;rural;premium;879;531;985;32;281;104;3;235;no;no
50;mujer;6;educacion superior;urbana;premium;698;730;108;60;160;3;3;220;no;si
70;hombre;2;secundaria;urbana;medio;240;930;1341;33;79;72;8;61;si;no
53;mujer;5;secundaria;rural;premium;498;510;558;55;26;6;8;275;no;no
61;hombre;3;educacion superior;rural;medio;323;1791;429;20;128;107;5;458;no;si
35;hombre;1;primaria;urbana;premium;310;720;43;47;267;65;9;60;no;no
44;mujer;4;secundaria;urbana;medio;456;876;894;10;187;2;1;221;no;no
23;hombre;4;educacion superior;urbana;premium;820;487;879;15;78;84;10;143;no;si
46;hombre;3;primaria;urbana;premium;598;1018;268;33;245;13;8;55;no;si
64;mujer;1;primaria;urbana;basico;461;650;1168;58;90;92;8;189;no;si
65;mujer;4;secundaria;urbana;medio;513;1674;214;31;196;87;10;183;no;si
52;hombre;2;primaria;rural;premium;461;1170;1202;28;125;74;8;67;no;si
68;hombre;5;primaria;urbana;basico;346;1377;1319;28;59;44;8;175;no;si
24;hombre;3;educacion superior;urbana;basico;414;1422;1303;41;247;2;10;402;no;si
21;hombre;5;secundaria;rural;medio;501;1948;278;31;174;82;4;266;no;si
67;mujer;6;secundaria;rural;medio;125;1433;1347;58;267;69;8;9;si;no
79;mujer;4;educacion superior;urbana;medio;161;714;1016;30;194;42;3;208;no;no
61;hombre;1;educacion superior;rural;premium;554;574;711;2;75;93;8;163;si;no
22;hombre;2;secundaria;rural;premium;937;653;304;6;281;31;4;141;no;no
41;mujer;6;primaria;urbana;basico;525;1012;789;5;149;69;9;274;no;no
53;mujer;1;primaria;rural;premium;199;1942;960;21;97;120;7;241;no;no
72;hombre;5;secundaria;urbana;premium;640;1974;365;18;276;110;10;90;no;si
55;hombre;6;primaria;urbana;medio;816;41;203;20;94;19;3;291;no;si
39;hombre;3;educacion superior;urbana;basico;974;405;1163;42;79;28;6;290;no;si
74;hombre;5;educacion superior;rural;medio;407;535;472;32;221;110;9;134;no;no
56;hombre;2;educacion superior;urbana;medio;78;944;313;22;100;57;8;148;no;si
63;hombre;3;secundaria;urbana;premium;33;887;998;20;277;13;8;91;no;si
74;hombre;5;primaria;rural;premium;784;1481;918;0;112;62;4;65;no;no
30;hombre;5;secundaria;urbana;premium;259;996;163;53;73;38;6;78;no;si
43;hombre;3;educacion superior;urbana;basico;74;901;728;57;284;98;7;371;no;si
42;hombre;6;secundaria;rural;medio;411;972;347;46;75;31;10;342;si;no
64;mujer;5;secundaria;rural;premium;933;37;723;36;290;35;3;226;no;no
28;mujer;5;educacion superior;rural;medio;795;956;40;21;52;64;9;252;no;no
32;hombre;1;educacion superior;urbana;basico;758;1987;1351;59;176;118;3;349;no;no
80;mujer;5;educacion superior;rural;medio;566;799;1327;42;156;41;7;317;no;si
64;mujer;3;educacion superior;urbana;medio;724;571;1396;34;97;87;7;59;no;si
53;mujer;5;primaria;urbana;medio;866;402;413;36;102;77;9;335;no;si
37;mujer;3;primaria;rural;basico;689;1744;1489;58;191;90;6;353;si;no
45;mujer;5;secundaria;urbana;medio;545;893;1284;56;113;120;5;150;no;si
44;hombre;3;educacion superior;rural;premium;52;820;253;52;251;4;10;328;no;si
40;hombre;2;primaria;urbana;premium;778;452;991;23;242;10;8;283;no;si
64;mujer;3;educacion superior;urbana;medio;913;274;946;33;127;62;4;310;no;si
39;hombre;4;secundaria;rural;basico;751;343;676;8;266;52;1;252;no;no
16;mujer;1;primaria;rural;basico;334;639;385;59;65;48;4;440;no;no
58;mujer;6;educacion superior;rural;basico;361;1506;1221;22;173;12;0;158;no;no
76;hombre;1;secundaria;rural;premium;185;1775;553;59;293;75;6;204;no;si
57;mujer;4;educacion superior;rural;premium;244;647;68;33;231;25;9;499;no;si
46;hombre;3;secundaria;urbana;basico;405;1199;90;18;151;93;8;167;no;si
74;hombre;3;primaria;rural;medio;846;1719;86;35;177;9;3;492;no;si
27;hombre;4;educacion superior;urbana;medio;965;800;1285;43;62;104;4;221;no;si
39;mujer;3;primaria;rural;medio;850;301;688;17;64;60;8;437;no;si
39;mujer;6;secundaria;urbana;premium;265;121;375;36;144;100;1;388;si;no
78;hombre;3;educacion superior;urbana;basico;515;291;188;45;58;69;6;355;si;no
56;hombre;4;secundaria;rural;medio;307;528;1362;12;139;5;9;324;si;no
51;hombre;4;secundaria;urbana;basico;319;1216;251;26;280;73;9;50;no;si
67;hombre;4;educacion superior;rural;basico;366;1904;14;54;168;17;8;394;no;no
68;hombre;5;secundaria;urbana;premium;514;555;1095;20;170;57;8;469;no;si
77;hombre;1;primaria;rural;medio;184;623;596;19;145;110;6;235;si;no
31;hombre;2;educacion superior;urbana;basico;551;747;455;16;197;12;4;357;no;si
20;hombre;1;secundaria;rural;premium;539;613;551;43;193;117;7;479;no;si
64;hombre;4;secundaria;urbana;basico;934;1973;353;24;103;101;5;277;no;si
52;hombre;4;primaria;urbana;premium;198;1637;304;31;204;34;3;150;no;no
37;hombre;5;educacion superior;rural;medio;977;1562;119;35;58;58;4;85;no;si
21;hombre;2;secundaria;urbana;basico;209;1388;1153;59;98;22;2;286;no;no
50;hombre;4;educacion superior;rural;basico;750;601;530;33;222;19;9;282;si;no
28;hombre;6;primaria;urbana;premium;328;16;940;40;139;38;4;114;no;si
47;hombre;4;secundaria;rural;basico;185;1768;916;50;95;107;3;103;no;si
57;mujer;2;educacion superior;rural;premium;795;1217;1016;18;136;35;0;238;si;no
21;hombre;3;primaria;rural;premium;100;1355;295;2;42;112;5;403;no;no
51;mujer;4;educacion superior;urbana;medio;301;623;543;60;177;38;10;89;no;si
58;hombre;6;secundaria;urbana;medio;537;71;168;39;297;79;4;100;no;si
57;mujer;2;educacion superior;urbana;premium;650;875;1468;42;166;49;0;345;no;no
43;hombre;2;primaria;rural;premium;687;808;1375;34;82;33;2;186;no;no
19;mujer;6;secundaria;urbana;premium;495;1761;57;49;128;44;4;464;no;si
60;mujer;1;educacion superior;urbana;basico;476;1951;588;20;113;34;5;485;no;si
22;hombre;1;primaria;urbana;premium;972;682;295;28;288;44;8;104;no;si
27;hombre;6;primaria;urbana;basico;14;1869;396;51;206;105;10;418;no;si
53;hombre;4;educacion superior;rural;basico;384;1188;408;55;69;60;5;422;no;si
23;hombre;4;secundaria;urbana;premium;659;895;1297;46;291;14;2;489;no;no
69;hombre;5;educacion superior;urbana;basico;726;1468;1097;44;18;60;5;199;no;no
51;hombre;1;secundaria;urbana;basico;495;671;212;17;235;14;3;279;no;si
28;mujer;5;educacion superior;rural;medio;191;1868;55;37;282;46;9;322;no;si
30;mujer;4;secundaria;urbana;medio;54;1869;1016;41;214;59;10;152;no;no
36;hombre;2;educacion superior;urbana;premium;143;356;1251;42;122;36;9;197;no;si
51;hombre;1;secundaria;urbana;premium;719;1023;573;41;216;107;6;284;no;si
77;hombre;3;educacion superior;rural;medio;113;1314;713;1;192;49;4;193;si;no
65;hombre;3;educacion superior;rural;premium;706;1602;1265;46;134;73;8;234;no;si
66;hombre;1;secundaria;rural;medio;224;524;833;59;233;18;1;264;si;no
80;mujer;6;primaria;urbana;basico;565;1235;362;35;106;8;9;121;no;si
45;hombre;4;primaria;rural;premium;471;1637;748;26;255;58;9;343;no;si
23;hombre;5;secundaria;urbana;basico;905;874;94;11;35;102;7;343;si;no
36;mujer;6;primaria;urbana;medio;974;212;734;35;52;119;6;432;no;si
55;hombre;3;secundaria;urbana;basico;391;866;55;34;249;48;7;96;no;si
24;hombre;4;educacion superior;urbana;basico;48;1154;1447;7;23;47;0;347;no;no
61;hombre;1;secundaria;rural;medio;572;1000;710;24;217;16;1;382;si;no
78;hombre;4;primaria;urbana;medio;68;1480;593;31;233;9;7;254;no;si
26;hombre;5;educacion superior;rural;medio;754;845;966;38;119;17;8;234;no;si
23;hombre;6;secundaria;rural;medio;263;1085;1033;42;264;95;9;285;no;si
75;hombre;1;secundaria;rural;basico;489;1209;822;26;126;57;9;333;no;si
22;mujer;3;primaria;urbana;basico;935;1932;1041;26;109;86;3;84;no;si
37;hombre;5;educacion superior;urbana;premium;923;1455;1286;12;36;2;7;495;no;no
36;mujer;5;secundaria;urbana;medio;52;1719;409;22;136;66;5;248;no;si
74;hombre;1;secundaria;rural;premium;33;995;646;38;172;47;4;163;no;no
57;hombre;1;primaria;rural;premium;224;1591;1170;52;249;52;8;245;si;no
66;hombre;1;educacion superior;urbana;basico;98;785;1381;29;199;36;5;215;no;si
59;hombre;6;educacion superior;rural;medio;35;317;350;60;149;108;6;102;no;si
46;hombre;4;primaria;rural;basico;213;1366;433;17;139;40;10;331;no;si
57;hombre;2;secundaria;urbana;medio;918;602;1119;58;51;46;4;378;no;si
26;mujer;3;primaria;urbana;premium;299;1596;741;34;199;74;10;384;no;si
25;mujer;6;secundaria;urbana;basico;183;577;709;41;63;26;5;319;no;si
35;hombre;2;secundaria;rural;basico;964;674;11;19;165;14;10;173;no;si
36;hombre;5;secundaria;rural;premium;143;185;411;57;268;81;8;172;si;no
39;hombre;4;educacion superior;rural;medio;182;676;764;49;73;81;3;400;no;si
21;hombre;4;primaria;rural;premium;423;633;774;18;245;39;10;490;no;si
49;mujer;3;primaria;urbana;medio;546;993;1011;9;77;86;2;192;no;no
30;hombre;5;educacion superior;rural;basico;491;1601;320;57;196;55;8;157;no;si
49;hombre;3;secundaria;rural;medio;883;1044;919;56;182;101;5;448;no;si
45;hombre;5;primaria;urbana;premium;917;1665;429;27;174;70;3;242;no;si
46;hombre;4;secundaria;rural;premium;31;404;1482;9;260;47;10;95;si;no
52;hombre;4;primaria;rural;basico;790;1394;1308;47;103;47;7;373;no;no
65;hombre;3;primaria;rural;basico;989;1855;263;52;130;108;9;468;no;no
66;hombre;2;secundaria;urbana;basico;504;501;255;24;141;63;6;52;no;si
55;hombre;6;educacion superior;urbana;premium;555;403;1264;39;238;67;4;65;no;no
70;mujer;5;secundaria;urbana;premium;713;414;1034;8;112;93;1;297;no;no
38;mujer;6;educacion superior;rural;medio;340;1097;1379;16;300;88;8;138;no;si
76;mujer;5;secundaria;rural;medio;468;472;780;53;113;38;3;178;no;si
25;hombre;1;educacion superior;urbana;basico;878;180;1451;13;206;98;9;264;no;no
23;hombre;1;primaria;rural;basico;412;1846;121;52;297;86;10;162;si;no
39;hombre;5;secundaria;rural;medio;823;1019;1419;46;189;107;2;355;si;no
60;hombre;4;secundaria;urbana;medio;658;1770;118;40;156;120;8;291;no;si
55;hombre;1;educacion superior;rural;basico;127;761;1194;51;61;73;7;404;no;si
38;mujer;6;educacion superior;urbana;basico;882;1467;628;50;169;19;7;460;no;si
67;hombre;2;primaria;rural;premium;884;1158;336;19;106;45;4;490;no;no
21;hombre;6;secundaria;urbana;medio;425;1121;233;23;149;98;0;122;no;no
50;hombre;1;primaria;urbana;medio;213;1642;928;37;191;22;8;285;si;no
71;hombre;4;primaria;rural;basico;355;1728;1052;58;154;17;4;460;no;si
77;mujer;1;secundaria;rural;premium;811;1070;1432;9;99;59;0;477;si;no
59;hombre;2;educacion superior;rural;medio;165;1270;1482;20;17;7;0;9;no;no
53;mujer;4;secundaria;rural;medio;344;1519;980;45;14;110;7;32;si;no
39;hombre;3;educacion superior;rural;medio;904;260;96;26;158;87;7;66;no;si
36;hombre;6;primaria;rural;basico;61;1758;803;31;150;111;8;138;no;si
20;hombre;4;educacion superior;rural;medio;730;1390;850;12;179;98;2;35;no;no
77;hombre;3;educacion superior;rural;medio;632;118;1447;26;199;102;1;296;no;no
46;hombre;3;secundaria;urbana;premium;900;977;1084;56;211;63;9;496;no;si
36;hombre;6;educacion superior;urbana;basico;843;254;1319;56;53;2;9;246;no;si
69;hombre;6;educacion superior;rural;basico;690;1960;723;44;262;24;4;68;no;si
60;hombre;6;educacion superior;rural;medio;338;1546;977;16;72;113;5;55;si;no
66;hombre;1;educacion superior;urbana;medio;996;1056;582;38;167;18;9;303;no;si
26;hombre;6;educacion superior;rural;medio;864;1750;204;37;243;96;8;422;no;si
17;hombre;5;secundaria;rural;basico;346;1647;641;2;219;48;0;476;no;no
77;mujer;2;educacion superior;rural;medio;313;1239;606;16;4;41;5;368;no;no
77;hombre;2;educacion superior;urbana;basico;307;2;823;50;45;20;8;225;si;no
49;mujer;4;secundaria;urbana;basico;646;526;1163;54;76;28;0;144;si;no
80;hombre;2;educacion superior;urbana;premium;440;725;365;27;218;66;4;226;no;si
73;hombre;2;educacion superior;rural;basico;15;1270;169;55;141;108;5;274;no;si
76;hombre;1;educacion superior;rural;medio;881;87;526;13;268;51;9;43;si;no
60;hombre;6;primaria;rural;basico;231;1278;1127;53;294;22;9;201;no;no
21;mujer;2;primaria;rural;medio;0;133;553;52;220;20;5;156;no;no
73;hombre;1;primaria;rural;premium;817;1290;1169;43;273;17;9;462;no;si
80;hombre;1;educacion superior;urbana;medio;389;1246;1488;25;217;87;1;262;no;no
49;mujer;5;secundaria;urbana;premium;871;8;105;53;197;97;6;454;no;si
40;mujer;1;educacion superior;rural;medio;992;996;1143;7;176;18;9;299;no;no
57;mujer;3;educacion superior;urbana;medio;19;528;1357;20;9;1;6;49;si;no
36;hombre;4;secundaria;urbana;basico;770;715;1319;24;128;34;6;443;si;no
40;hombre;6;educacion superior;urbana;premium;189;398;1058;28;62;111;3;138;no;si
21;hombre;2;primaria;urbana;medio;843;1954;600;19;279;97;7;385;si;no
32;hombre;2;secundaria;rural;premium;256;845;972;42;70;10;7;54;si;no
48;mujer;5;secundaria;rural;premium;642;172;312;56;160;71;9;466;no;si
27;hombre;3;secundaria;urbana;medio;533;546;1012;44;233;11;6;370;no;si
24;hombre;3;primaria;urbana;basico;341;804;1132;16;200;118;10;433;no;si
73;hombre;2;secundaria;rural;medio;604;1803;1023;15;211;70;6;56;no;si
27;hombre;4;educacion superior;urbana;premium;724;661;986;51;33;14;10;212;si;no
20;hombre;6;secundaria;rural;medio;716;1575;1332;14;277;69;3;106;no;no
37;mujer;3;educacion superior;urbana;premium;81;1864;347;34;85;53;4;302;no;si
34;hombre;4;educacion superior;rural;medio;260;1165;1456;39;153;78;3;394;no;si
30;mujer;3;secundaria;rural;basico;522;1869;957;18;156;115;9;479;si;no
31;mujer;5;secundaria;rural;premium;727;815;1004;45;208;40;9;70;no;si
75;mujer;1;secundaria;urbana;premium;488;1347;654;0;160;12;5;471;si;no
40;hombre;1;primaria;urbana;basico;648;1241;288;26;50;49;9;82;no;si
68;mujer;2;secundaria;urbana;medio;455;1749;428;56;124;82;5;77;no;no
70;hombre;1;educacion superior;urbana;premium;860;201;207;35;243;10;9;293;no;si
73;hombre;4;secundaria;urbana;premium;156;1372;746;43;147;68;6;348;no;si
24;hombre;4;secundaria;urbana;medio;309;65;1421;48;99;87;8;77;no;si
68;hombre;4;primaria;rural;medio;86;1917;246;0;5;60;10;214;no;no
21;hombre;2;secundaria;urbana;premium;972;885;1297;46;197;81;6;349;no;si
35;mujer;3;educacion superior;rural;premium;452;1288;159;50;68;89;2;155;si;no
43;hombre;4;primaria;rural;medio;310;1948;143;46;167;67;9;128;no;si
38;hombre;1;secundaria;rural;premium;675;721;869;47;115;61;10;222;no;si
29;hombre;6;secundaria;rural;medio;235;1262;683;59;169;40;8;318;no;si
65;mujer;2;primaria;urbana;premium;856;504;1230;37;145;81;4;179;no;si
22;mujer;5;secundaria;urbana;premium;819;615;276;30;23;96;3;430;no;no
36;hombre;2;educacion superior;urbana;premium;552;647;1053;23;215;101;1;105;si;no
51;hombre;2;secundaria;rural;premium;925;814;1473;40;228;96;7;232;no;si
74;mujer;1;secundaria;urbana;basico;152;1637;1136;25;294;84;2;391;si;no
25;hombre;6;educacion superior;urbana;premium;335;1395;235;27;283;49;9;119;no;no
36;hombre;2;educacion superior;rural;basico;632;594;404;22;69;79;0;497;si;no
24;mujer;2;secundaria;rural;basico;882;1197;834;21;114;18;6;233;no;si
59;hombre;3;educacion superior;urbana;premium;433;1756;817;35;152;105;4;428;no;no
71;mujer;5;educacion superior;rural;basico;671;132;358;60;270;53;4;284;si;no
71;hombre;1;primaria;urbana;premium;444;548;57;18;189;36;5;424;no;si
34;mujer;5;secundaria;rural;basico;813;1722;1211;10;59;81;9;308;si;no
38;hombre;2;secundaria;urbana;medio;704;1867;142;15;27;89;7;84;si;no
75;hombre;5;secundaria;rural;medio;540;1697;163;3;265;8;8;100;si;no
54;hombre;1;secundaria;rural;medio;150;427;1041;46;155;56;1;331;no;no
76;hombre;6;primaria;urbana;medio;1000;1277;300;6;238;111;8;58;si;no
19;hombre;5;educacion superior;rural;premium;241;1713;791;31;81;8;6;61;no;no
35;hombre;1;educacion superior;rural;premium;879;1564;299;16;276;7;9;165;no;no
28;mujer;4;educacion superior;rural;premium;877;1350;64;29;200;57;4;349;no;si
78;hombre;5;primaria;urbana;basico;791;1146;1351;46;141;20;6;438;si;no
54;hombre;3;secundaria;urbana;medio;535;1995;405;32;165;59;9;156;no;si
66;hombre;4;educacion superior;urbana;basico;339;143;960;13;289;16;9;129;no;no
20;hombre;3;secundaria;rural;basico;613;1886;1009;19;216;65;5;242;si;no
66;hombre;2;primaria;urbana;premium;643;1087;140;29;275;15;4;325;si;no
44;mujer;2;secundaria;rural;medio;107;1720;502;29;276;37;3;250;no;si
47;mujer;6;primaria;urbana;premium;967;581;352;36;124;103;6;179;no;si
55;mujer;6;educacion superior;rural;premium;654;19;813;23;112;110;6;134;si;no
37;hombre;3;educacion superior;rural;premium;316;1637;1098;27;205;45;4;217;no;si
21;mujer;1;secundaria;rural;premium;916;1424;1471;48;258;112;8;184;no;no
78;hombre;6;primaria;urbana;medio;475;380;1478;16;183;47;3;484;no;si
27;mujer;2;primaria;rural;premium;328;687;239;13;43;12;10;172;no;no
48;hombre;4;primaria;urbana;premium;399;1038;828;40;70;97;0;282;si;no
80;hombre;4;secundaria;urbana;premium;323;1964;102;1;37;38;2;147;si;no
21;hombre;1;educacion superior;urbana;medio;132;955;31;18;186;101;9;290;no;no
57;mujer;2;educacion superior;rural;medio;307;94;753;20;237;46;5;142;si;no
44;hombre;1;secundaria;rural;basico;491;88;1054;56;202;46;10;447;no;no
21;hombre;4;educacion superior;rural;basico;769;1639;575;42;193;7;2;60;no;no
30;mujer;1;educacion superior;urbana;basico;624;1354;118;50;244;2;1;46;no;no
23;mujer;2;primaria;rural;premium;331;1795;626;16;296;74;0;246;no;no
74;hombre;2;primaria;urbana;basico;830;114;822;32;221;5;0;39;si;no
43;hombre;4;secundaria;rural;basico;97;1754;987;11;281;61;1;212;no;no
63;hombre;2;primaria;rural;medio;217;1171;1346;18;55;36;3;317;no;si
63;hombre;6;primaria;rural;basico;904;1078;254;5;134;82;4;371;si;no
80;hombre;6;primaria;rural;premium;813;823;645;47;190;37;8;348;no;no
35;hombre;6;educacion superior;urbana;basico;644;1711;1032;38;227;35;8;179;no;no
56;hombre;6;secundaria;rural;medio;390;1311;309;24;118;85;3;459;no;si
75;hombre;1;secundaria;rural;premium;108;1427;136;40;255;59;8;239;no;no
22;mujer;1;secundaria;rural;medio;837;1828;979;55;223;66;6;379;no;si
77;hombre;6;secundaria;urbana;medio;779;1415;433;35;45;72;1;191;si;no
75;hombre;6;primaria;rural;premium;546;1360;1322;16;34;48;3;315;no;no
19;hombre;4;primaria;rural;medio;121;2000;110;7;63;104;0;402;si;no
48;hombre;6;educacion superior;urbana;basico;182;164;240;20;206;20;10;463;no;si
49;hombre;2;secundaria;urbana;medio;261;73;982;16;218;44;8;169;no;si
36;mujer;1;primaria;rural;medio;889;1402;1131;55;130;26;5;386;no;si
76;hombre;1;secundaria;urbana;medio;130;204;1090;3;45;34;9;10;no;no
79;hombre;2;primaria;urbana;basico;364;1369;1202;54;216;72;10;228;no;si
77;hombre;3;educacion superior;rural;medio;896;1088;1459;27;6;24;2;105;si;no
16;hombre;6;primaria;urbana;basico;608;984;141;59;268;82;2;301;no;no
60;mujer;6;secundaria;urbana;medio;984;863;1418;18;264;109;9;472;no;si
27;hombre;3;educacion superior;urbana;premium;613;558;1360;30;140;117;9;223;si;no
28;hombre;4;educacion superior;urbana;medio;345;1454;1216;21;122;52;4;100;no;si
57;hombre;4;primaria;rural;medio;1000;620;85;23;290;62;9;441;no;si
72;mujer;2;educacion superior;rural;basico;332;1030;263;59;50;118;9;43;si;no
65;hombre;2;secundaria;rural;basico;171;246;314;16;293;55;7;431;no;no
53;mujer;4;educacion superior;rural;basico;930;421;1317;22;53;51;4;454;no;si
46;mujer;6;educacion superior;urbana;medio;179;1223;714;13;236;62;0;482;no;no
64;hombre;6;educacion superior;urbana;medio;669;1114;668;44;194;100;10;268;no;si
59;hombre;5;educacion superior;urbana;premium;412;1923;558;55;56;111;8;497;no;si
70;mujer;6;secundaria;urbana;premium;633;1659;197;6;222;81;7;182;si;no
45;mujer;5;primaria;urbana;premium;781;1224;809;59;266;37;10;53;no;si
72;mujer;1;educacion superior;rural;basico;532;1008;111;23;200;117;9;240;no;no
30;mujer;2;educacion superior;urbana;basico;883;90;604;43;266;106;4;138;no;si
71;hombre;4;educacion superior;rural;medio;28;1268;1459;5;32;5;7;276;no;no
35;mujer;6;primaria;rural;medio;537;22;1332;8;108;27;2;304;no;no
34;hombre;6;primaria;rural;basico;422;982;254;55;288;71;4;145;no;no
73;mujer;4;secundaria;rural;basico;953;1165;1217;25;166;92;5;65;no;si
19;mujer;1;secundaria;urbana;basico;177;925;769;46;189;105;6;426;si;no
62;hombre;2;educacion superior;rural;medio;559;1359;840;49;300;27;7;105;si;no
29;mujer;6;educacion superior;rural;medio;538;1366;410;20;260;15;10;63;no;si
25;hombre;2;primaria;rural;basico;634;1499;28;44;184;48;7;366;no;si
49;hombre;3;educacion superior;rural;basico;722;1639;418;46;183;89;8;129;si;no
50;mujer;3;primaria;urbana;basico;25;602;458;48;248;42;5;413;no;si
48;hombre;1;secundaria;rural;premium;978;747;580;4;207;74;7;127;no;no
17;mujer;5;educacion superior;urbana;medio;117;280;987;20;243;7;5;179;si;no
61;mujer;6;educacion superior;rural;premium;891;1240;723;39;223;87;7;95;no;no
42;hombre;4;primaria;rural;medio;162;963;1365;9;251;116;9;335;no;no
53;hombre;2;educacion superior;rural;basico;186;1555;78;35;222;42;4;77;no;no
35;hombre;2;primaria;rural;premium;522;208;1168;21;153;88;3;403;no;si
28;hombre;1;primaria;urbana;premium;149;550;51;25;214;74;5;228;no;si
16;hombre;3;secundaria;rural;basico;529;660;1076;24;129;49;9;313;no;si
50;hombre;2;primaria;urbana;medio;668;988;1094;26;89;113;0;136;no;no
68;mujer;6;educacion superior;rural;basico;932;1243;1452;43;196;116;4;174;no;si
66;mujer;2;secundaria;urbana;basico;506;1020;773;52;98;8;5;373;no;si
52;hombre;3;secundaria;rural;premium;36;971;512;6;108;36;3;123;no;no
50;mujer;5;secundaria;rural;medio;751;1477;906;37;93;31;5;241;no;si
76;mujer;5;educacion superior;rural;medio;968;1259;600;28;256;29;7;183;no;no
52;hombre;1;primaria;urbana;basico;603;646;1423;38;68;35;5;183;no;si
58;mujer;6;secundaria;rural;premium;660;1948;285;57;105;53;7;7;no;no
16;hombre;4;secundaria;rural;premium;770;20;371;47;81;14;0;303;no;no
35;hombre;6;primaria;urbana;medio;703;507;840;35;49;88;7;148;no;no
74;hombre;3;secundaria;rural;medio;823;1689;1347;59;71;47;7;67;no;si
16;hombre;2;secundaria;rural;medio;884;1615;1020;56;57;1;3;71;no;si
74;mujer;5;educacion superior;urbana;medio;7;820;1180;49;115;120;9;115;no;si
42;hombre;4;educacion superior;rural;premium;132;1758;721;12;109;89;6;373;si;no
49;mujer;3;educacion superior;rural;basico;512;412;539;16;120;115;0;30;si;no
47;hombre;4;secundaria;urbana;basico;588;996;218;48;259;20;7;356;no;no
44;mujer;3;primaria;rural;basico;871;1541;769;10;251;36;6;87;si;no
60;mujer;6;primaria;urbana;medio;724;437;1;22;102;26;9;144;si;no
34;hombre;3;secundaria;urbana;basico;25;689;182;10;255;110;9;278;si;no
55;hombre;1;primaria;rural;basico;834;386;461;15;280;50;3;404;no;no
69;hombre;1;educacion superior;urbana;premium;278;531;642;9;57;50;7;74;no;no
21;hombre;6;educacion superior;rural;medio;495;869;195;46;193;68;5;210;no;si
45;hombre;6;primaria;urbana;basico;291;252;23;48;226;104;10;315;no;no
72;hombre;2;educacion superior;rural;medio;123;119;1204;48;138;5;4;233;no;si
64;mujer;4;secundaria;rural;premium;365;698;253;18;266;80;6;186;no;si
42;hombre;2;primaria;rural;medio;221;1442;498;21;167;117;5;493;no;si
64;mujer;1;primaria;urbana;medio;994;214;1296;32;243;75;5;224;no;si
56;hombre;5;educacion superior;rural;basico;105;461;538;60;21;101;1;9;no;no
30;hombre;3;primaria;rural;medio;925;750;1056;40;71;4;10;374;no;si
17;hombre;6;educacion superior;rural;basico;366;1304;264;24;273;110;1;431;no;no
49;mujer;3;secundaria;urbana;basico;913;316;167;29;134;87;8;117;no;no
75;mujer;5;secundaria;urbana;premium;1;944;1125;48;163;55;4;175;no;si
67;hombre;5;secundaria;urbana;premium;784;249;1424;17;178;90;3;319;no;si
55;hombre;1;educacion superior;rural;basico;319;324;1318;3;135;30;0;6;si;no
19;hombre;3;educacion superior;urbana;basico;221;606;123;38;143;16;4;453;no;si
30;hombre;5;educacion superior;urbana;premium;941;1030;1063;17;169;90;9;485;no;si
44;hombre;4;secundaria;urbana;premium;5;461;614;38;117;65;9;429;no;no
45;mujer;1;primaria;urbana;premium;672;1970;564;10;108;73;7;60;no;no
47;hombre;6;secundaria;urbana;medio;519;1645;1094;44;258;2;3;6;no;no
44;hombre;2;educacion superior;urbana;medio;451;1144;1399;13;144;87;0;491;no;no
50;hombre;2;educacion superior;urbana;premium;446;1119;978;59;230;69;9;397;no;si
37;hombre;3;primaria;rural;basico;924;708;949;41;291;33;4;444;no;si
18;mujer;1;educacion superior;rural;medio;5;1185;644;21;286;23;5;303;no;si
79;mujer;6;educacion superior;rural;basico;423;1904;1024;18;7;11;1;7;no;no
68;hombre;6;secundaria;urbana;premium;845;470;565;37;61;78;6;115;no;si
64;hombre;4;educacion superior;rural;premium;621;84;1040;0;274;112;8;407;no;no
55;hombre;6;primaria;urbana;medio;917;445;1117;18;106;117;8;143;no;si
39;mujer;5;educacion superior;rural;basico;658;1043;376;12;25;14;0;323;si;no
58;hombre;5;primaria;rural;basico;961;1229;1301;27;232;49;9;435;no;no
47;hombre;4;primaria;rural;basico;538;512;422;44;143;9;8;229;no;si
54;hombre;4;primaria;urbana;basico;839;1914;105;41;197;29;6;405;no;no
29;hombre;2;secundaria;urbana;medio;277;1552;92;30;291;86;9;216;si;no
38;hombre;3;primaria;rural;medio;585;1695;1362;22;61;56;8;401;no;si
52;mujer;5;educacion superior;rural;basico;199;165;742;22;199;32;1;178;si;no
48;hombre;6;secundaria;urbana;premium;126;94;1091;7;110;32;1;364;no;no
32;hombre;6;primaria;rural;premium;451;1238;1261;15;116;34;8;346;no;si
17;hombre;2;secundaria;urbana;premium;140;1043;1192;10;101;97;2;280;si;no
42;hombre;2;educacion superior;urbana;medio;115;121;1477;12;188;51;10;310;no;no
28;mujer;5;secundaria;rural;basico;148;681;1032;58;123;22;6;74;no;no
76;hombre;2;primaria;urbana;premium;715;1240;1005;46;277;100;4;306;no;si
31;hombre;5;secundaria;rural;basico;186;496;1175;60;237;66;3;193;no;no
30;mujer;4;secundaria;urbana;basico;169;1133;495;17;287;12;5;150;no;no
59;mujer;1;secundaria;rural;medio;420;320;884;15;233;21;5;327;no;si
31;hombre;5;secundaria;urbana;basico;596;1383;169;54;203;6;5;377;no;si
52;hombre;5;secundaria;rural;basico;41;414;650;37;1;43;0;416;si;no
35;hombre;3;primaria;urbana;medio;72;850;1322;59;295;56;3;71;no;si
59;hombre;2;secundaria;urbana;basico;179;319;401;55;153;50;2;86;si;no
63;hombre;3;educacion superior;rural;premium;798;1580;324;60;226;69;8;466;no;si
62;hombre;6;educacion superior;rural;medio;533;1397;400;42;112;5;8;172;no;si
75;hombre;6;secundaria;rural;premium;625;1484;716;24;178;27;8;235;no;si
51;hombre;5;primaria;urbana;medio;489;758;1468;32;145;118;7;126;no;si
53;hombre;4;educacion superior;urbana;premium;393;1209;1283;36;83;83;5;345;si;no
42;hombre;6;educacion superior;urbana;medio;658;34;1395;35;90;90;8;66;no;si
25;mujer;5;secundaria;urbana;basico;105;1080;761;16;123;72;8;318;no;si
40;hombre;5;primaria;rural;medio;972;1444;1418;13;30;118;6;447;si;no
47;hombre;5;secundaria;urbana;basico;777;539;106;15;97;101;7;444;no;no
53;hombre;1;educacion superior;rural;premium;741;1407;652;38;220;43;8;456;no;si
54;mujer;1;educacion superior;rural;medio;395;1817;1185;19;75;30;4;387;no;si
76;mujer;1;primaria;urbana;premium;13;405;953;43;178;83;8;350;no;si
65;hombre;2;educacion superior;urbana;premium;771;271;1445;24;231;117;5;407;no;si
16;mujer;6;secundaria;rural;basico;284;1996;762;51;201;30;5;305;no;si
31;mujer;4;educacion superior;rural;medio;982;1806;495;41;216;22;4;297;no;si
63;hombre;1;educacion superior;rural;basico;852;1041;252;14;124;28;4;218;no;no
40;hombre;2;educacion superior;rural;basico;933;632;1443;57;210;7;3;164;no;no
20;hombre;1;secundaria;rural;medio;6;1042;486;50;241;4;6;368;no;si
60;mujer;3;secundaria;urbana;medio;797;62;46;23;111;25;3;213;no;si
22;hombre;3;educacion superior;urbana;premium;283;1439;1098;21;177;52;4;326;no;si
60;mujer;5;secundaria;rural;medio;387;1742;689;32;214;39;8;133;no;si
35;mujer;5;secundaria;rural;premium;710;114;1228;29;117;86;3;207;no;si
63;hombre;3;secundaria;urbana;premium;622;1501;315;34;102;117;3;307;no;no
33;hombre;5;primaria;urbana;premium;330;1066;1260;52;206;83;3;51;no;si
69;hombre;5;educacion superior;urbana;medio;768;1211;720;15;66;114;3;223;no;si
39;hombre;4;primaria;rural;basico;575;945;986;47;248;46;10;382;no;no
39;mujer;6;educacion superior;rural;medio;119;1095;282;35;41;111;6;82;no;no
50;hombre;2;primaria;urbana;basico;459;1792;135;59;195;97;6;190;no;si
65;hombre;4;primaria;rural;premium;815;1666;1404;52;225;15;8;307;si;no
75;mujer;1;primaria;rural;premium;46;688;1119;41;85;113;10;32;si;no
34;hombre;6;primaria;urbana;basico;9;1939;977;10;150;94;10;179;no;no
22;hombre;5;educacion superior;urbana;medio;761;547;1325;44;153;26;8;183;si;no
16;hombre;2;primaria;urbana;basico;913;1482;610;49;281;45;10;156;no;no
43;hombre;4;educacion superior;urbana;medio;165;500;488;35;12;89;0;121;si;no
22;hombre;1;educacion superior;rural;premium;389;1236;909;59;272;10;3;294;no;si
69;hombre;6;secundaria;urbana;premium;319;1220;855;43;179;42;3;282;no;si
23;hombre;5;secundaria;urbana;medio;431;208;1483;54;77;64;5;286;no;no
44;hombre;3;primaria;urbana;basico;547;353;757;50;245;115;8;356;no;no
72;hombre;2;educacion superior;urbana;medio;558;568;895;43;212;93;7;213;si;no
44;hombre;1;educacion superior;rural;premium;998;303;544;43;174;27;9;208;no;si
38;hombre;4;primaria;urbana;premium;941;1334;1346;37;69;45;5;134;no;no
69;hombre;5;secundaria;rural;premium;705;1288;591;21;234;34;3;385;no;no
36;mujer;5;primaria;rural;premium;62;99;1075;25;253;51;6;437;no;no
68;mujer;2;educacion superior;rural;medio;347;1519;1169;40;232;1;1;118;no;no
35;hombre;6;educacion superior;rural;medio;507;1270;619;21;36;54;9;156;no;no
42;hombre;4;educacion superior;urbana;premium;566;915;1499;56;50;69;8;319;si;no
45;hombre;2;secundaria;urbana;basico;77;1181;800;25;160;11;7;383;no;si
79;hombre;6;educacion superior;urbana;medio;59;1873;756;38;213;3;7;19;no;no
68;hombre;4;secundaria;rural;premium;277;1868;472;46;151;110;5;79;si;no
36;hombre;4;primaria;rural;premium;795;1704;1256;0;217;35;1;41;si;no
66;mujer;2;primaria;rural;basico;239;1996;1315;37;251;103;0;8;si;no
66;mujer;2;educacion superior;urbana;medio;277;1887;947;42;183;25;4;292;no;no
38;mujer;1;primaria;rural;basico;946;1432;909;8;180;102;0;486;si;no
37;hombre;1;primaria;urbana;premium;825;1707;606;54;276;39;8;352;no;si
55;hombre;4;educacion superior;rural;basico;788;957;297;43;165;77;1;90;no;no
40;mujer;1;secundaria;urbana;premium;606;444;1215;15;130;83;8;268;no;si
72;mujer;4;primaria;rural;premium;267;1260;70;59;174;45;3;294;no;si
41;hombre;2;educacion superior;urbana;medio;381;342;888;17;221;68;6;389;no;si
67;mujer;4;secundaria;urbana;basico;636;815;1183;38;102;57;3;97;no;si
52;hombre;3;educacion superior;rural;basico;39;1890;256;12;83;104;3;51;no;no
63;hombre;1;educacion superior;rural;basico;739;1403;818;19;110;66;6;414;no;si
48;mujer;6;educacion superior;urbana;basico;997;921;173;41;236;57;9;266;no;si
16;hombre;3;secundaria;rural;medio;630;1444;616;28;215;100;10;63;no;si
66;hombre;2;secundaria;rural;premium;304;1649;975;25;293;44;8;374;no;si
67;hombre;4;primaria;urbana;premium;94;694;1091;17;297;107;7;125;no;si
28;mujer;6;secundaria;rural;premium;394;1478;726;55;194;61;4;431;no;si
65;hombre;5;secundaria;rural;basico;59;1084;1222;35;220;92;7;273;si;no
70;hombre;3;primaria;rural;medio;713;1135;867;11;9;91;1;374;si;no
49;mujer;2;primaria;urbana;medio;594;1314;420;54;280;94;2;171;no;no
65;hombre;5;secundaria;rural;basico;84;179;22;0;126;89;2;91;no;no
50;hombre;3;primaria;urbana;medio;601;1665;934;47;250;92;3;217;no;si
36;hombre;2;educacion superior;urbana;premium;797;1973;320;19;226;75;3;100;no;no
56;hombre;1;secundaria;rural;premium;675;661;906;19;173;40;3;408;no;si
43;hombre;5;primaria;rural;medio;190;1656;406;58;119;69;10;483;si;no
46;hombre;4;educacion superior;rural;premium;676;648;692;44;230;97;9;278;si;no
77;mujer;4;secundaria;urbana;basico;968;750;1039;42;248;21;7;180;no;si
57;hombre;6;secundaria;rural;basico;306;397;770;33;128;35;4;1;no;no
35;hombre;4;primaria;rural;premium;444;639;250;19;217;44;9;263;no;si
17;hombre;5;secundaria;urbana;basico;292;940;596;16;147;109;8;391;no;si
34;mujer;5;primaria;rural;medio;729;995;415;15;71;49;8;289;no;si
39;mujer;6;secundaria;urbana;medio;924;1982;1500;15;294;42;6;80;no;si
31;hombre;6;primaria;urbana;premium;587;345;35;42;150;69;7;486;no;no
16;hombre;1;primaria;urbana;premium;179;663;928;16;258;51;8;308;no;si
75;mujer;5;educacion superior;urbana;premium;377;465;1188;16;181;44;1;10;no;no
16;mujer;2;educacion superior;rural;basico;367;1557;997;21;90;18;4;56;no;si
78;hombre;3;primaria;rural;medio;72;1093;270;38;78;87;5;319;no;si
41;hombre;3;secundaria;rural;basico;491;1593;1365;60;159;52;9;207;no;si
32;hombre;5;educacion superior;rural;medio;231;823;560;9;195;111;2;89;si;no
64;hombre;1;primaria;urbana;premium;873;22;1343;28;159;92;3;81;si;no
75;hombre;2;educacion superior;urbana;premium;775;459;74;36;72;82;1;268;no;no
78;mujer;2;educacion superior;urbana;medio;883;463;1163;48;56;19;9;357;no;si
60;hombre;6;primaria;urbana;basico;811;205;1293;1;107;80;8;281;no;no
38;hombre;5;primaria;urbana;medio;489;1275;1166;40;200;88;5;423;no;si
74;hombre;4;primaria;urbana;basico;367;328;46;36;228;17;9;137;no;si
32;mujer;3;secundaria;rural;basico;892;655;444;29;86;117;7;492;no;no
69;hombre;5;secundaria;rural;medio;557;1313;1316;45;217;43;3;259;no;si
53;hombre;4;secundaria;urbana;medio;407;1591;727;50;268;64;6;419;no;si
16;mujer;2;educacion superior;urbana;premium;951;919;128;25;261;72;3;137;no;si
68;hombre;4;secundaria;rural;premium;998;1366;975;38;3;55;8;439;no;no
58;hombre;3;educacion superior;rural;premium;417;654;1425;49;293;66;3;266;no;no
79;hombre;5;secundaria;urbana;premium;845;1225;149;3;168;30;9;265;si;no
64;mujer;6;educacion superior;urbana;premium;142;1502;1432;18;105;108;9;470;si;no
24;hombre;4;educacion superior;urbana;medio;955;1667;830;9;155;54;10;298;si;no
70;mujer;5;educacion superior;rural;premium;895;1436;222;10;214;119;10;364;no;no
75;mujer;5;educacion superior;rural;medio;631;971;1417;30;230;90;6;74;no;si
23;hombre;3;educacion superior;rural;premium;710;814;1267;20;112;29;7;186;no;no
72;hombre;5;primaria;rural;medio;895;1277;40;39;213;112;4;411;no;si
66;hombre;2;secundaria;rural;medio;540;381;524;15;289;14;2;199;si;no
71;mujer;2;primaria;urbana;premium;682;1685;807;17;284;83;3;352;no;si
58;mujer;2;educacion superior;urbana;premium;436;1165;234;39;102;49;9;278;no;si
33;mujer;4;educacion superior;rural;medio;831;1801;890;22;260;111;5;88;no;si
33;mujer;2;primaria;urbana;medio;287;142;1194;42;200;12;10;334;no;si
55;mujer;1;educacion superior;urbana;basico;185;1711;1145;40;169;109;9;114;si;no
18;hombre;4;educacion superior;rural;premium;223;1033;919;50;262;50;4;200;no;si
37;hombre;2;secundaria;urbana;basico;908;1163;1197;20;264;92;3;283;no;si
66;hombre;1;primaria;rural;medio;230;754;868;27;38;51;6;269;no;no
28;hombre;4;primaria;urbana;premium;137;1868;1351;25;68;108;6;467;no;si
73;hombre;2;primaria;urbana;premium;201;1481;17;54;195;102;6;400;no;si
75;hombre;5;secundaria;urbana;premium;701;1600;1265;43;215;109;1;2;no;no
20;hombre;6;secundaria;rural;premium;445;646;420;26;76;71;7;149;no;si
45;mujer;2;secundaria;urbana;medio;943;858;748;21;228;56;1;429;si;no
46;hombre;2;secundaria;urbana;premium;95;1952;1180;34;30;77;1;2;si;no
21;hombre;6;educacion superior;urbana;premium;762;1706;874;23;289;29;4;336;no;si
36;hombre;4;secundaria;rural;basico;569;1103;169;23;85;113;10;128;no;si
70;hombre;5;secundaria;urbana;basico;249;584;983;17;171;87;0;400;no;no
38;hombre;6;educacion superior;rural;basico;265;0;329;52;113;80;7;215;no;si
37;mujer;3;primaria;rural;premium;260;1944;1232;36;217;83;6;154;no;si
75;hombre;5;primaria;rural;medio;504;1573;743;2;241;71;0;121;si;no
57;hombre;2;educacion superior;rural;medio;356;1030;724;56;109;11;5;300;no;si
35;mujer;2;primaria;rural;basico;807;759;925;51;61;3;8;253;no;no
66;mujer;1;educacion superior;urbana;basico;376;23;156;45;215;1;0;421;no;no
70;hombre;1;educacion superior;rural;medio;232;1388;702;8;212;98;7;73;si;no
47;hombre;6;secundaria;urbana;premium;492;405;723;15;98;73;4;132;no;no
25;mujer;5;secundaria;urbana;premium;204;1339;1418;37;206;28;9;218;no;si
79;hombre;1;primaria;urbana;medio;77;979;671;16;79;57;9;484;si;no
41;hombre;4;secundaria;urbana;basico;1000;1450;888;28;129;9;6;104;no;no
23;mujer;1;primaria;rural;premium;685;1826;227;57;167;5;5;238;no;si
31;hombre;2;educacion superior;rural;medio;157;1989;222;18;226;99;10;265;no;si
24;mujer;4;educacion superior;rural;basico;324;1367;554;35;97;46;9;265;no;si
49;hombre;4;primaria;rural;premium;88;596;1215;26;122;58;7;57;no;si
31;mujer;6;educacion superior;rural;premium;309;78;1491;3;279;76;1;388;no;no
68;hombre;2;primaria;urbana;medio;64;1280;1099;17;48;72;10;499;si;no
48;hombre;3;educacion superior;urbana;basico;829;1963;1245;20;201;65;9;453;no;si
32;hombre;6;primaria;urbana;premium;440;1565;110;17;122;6;6;99;no;si
21;mujer;4;educacion superior;urbana;premium;514;437;1369;2;66;7;9;92;no;no
50;hombre;4;secundaria;rural;basico;776;526;88;48;284;17;4;60;no;si
69;mujer;1;primaria;rural;basico;362;1851;1279;54;130;69;9;232;si;no
78;mujer;4;secundaria;urbana;medio;21;374;1061;19;246;82;9;102;no;si
43;hombre;4;primaria;rural;basico;958;1310;1152;28;84;10;4;11;no;no
63;hombre;4;primaria;urbana;medio;447;86;1109;46;111;110;4;289;no;si
65;mujer;3;educacion superior;urbana;premium;833;1217;987;51;99;83;10;373;no;si
62;mujer;4;educacion superior;rural;medio;380;313;147;21;207;28;6;451;no;si
63;hombre;1;secundaria;urbana;premium;441;1711;63;11;49;67;2;106;no;no
45;hombre;2;secundaria;rural;basico;598;1170;204;45;72;106;1;19;no;no
47;hombre;3;educacion superior;urbana;basico;627;1058;151;37;261;77;8;50;si;no
32;hombre;6;educacion superior;rural;medio;990;899;1190;27;38;14;10;267;si;no
77;hombre;4;primaria;urbana;basico;904;611;313;21;263;114;2;210;si;no
63;hombre;6;secundaria;urbana;basico;371;1403;334;17;108;120;9;163;no;si
51;mujer;5;secundaria;urbana;basico;175;1754;256;58;299;23;8;14;si;no
34;hombre;4;secundaria;urbana;basico;880;1206;54;31;129;68;7;319;no;si
68;hombre;2;secundaria;rural;medio;248;1701;3;18;192;26;9;181;no;si
40;hombre;3;educacion superior;rural;premium;630;1333;774;29;102;44;4;499;si;no
24;hombre;6;primaria;rural;basico;401;912;556;51;104;2;9;279;si;no
43;hombre;4;secundaria;urbana;premium;33;888;842;59;273;43;10;450;no;si
19;hombre;6;educacion superior;rural;premium;438;312;1485;22;132;78;8;330;si;no
45;hombre;3;educacion superior;rural;premium;735;1026;1123;33;104;84;10;214;no;si
48;hombre;2;educacion superior;urbana;medio;275;1051;1032;49;150;66;5;201;no;si
60;hombre;3;educacion superior;rural;premium;477;1459;114;49;223;6;3;290;no;si
70;hombre;1;secundaria;rural;basico;841;146;305;23;97;109;3;490;no;no
16;hombre;2;primaria;rural;basico;262;498;793;47;141;26;9;281;no;si
27;hombre;3;educacion superior;urbana;basico;59;196;1327;48;264;25;2;90;si;no
28;hombre;4;primaria;rural;basico;188;940;1224;60;85;95;4;103;no;si
33;hombre;6;educacion superior;rural;medio;971;1716;80;39;168;51;6;118;no;si
78;hombre;1;secundaria;rural;basico;546;262;596;49;291;89;9;216;no;si
44;mujer;5;primaria;rural;premium;4;199;855;33;270;89;0;292;si;no
67;hombre;5;secundaria;urbana;basico;912;1704;996;16;98;56;7;415;no;si
37;hombre;6;secundaria;rural;premium;427;902;1429;1;266;42;1;304;no;no
56;mujer;5;secundaria;urbana;premium;220;1923;362;32;293;15;3;1;no;no
30;mujer;6;secundaria;urbana;premium;473;1788;873;39;139;8;1;182;si;no
23;hombre;5;secundaria;rural;medio;262;1575;1423;23;274;100;4;467;no;si
33;mujer;2;educacion superior;urbana;medio;105;1914;1379;60;76;10;5;79;no;si
60;hombre;2;primaria;urbana;medio;165;801;677;57;91;85;7;428;no;si
69;hombre;4;secundaria;urbana;medio;570;483;999;12;234;38;10;31;si;no
43;mujer;5;primaria;urbana;medio;877;1116;1201;40;155;102;6;428;no;no
56;mujer;3;primaria;rural;basico;884;1410;1042;59;264;103;4;376;si;no
35;hombre;6;educacion superior;rural;medio;408;410;1195;24;276;49;1;202;si;no
53;hombre;2;primaria;rural;basico;128;1078;228;42;187;48;9;100;no;si
32;mujer;4;primaria;urbana;basico;632;1285;1468;1;281;46;10;19;si;no
38;mujer;4;primaria;urbana;medio;470;893;1120;53;209;65;5;81;no;no
34;hombre;3;primaria;urbana;premium;669;1624;740;44;164;52;5;499;no;si
80;hombre;1;primaria;rural;basico;951;1320;698;51;74;97;7;167;no;no
49;hombre;4;educacion superior;rural;basico;47;466;1135;28;105;53;3;133;no;si
45;hombre;4;primaria;rural;basico;214;1123;1273;35;90;95;8;25;si;no
68;mujer;3;primaria;urbana;premium;162;1972;1223;15;171;32;5;290;no;si
27;hombre;1;secundaria;urbana;basico;289;759;219;38;130;94;7;107;no;no
76;hombre;4;primaria;rural;premium;243;942;935;50;112;63;7;346;no;si
48;hombre;6;secundaria;rural;basico;726;1284;766;23;199;68;2;45;si;no
64;mujer;4;secundaria;urbana;premium;800;326;160;50;132;8;8;446;no;si
18;hombre;4;primaria;urbana;basico;930;642;1007;50;86;80;1;223;si;no
78;hombre;3;educacion superior;urbana;premium;514;1229;1117;50;9;95;4;34;si;no
38;hombre;3;secundaria;rural;medio;372;837;93;23;182;60;10;88;no;si
39;mujer;3;secundaria;rural;basico;725;1094;1443;22;20;64;1;328;si;no
66;mujer;3;secundaria;rural;premium;120;414;1455;8;191;69;2;435;no;no
73;hombre;5;primaria;urbana;medio;200;1370;594;46;63;30;4;257;no;si
17;mujer;3;secundaria;urbana;premium;439;1365;535;47;181;91;4;177;no;si
27;hombre;5;educacion superior;urbana;premium;144;1733;823;37;290;74;5;57;si;no
18;hombre;4;educacion superior;urbana;medio;203;1041;357;27;191;65;6;165;no;si
16;hombre;4;secundaria;rural;premium;427;88;1228;5;94;40;6;235;no;no
27;hombre;1;secundaria;urbana;basico;484;677;179;26;238;42;4;472;no;si
72;hombre;3;secundaria;urbana;basico;684;798;538;21;288;65;7;254;si;no
48;hombre;2;primaria;urbana;premium;957;1664;333;35;148;19;6;190;no;si
67;hombre;6;educacion superior;urbana;basico;457;645;1010;34;255;36;5;491;no;si
58;hombre;1;primaria;rural;basico;655;329;983;25;269;59;6;464;si;no
40;hombre;3;educacion superior;urbana;basico;373;976;542;60;192;68;0;175;no;no
73;hombre;4;secundaria;urbana;basico;870;550;426;57;121;118;5;333;no;no
50;mujer;1;educacion superior;rural;premium;851;1279;1257;54;106;36;1;492;si;no
55;mujer;4;educacion superior;urbana;medio;804;1010;824;31;283;26;8;115;no;si
47;hombre;5;secundaria;rural;basico;256;586;1331;47;145;73;4;157;no;si
46;mujer;4;primaria;rural;medio;553;1665;866;17;261;116;1;17;no;no
42;hombre;1;primaria;urbana;basico;315;673;102;20;193;21;7;100;no;no
72;mujer;3;educacion superior;urbana;basico;28;453;534;5;271;20;3;162;si;no
16;hombre;5;educacion superior;rural;basico;223;1711;870;54;122;56;4;479;si;no
35;mujer;4;primaria;urbana;medio;89;1652;1206;42;66;11;3;158;no;si
67;hombre;1;primaria;urbana;premium;873;50;740;58;11;66;4;300;si;no
47;hombre;2;educacion superior;rural;medio;583;1885;146;11;10;6;2;452;no;no
31;hombre;1;secundaria;urbana;premium;983;748;1215;31;245;46;1;75;no;no
32;hombre;6;primaria;urbana;basico;525;996;482;20;33;56;0;113;no;no
79;mujer;2;primaria;urbana;medio;447;1728;888;26;196;111;5;330;no;no
39;hombre;6;educacion superior;urbana;medio;742;1594;1453;46;113;120;7;118;no;si
66;mujer;4;secundaria;rural;medio;916;1735;1335;41;30;56;8;148;si;no
35;hombre;3;educacion superior;urbana;basico;227;911;360;25;235;46;3;160;no;si
73;mujer;6;educacion superior;urbana;medio;238;543;1259;25;284;90;4;364;no;si
71;hombre;2;educacion superior;rural;medio;942;1826;1090;37;289;50;4;471;no;no
24;mujer;3;primaria;rural;premium;892;969;606;24;114;6;7;423;no;si
28;hombre;5;primaria;rural;premium;384;830;356;39;55;80;2;203;no;no
55;hombre;2;educacion superior;rural;premium;915;320;1229;29;177;112;6;301;no;si
77;hombre;3;secundaria;rural;basico;805;1076;390;25;275;15;5;190;no;si
80;hombre;5;primaria;urbana;medio;141;1604;192;55;136;1;8;144;no;si
65;mujer;2;primaria;urbana;medio;70;217;1150;32;12;59;9;224;no;no
63;hombre;2;secundaria;urbana;basico;215;596;846;28;249;51;3;226;si;no
72;mujer;5;primaria;urbana;basico;921;364;998;54;238;31;5;426;si;no
35;mujer;3;educacion superior;urbana;basico;565;869;1074;45;124;91;3;363;no;si
76;hombre;5;primaria;urbana;basico;904;1466;1236;31;223;101;6;343;no;si
58;hombre;1;primaria;urbana;premium;436;5;565;59;132;84;2;235;si;no
52;hombre;4;secundaria;rural;premium;485;364;896;32;226;68;10;481;si;no
53;hombre;1;primaria;urbana;medio;753;904;568;41;198;57;1;277;si;no
49;hombre;2;primaria;urbana;basico;286;629;501;60;134;110;3;179;no;si
56;mujer;2;educacion superior;rural;basico;46;929;235;51;68;96;7;485;no;no
33;hombre;3;primaria;urbana;medio;865;512;559;45;76;91;9;153;no;si
70;hombre;6;secundaria;urbana;basico;734;361;255;27;268;56;6;269;no;si
71;hombre;2;primaria;urbana;basico;240;1732;733;38;132;34;9;472;no;si
21;mujer;2;primaria;rural;basico;762;546;1265;55;63;120;3;33;si;no
67;mujer;6;educacion superior;urbana;basico;650;1907;629;14;184;30;9;95;no;no
80;mujer;2;secundaria;urbana;premium;335;128;693;44;237;22;8;205;si;no
67;hombre;5;educacion superior;urbana;medio;617;1930;839;9;202;80;2;231;no;no
41;mujer;4;primaria;urbana;premium;658;1718;718;25;172;111;7;278;no;si
68;hombre;1;primaria;rural;medio;949;821;435;44;279;84;8;163;si;no
55;hombre;3;primaria;rural;premium;43;1982;728;13;105;36;4;497;no;no
76;mujer;4;primaria;urbana;medio;372;610;659;25;40;61;2;136;no;no
61;hombre;1;educacion superior;urbana;premium;448;1814;808;31;218;66;5;90;no;si
35;mujer;1;secundaria;urbana;premium;56;1091;454;7;78;20;10;88;no;no
26;hombre;5;secundaria;urbana;premium;470;1358;1436;52;169;15;7;242;no;si
61;mujer;2;educacion superior;urbana;premium;155;1029;119;31;294;28;10;231;no;si
35;mujer;4;educacion superior;rural;premium;820;385;1228;39;107;30;8;281;no;si
39;hombre;6;primaria;rural;basico;766;1517;65;58;228;66;4;62;si;no
26;mujer;1;secundaria;urbana;medio;640;675;1105;46;219;49;9;478;si;no
31;hombre;3;educacion superior;rural;premium;340;970;1084;51;64;120;4;365;no;si
59;mujer;2;secundaria;urbana;medio;782;1636;321;22;269;65;10;168;no;si
37;mujer;6;secundaria;rural;medio;120;1547;533;25;102;10;5;415;no;si
67;hombre;2;primaria;rural;medio;751;90;1005;55;145;109;10;215;no;si
73;hombre;5;educacion superior;urbana;medio;175;1543;79;37;228;57;5;164;no;no
26;hombre;1;secundaria;urbana;medio;897;1729;1160;31;54;35;8;443;no;si
77;mujer;4;secundaria;urbana;basico;690;87;657;55;191;116;9;441;no;si
22;hombre;3;educacion superior;urbana;medio;525;1917;254;44;138;106;7;272;no;no
18;hombre;1;secundaria;rural;basico;710;383;216;11;185;56;8;6;no;no
74;hombre;4;primaria;urbana;medio;798;5;370;9;57;114;9;104;no;no
27;hombre;3;primaria;urbana;medio;385;1272;1339;24;115;52;9;194;no;no
56;hombre;3;educacion superior;rural;basico;100;1076;1041;24;198;38;5;496;no;si
56;mujer;2;secundaria;urbana;basico;648;1165;37;25;24;46;4;301;si;no
61;hombre;5;secundaria;rural;premium;18;1532;500;52;244;19;4;457;no;si
80;hombre;1;primaria;rural;medio;547;42;76;29;65;111;6;479;no;si
51;hombre;3;secundaria;rural;medio;425;1558;139;21;284;119;8;121;no;si
69;mujer;2;secundaria;rural;basico;172;809;1101;53;84;21;8;177;no;si
66;hombre;1;educacion superior;rural;medio;169;1370;722;20;194;41;9;199;no;no
55;hombre;5;primaria;rural;basico;197;1915;943;34;146;6;0;272;si;no
35;hombre;5;primaria;urbana;premium;398;912;418;40;237;33;5;476;no;no
28;hombre;5;secundaria;rural;medio;851;1298;1159;13;125;105;4;459;si;no
64;mujer;1;educacion superior;rural;medio;963;1900;461;8;32;97;4;226;no;no
64;hombre;4;educacion superior;urbana;medio;434;1949;1061;40;265;92;2;466;si;no
39;hombre;2;secundaria;rural;premium;286;257;444;29;166;116;10;241;no;si
38;hombre;2;primaria;urbana;premium;617;740;804;12;66;66;3;478;no;no
22;hombre;3;primaria;urbana;medio;25;1230;1;41;75;42;5;261;no;no
37;mujer;5;primaria;urbana;premium;216;1484;1166;44;196;52;7;287;no;si
28;hombre;4;primaria;urbana;basico;454;1303;623;50;234;29;8;346;no;no
26;hombre;4;educacion superior;rural;premium;145;1172;1295;22;222;14;3;403;no;si
32;hombre;6;primaria;rural;medio;744;1004;288;47;161;48;3;500;no;si
42;hombre;3;primaria;rural;basico;825;848;586;21;70;83;9;71;no;si
40;hombre;4;educacion superior;rural;medio;45;119;191;41;62;87;3;474;no;si
58;hombre;5;secundaria;rural;medio;452;483;1445;56;206;56;3;144;no;si
44;hombre;5;secundaria;urbana;basico;871;1346;733;45;292;85;7;128;no;si
18;mujer;6;primaria;rural;premium;848;75;834;36;133;3;1;314;si;no
24;hombre;6;primaria;urbana;medio;780;1337;533;58;233;61;7;426;no;si
69;hombre;6;primaria;urbana;medio;540;1590;213;33;122;20;8;362;si;no
78;hombre;3;secundaria;urbana;basico;714;1573;758;50;52;37;9;180;si;no
46;hombre;1;educacion superior;urbana;medio;972;1544;747;39;91;31;4;32;no;no
23;hombre;2;secundaria;rural;medio;182;1309;207;18;181;75;4;199;no;si
58;hombre;1;primaria;rural;basico;203;407;1203;49;191;107;10;146;no;si
40;mujer;2;educacion superior;urbana;medio;409;365;387;52;289;79;6;163;no;si
63;mujer;5;educacion superior;urbana;premium;707;405;518;43;147;99;7;331;no;si
56;hombre;1;primaria;urbana;medio;442;1975;1269;55;293;27;7;322;no;si
78;hombre;3;primaria;urbana;premium;724;1606;753;37;251;62;10;461;no;si
61;hombre;3;secundaria;urbana;medio;386;525;1409;51;88;95;9;269;no;si
37;mujer;2;secundaria;urbana;basico;866;370;523;13;126;7;2;441;no;no
52;hombre;6;secundaria;urbana;medio;630;1441;1057;47;249;19;4;235;no;si
78;hombre;2;educacion superior;rural;premium;722;656;312;24;154;62;10;450;no;si
64;hombre;1;primaria;rural;medio;132;1366;244;24;216;21;2;451;no;no
25;hombre;2;secundaria;rural;premium;205;1426;1324;46;268;35;3;175;no;no
68;mujer;5;educacion superior;rural;medio;377;1089;366;56;69;103;7;126;no;si
80;hombre;5;primaria;urbana;medio;842;48;379;41;145;23;6;123;no;si
53;mujer;5;primaria;urbana;basico;230;1064;989;42;293;58;3;194;si;no
51;hombre;4;secundaria;rural;basico;844;342;1441;23;72;46;6;412;no;si
38;hombre;3;primaria;rural;premium;526;492;971;14;102;2;2;325;no;no
53;hombre;2;secundaria;urbana;medio;274;1284;715;1;50;66;7;370;no;no
49;mujer;4;secundaria;rural;premium;568;1037;911;23;134;17;6;355;no;si
45;mujer;4;primaria;urbana;basico;124;1920;1273;25;105;19;7;495;no;si
79;hombre;3;primaria;rural;medio;864;269;721;35;37;16;6;445;si;no
44;mujer;3;educacion superior;rural;premium;96;438;19;9;66;16;7;216;no;no
65;mujer;3;secundaria;urbana;medio;842;357;1091;1;209;74;1;76;no;no
36;hombre;3;educacion superior;urbana;medio;468;948;866;57;101;31;10;219;no;si
59;hombre;2;secundaria;rural;medio;892;1652;1439;57;247;115;5;252;si;no
17;mujer;5;secundaria;urbana;medio;304;1692;1062;19;34;13;0;215;si;no
56;hombre;2;educacion superior;urbana;basico;897;868;358;39;119;17;5;437;si;no
35;hombre;1;primaria;rural;basico;58;1694;59;32;280;84;6;35;no;no
31;mujer;5;educacion superior;rural;medio;599;485;1367;54;261;99;3;386;no;si
71;hombre;4;primaria;urbana;premium;628;1692;900;45;127;59;4;488;no;si
65;hombre;3;educacion superior;urbana;medio;480;1335;334;51;277;75;5;330;no;si
42;hombre;4;secundaria;rural;medio;66;494;794;1;190;43;7;25;si;no
30;hombre;4;secundaria;urbana;medio;180;931;202;14;17;30;3;28;no;no
43;hombre;6;secundaria;rural;basico;633;1967;1276;32;51;42;8;421;no;si
33;hombre;4;primaria;urbana;medio;603;1621;332;52;43;27;6;181;si;no
79;mujer;4;primaria;rural;premium;583;1262;979;7;61;31;8;316;si;no
27;hombre;4;primaria;urbana;medio;462;1369;203;24;294;50;5;384;no;si
42;hombre;2;primaria;urbana;basico;971;441;1420;9;46;5;4;198;si;no
40;hombre;4;educacion superior;rural;medio;722;735;154;51;190;46;1;486;si;no
61;hombre;3;primaria;rural;medio;834;1543;485;10;123;71;9;58;no;no
30;mujer;4;primaria;rural;premium;6;1609;99;24;279;86;6;155;no;no
53;hombre;1;primaria;rural;basico;961;978;1056;54;299;87;2;223;no;no
57;hombre;4;secundaria;rural;premium;991;680;129;36;259;106;3;461;no;si
61;hombre;6;secundaria;rural;medio;294;330;227;15;174;14;1;296;si;no
28;hombre;2;primaria;rural;basico;933;1636;192;57;290;71;9;328;si;no
73;hombre;5;primaria;rural;basico;548;1983;274;39;216;55;9;304;no;no
62;mujer;1;secundaria;rural;medio;523;1571;666;29;121;87;10;268;no;si
26;hombre;3;primaria;urbana;basico;777;1122;296;31;85;84;10;258;no;si
51;mujer;2;educacion superior;urbana;medio;515;284;1320;55;236;45;3;201;no;no
39;hombre;5;educacion superior;urbana;medio;238;976;1274;21;166;28;3;357;no;si
39;mujer;6;secundaria;urbana;basico;887;984;774;20;253;105;6;102;no;si
76;hombre;2;educacion superior;urbana;basico;128;165;594;39;216;104;4;482;no;si
47;mujer;6;educacion superior;rural;premium;420;1479;1170;39;287;78;9;359;no;si
49;mujer;5;primaria;rural;basico;607;1075;362;15;108;14;9;256;no;si
53;hombre;6;primaria;rural;medio;334;103;1211;35;200;20;7;285;no;no
16;hombre;6;educacion superior;urbana;medio;246;1245;438;56;220;40;7;243;si;no
21;mujer;3;educacion superior;rural;basico;31;1509;7;34;204;29;4;226;si;no
51;mujer;4;primaria;urbana;medio;856;1547;370;30;268;15;5;355;no;si
69;hombre;6;educacion superior;urbana;premium;73;1691;415;15;200;29;9;112;si;no
79;hombre;5;secundaria;rural;premium;709;874;1278;36;101;4;0;70;no;no
72;mujer;5;educacion superior;rural;basico;125;527;49;30;198;113;7;285;si;no
20;hombre;5;secundaria;rural;medio;429;1886;749;46;292;94;7;160;no;si
59;hombre;3;primaria;urbana;medio;870;451;499;56;224;26;10;374;no;si
17;hombre;5;primaria;urbana;medio;396;1455;321;55;292;103;10;211;no;si
21;hombre;4;primaria;rural;medio;523;1973;1243;21;87;113;10;241;no;no
52;hombre;1;secundaria;rural;basico;989;1460;774;40;242;109;10;187;si;no
73;hombre;4;educacion superior;rural;medio;465;1304;1080;57;134;103;9;337;no;no
46;mujer;4;primaria;rural;basico;184;156;93;20;247;118;7;415;no;si
70;hombre;3;educacion superior;urbana;premium;944;1149;472;55;85;1;7;412;no;si
32;mujer;4;educacion superior;rural;basico;599;626;472;44;173;66;4;401;no;si
53;hombre;3;secundaria;rural;basico;993;1354;1457;21;172;113;5;213;no;si
28;hombre;4;secundaria;urbana;basico;58;87;393;36;184;83;3;343;no;si
24;hombre;5;educacion superior;rural;medio;80;314;356;27;292;73;0;335;si;no
71;mujer;4;educacion superior;urbana;medio;295;1792;1419;36;106;80;7;230;no;si
34;hombre;6;educacion superior;rural;premium;261;1288;148;58;204;9;5;208;no;si
33;mujer;3;secundaria;urbana;basico;63;1644;731;39;114;89;3;336;si;no
20;mujer;6;primaria;urbana;medio;52;182;956;33;117;34;8;348;no;si
33;hombre;2;secundaria;urbana;medio;492;1674;785;53;230;86;8;128;no;no
72;mujer;1;primaria;rural;premium;557;1783;1370;50;103;68;2;52;no;no
32;hombre;5;secundaria;urbana;medio;700;758;452;39;54;27;3;98;no;no
73;mujer;6;secundaria;rural;basico;156;1491;953;19;213;51;6;146;no;si
61;mujer;2;primaria;rural;premium;933;1512;397;37;290;79;6;42;no;no
35;mujer;2;primaria;rural;premium;620;1395;418;17;244;25;6;481;no;si
26;hombre;2;educacion superior;rural;basico;267;814;1047;47;177;36;4;204;no;no
62;hombre;4;educacion superior;rural;basico;236;982;1284;22;132;101;3;241;no;si
62;hombre;5;educacion superior;rural;medio;895;1848;846;20;289;11;3;168;no;si
32;hombre;4;primaria;rural;basico;401;1815;1366;26;93;98;3;97;no;si
17;hombre;4;primaria;urbana;premium;395;691;500;25;210;112;8;203;no;si
46;hombre;4;primaria;urbana;basico;467;203;1182;18;74;109;6;101;no;si
43;mujer;6;secundaria;rural;premium;347;1532;118;43;132;48;3;441;no;si
41;mujer;4;secundaria;rural;basico;484;727;611;41;283;109;1;209;si;no
63;hombre;3;primaria;rural;medio;298;806;905;34;263;15;1;378;si;no
55;hombre;5;primaria;urbana;medio;167;1423;1383;34;269;48;9;78;no;si
44;mujer;4;secundaria;urbana;basico;439;63;1415;44;182;42;6;449;no;si
43;mujer;5;educacion superior;rural;medio;1;1286;1092;30;189;85;8;267;no;si
25;hombre;1;educacion superior;rural;premium;911;1587;866;49;39;8;6;143;si;no
16;hombre;2;primaria;urbana;basico;546;1436;539;9;40;116;5;32;si;no
53;hombre;3;primaria;rural;basico;820;474;588;22;53;89;5;238;no;si
77;hombre;3;secundaria;urbana;medio;948;532;235;58;115;92;4;56;no;si
31;mujer;3;primaria;urbana;basico;246;1790;1497;24;125;114;3;415;no;si
40;mujer;4;secundaria;urbana;premium;18;304;929;49;56;111;8;86;no;si
33;mujer;6;primaria;rural;premium;768;224;143;27;115;51;4;435;si;no
69;hombre;2;educacion superior;rural;premium;453;7;910;46;94;50;4;105;si;no
64;mujer;5;educacion superior;urbana;basico;320;1939;556;54;65;60;7;238;no;si
49;hombre;4;educacion superior;rural;basico;358;1692;1070;39;96;69;6;81;no;si
77;hombre;5;primaria;urbana;medio;153;1965;50;25;97;79;8;241;no;si
66;mujer;6;primaria;rural;premium;675;1335;1342;47;180;77;2;220;si;no
62;hombre;3;primaria;urbana;basico;394;188;1192;29;129;3;6;466;no;si
39;hombre;5;primaria;rural;medio;270;1565;531;30;95;84;6;269;no;si
39;mujer;5;secundaria;urbana;medio;983;1960;208;24;141;82;7;230;no;si
68;hombre;6;educacion superior;urbana;medio;773;1620;714;21;216;117;3;244;si;no
16;mujer;3;secundaria;rural;basico;892;1435;1267;37;235;14;7;62;no;si
43;mujer;6;educacion superior;urbana;premium;848;156;420;20;169;75;9;325;no;no
73;mujer;4;secundaria;urbana;basico;301;1183;599;45;280;85;6;484;no;no
20;hombre;2;primaria;rural;medio;569;777;605;53;51;19;6;67;no;si
20;mujer;3;secundaria;urbana;basico;116;88;387;26;68;112;3;207;si;no
41;hombre;3;primaria;urbana;basico;194;1718;849;42;52;39;4;153;si;no
63;hombre;5;primaria;urbana;premium;664;539;875;52;105;38;9;364;si;no
22;hombre;4;educacion superior;rural;premium;253;1545;1267;21;240;107;3;26;si;no
67;hombre;1;educacion superior;rural;medio;199;496;610;37;159;58;5;443;no;no
68;hombre;1;secundaria;urbana;medio;631;961;669;29;132;65;4;124;no;si
73;mujer;3;secundaria;urbana;medio;512;1719;1227;45;213;109;5;360;no;si
72;hombre;2;primaria;urbana;medio;868;1847;856;24;221;101;2;269;no;no
47;mujer;6;primaria;rural;premium;603;747;496;31;57;112;4;146;no;si
33;mujer;1;secundaria;rural;premium;290;6;1496;22;131;55;7;373;no;si
16;mujer;5;secundaria;urbana;premium;905;1272;1034;48;255;43;5;136;no;si
48;mujer;2;primaria;urbana;medio;703;980;210;36;267;45;10;177;si;no
43;mujer;4;educacion superior;urbana;basico;166;1607;314;40;59;97;9;89;no;si
54;hombre;5;educacion superior;rural;premium;897;379;1167;17;177;78;7;450;no;si
32;hombre;4;educacion superior;urbana;basico;871;545;530;52;225;2;8;490;no;si
40;hombre;5;secundaria;urbana;medio;330;1685;1071;59;123;81;3;134;no;si
34;hombre;3;secundaria;urbana;medio;749;1474;848;40;283;120;9;187;no;si
60;hombre;3;primaria;rural;premium;238;1393;585;22;113;111;9;167;no;si
21;hombre;1;secundaria;urbana;premium;439;1504;1112;37;156;35;6;311;no;si
60;mujer;2;educacion superior;rural;medio;271;1758;141;3;33;92;3;217;no;no
71;hombre;4;educacion superior;rural;premium;479;1402;642;37;144;84;9;369;no;si
37;mujer;3;secundaria;rural;medio;767;571;1202;35;203;28;4;474;no;si
62;hombre;5;secundaria;urbana;basico;312;76;340;25;204;2;5;379;no;si
25;hombre;5;primaria;rural;premium;939;186;723;45;218;73;10;467;no;si
74;mujer;4;primaria;rural;medio;964;844;1106;21;85;82;6;445;no;si
69;mujer;3;secundaria;urbana;premium;451;1716;422;53;123;97;7;409;si;no
66;mujer;5;secundaria;rural;basico;271;503;1135;0;146;87;8;363;no;no
63;hombre;4;primaria;rural;basico;453;79;873;18;197;34;4;239;si;no
31;mujer;2;secundaria;rural;medio;854;645;981;0;299;11;8;223;si;no
56;hombre;2;primaria;urbana;medio;180;313;115;7;279;109;8;175;no;no
22;mujer;2;primaria;urbana;basico;974;420;1493;50;287;15;8;289;no;si
31;mujer;5;secundaria;rural;premium;211;805;580;24;107;57;7;130;no;si
34;mujer;1;primaria;rural;basico;784;1877;94;47;220;115;9;142;no;si
74;mujer;2;secundaria;rural;premium;566;221;800;38;54;102;8;257;si;no
22;mujer;6;primaria;urbana;medio;442;1045;852;47;173;89;2;100;no;no
75;mujer;6;secundaria;urbana;basico;198;1911;429;34;228;112;7;117;no;si
70;mujer;4;secundaria;urbana;medio;401;143;607;31;123;4;8;344;no;no
46;mujer;1;primaria;urbana;premium;542;432;299;20;129;65;4;219;no;si
34;hombre;1;secundaria;urbana;basico;968;892;627;50;115;56;4;390;si;no
75;hombre;5;secundaria;urbana;premium;679;667;214;20;255;25;8;302;no;si
37;mujer;2;educacion superior;urbana;medio;906;1147;1169;1;71;64;3;424;no;no
28;hombre;3;secundaria;urbana;premium;462;1880;427;42;218;86;7;368;no;si
52;hombre;1;educacion superior;rural;basico;952;875;787;12;181;118;10;362;si;no
30;hombre;3;primaria;urbana;basico;832;1648;102;36;141;91;5;292;no;no
42;hombre;6;educacion superior;rural;premium;731;1387;1101;29;270;68;4;323;no;si
44;mujer;3;educacion superior;urbana;medio;565;951;533;45;264;77;7;385;no;si
20;mujer;3;educacion superior;rural;medio;845;1664;129;10;286;48;0;161;no;no
36;hombre;2;educacion superior;rural;basico;154;1200;195;48;138;11;8;163;no;no
40;hombre;1;educacion superior;urbana;medio;680;1734;280;12;199;23;2;248;si;no
50;hombre;1;educacion superior;rural;medio;644;113;196;37;55;54;3;76;no;si
59;mujer;2;secundaria;rural;basico;784;147;299;36;147;63;8;237;si;no
79;mujer;1;educacion superior;rural;basico;440;843;1085;38;255;24;6;346;no;si
56;mujer;1;secundaria;urbana;medio;588;755;654;41;2;9;3;463;no;no
27;hombre;5;educacion superior;urbana;premium;81;824;23;16;164;9;9;260;si;no
41;hombre;6;educacion superior;urbana;medio;340;1699;98;31;138;81;1;246;si;no
76;mujer;1;educacion superior;rural;medio;638;289;1070;58;2;109;3;401;no;no
69;mujer;2;secundaria;rural;basico;414;1800;116;40;128;32;7;479;no;si
72;hombre;4;secundaria;urbana;basico;603;1202;679;58;121;95;5;366;no;si
19;mujer;2;educacion superior;urbana;basico;702;1854;1355;31;74;14;8;181;no;si
43;hombre;3;primaria;rural;basico;496;1432;1067;37;159;108;4;138;no;si
43;hombre;6;secundaria;rural;premium;971;1152;544;26;72;119;6;120;no;si
49;mujer;4;secundaria;urbana;basico;408;876;1138;0;273;24;4;348;si;no
69;mujer;6;primaria;urbana;basico;764;1808;913;56;112;43;4;120;si;no
66;mujer;2;primaria;rural;basico;177;1719;531;54;163;92;8;54;no;si
74;mujer;6;educacion superior;urbana;medio;118;1776;380;53;229;78;5;229;no;si
72;mujer;6;primaria;rural;premium;16;1955;913;29;258;64;10;167;no;si
53;hombre;3;secundaria;urbana;basico;739;312;849;49;297;10;8;415;no;no
39;hombre;3;secundaria;urbana;medio;293;1778;359;53;192;24;7;221;no;si
55;mujer;1;educacion superior;rural;premium;730;1031;1410;36;25;60;3;128;no;no
54;mujer;3;educacion superior;urbana;premium;991;866;1067;44;155;17;6;433;no;si
77;hombre;5;primaria;rural;premium;918;1883;841;13;14;112;5;408;no;no
79;hombre;3;secundaria;urbana;basico;720;86;1232;52;216;37;4;154;no;si
17;hombre;5;secundaria;urbana;premium;899;1311;219;0;259;60;1;311;si;no
69;mujer;5;educacion superior;rural;basico;795;1525;497;43;30;111;8;243;no;no
64;mujer;1;educacion superior;rural;medio;882;1182;513;27;120;110;3;297;si;no
18;hombre;5;primaria;rural;basico;974;1260;936;42;119;82;6;373;no;no
40;mujer;1;primaria;rural;basico;71;466;1258;52;168;9;8;400;no;si
60;hombre;3;secundaria;rural;medio;32;921;1329;18;63;90;10;254;no;si
73;hombre;4;secundaria;urbana;basico;923;538;944;26;216;111;8;297;no;si
80;hombre;1;secundaria;rural;medio;402;1055;114;43;147;81;4;410;no;si
55;hombre;4;primaria;urbana;premium;939;1078;1412;49;61;55;10;497;si;no
78;hombre;4;educacion superior;rural;premium;101;1418;49;22;233;55;5;438;si;no
68;hombre;5;secundaria;urbana;basico;35;1420;972;26;189;24;9;175;no;no
67;mujer;2;primaria;rural;medio;321;557;1035;37;140;119;3;118;no;si
52;hombre;6;primaria;urbana;basico;444;1626;681;37;175;10;10;475;no;si
68;mujer;1;educacion superior;urbana;basico;411;929;1330;58;120;82;4;286;no;si
51;hombre;6;secundaria;rural;basico;947;588;625;45;196;76;5;283;no;si
32;hombre;6;educacion superior;urbana;premium;735;441;7;10;47;28;8;398;no;no
28;hombre;5;secundaria;rural;premium;759;280;653;42;45;35;8;58;si;no
66;hombre;2;educacion superior;rural;premium;101;1325;52;32;70;23;1;459;si;no
80;hombre;3;secundaria;rural;medio;149;564;633;49;200;76;4;417;no;si
72;mujer;5;educacion superior;urbana;medio;978;784;331;43;150;34;6;93;no;no
22;hombre;2;secundaria;rural;basico;160;767;365;2;80;110;4;10;no;no
46;hombre;3;educacion superior;urbana;basico;192;893;1194;20;62;34;3;66;si;no
63;mujer;1;secundaria;urbana;medio;171;194;154;22;190;96;8;413;no;no
45;hombre;3;secundaria;rural;medio;16;1283;1115;16;95;112;6;75;no;si
47;mujer;5;secundaria;urbana;medio;894;590;1479;59;125;7;5;321;si;no
48;hombre;3;primaria;rural;basico;299;1383;1224;51;17;103;0;457;no;no
58;hombre;5;secundaria;rural;premium;900;1896;1410;25;62;35;8;302;no;si
18;hombre;2;secundaria;urbana;premium;869;359;1380;59;189;8;10;262;no;si
46;hombre;2;educacion superior;urbana;premium;790;430;426;25;203;89;2;101;si;no
45;hombre;2;primaria;rural;medio;653;1407;1211;5;127;93;6;372;no;no
77;hombre;3;primaria;rural;premium;337;641;756;39;165;108;4;261;si;no
55;hombre;3;primaria;urbana;basico;736;272;773;31;172;17;10;119;no;si
69;mujer;6;educacion superior;rural;basico;502;273;61;42;188;106;5;305;no;no
36;hombre;3;secundaria;rural;medio;499;1496;466;35;154;105;4;208;si;no
53;hombre;4;secundaria;urbana;medio;398;1525;460;1;147;43;7;385;si;no
40;mujer;4;primaria;rural;medio;127;770;1485;27;210;58;3;174;si;no
63;hombre;1;primaria;urbana;medio;349;265;1452;1;14;34;7;229;no;no
66;hombre;4;educacion superior;urbana;basico;237;1580;1429;11;40;59;4;13;no;no
36;mujer;5;primaria;urbana;medio;404;1187;690;53;254;82;3;402;no;si
26;hombre;3;secundaria;rural;premium;502;847;143;31;119;81;2;307;si;no
67;mujer;1;secundaria;urbana;premium;928;940;599;37;244;38;6;444;si;no
63;mujer;1;educacion superior;urbana;basico;124;271;418;20;143;23;9;69;no;si
36;mujer;5;primaria;rural;medio;296;1043;471;21;285;108;4;73;no;no
76;hombre;2;educacion superior;urbana;medio;209;1112;998;19;228;15;1;14;no;no
33;hombre;5;educacion superior;urbana;medio;56;1099;736;58;196;39;10;177;no;si
17;hombre;3;educacion superior;urbana;medio;250;591;1489;45;70;96;6;276;si;no
70;hombre;2;secundaria;rural;medio;784;1568;753;22;82;102;4;8;no;no
54;hombre;2;primaria;rural;premium;307;803;235;6;169;97;8;412;si;no
60;mujer;4;secundaria;urbana;basico;227;557;898;21;115;22;5;314;si;no
66;mujer;6;primaria;urbana;basico;899;1110;591;26;288;57;10;99;si;no
66;mujer;1;educacion superior;rural;medio;312;1739;1385;35;97;53;5;86;no;si
78;hombre;6;secundaria;urbana;premium;677;966;102;1;199;108;8;362;si;no
25;hombre;4;primaria;urbana;basico;358;1907;1306;33;176;48;3;212;no;si
40;mujer;1;secundaria;rural;premium;663;364;651;29;65;65;8;95;no;si
68;hombre;3;primaria;urbana;premium;312;1346;664;15;166;44;8;129;no;si
77;hombre;6;secundaria;urbana;premium;793;434;267;25;57;11;5;358;no;si
77;mujer;3;secundaria;urbana;medio;908;878;1415;24;177;83;9;407;no;si
17;mujer;6;educacion superior;urbana;basico;692;490;1180;22;4;31;7;148;si;no
39;mujer;2;primaria;rural;premium;247;937;1161;21;82;59;8;220;no;si
78;mujer;1;secundaria;urbana;medio;801;823;1058;28;264;6;3;86;no;no
64;hombre;4;primaria;rural;medio;578;795;733;47;142;112;8;165;no;si
61;hombre;5;educacion superior;urbana;basico;868;1205;277;37;0;21;9;433;si;no
26;mujer;3;educacion superior;rural;medio;96;382;938;29;77;52;3;232;no;si
34;hombre;1;primaria;urbana;basico;878;1809;1117;20;180;44;3;270;no;si
67;mujer;6;primaria;rural;medio;391;1225;34;19;130;63;10;282;no;si
67;hombre;5;educacion superior;rural;premium;174;1987;885;12;18;65;2;420;si;no
79;mujer;5;primaria;urbana;medio;302;1668;400;19;107;82;8;405;no;no
55;hombre;3;educacion superior;urbana;medio;868;115;1366;31;6;112;9;167;no;no
77;mujer;5;secundaria;rural;medio;414;1925;375;26;17;34;8;318;si;no
47;hombre;4;educacion superior;rural;premium;701;553;457;42;196;91;1;265;si;no
41;mujer;4;educacion superior;rural;basico;964;1534;464;33;68;48;7;214;no;si
53;hombre;1;primaria;rural;medio;395;226;1114;41;204;81;10;271;si;no
45;mujer;6;secundaria;urbana;medio;505;564;816;34;231;93;5;148;no;no
77;hombre;2;primaria;urbana;basico;141;156;311;36;300;94;6;193;no;no
30;mujer;4;secundaria;urbana;medio;74;1530;371;26;105;16;7;290;no;no
53;mujer;4;primaria;urbana;medio;423;531;852;36;115;51;6;289;no;si
56;hombre;2;primaria;rural;basico;255;1097;1127;7;171;106;2;93;no;no
45;hombre;2;secundaria;rural;basico;995;458;1241;54;110;13;10;447;no;si
26;hombre;3;secundaria;rural;medio;0;527;801;32;176;120;10;87;no;si
46;mujer;6;secundaria;rural;premium;19;706;357;33;67;112;9;456;no;no
79;mujer;1;secundaria;urbana;basico;369;333;1378;38;136;86;9;332;no;no
27;hombre;3;educacion superior;rural;premium;92;1961;1163;27;88;66;3;446;no;si
17;mujer;3;secundaria;rural;medio;356;269;833;34;150;8;8;301;no;si
51;hombre;1;secundaria;urbana;basico;814;7;8;36;280;34;6;373;no;si
60;hombre;6;primaria;urbana;premium;801;105;440;1;91;67;4;186;si;no
25;hombre;5;secundaria;urbana;basico;257;1747;932;56;106;76;5;197;no;si
28;hombre;1;secundaria;rural;medio;269;1338;1397;38;69;87;3;38;si;no
73;hombre;1;educacion superior;rural;premium;234;1350;307;40;272;80;1;418;no;no
32;mujer;6;secundaria;urbana;basico;470;1677;956;47;242;81;4;468;si;no
57;hombre;5;educacion superior;urbana;premium;979;491;1476;47;213;50;7;360;no;si
61;mujer;2;primaria;urbana;medio;620;388;168;46;152;87;9;115;si;no
66;hombre;5;educacion superior;rural;premium;806;381;1073;51;56;39;5;159;no;si
36;hombre;4;primaria;rural;medio;461;1249;954;12;143;1;7;227;no;no
65;mujer;4;educacion superior;rural;basico;647;368;1467;1;251;5;7;249;si;no
21;mujer;4;educacion superior;urbana;medio;962;813;731;3;23;21;6;460;no;no
77;mujer;4;secundaria;rural;medio;107;1313;116;19;17;71;9;55;si;no
64;mujer;3;primaria;urbana;basico;683;1935;950;14;224;12;5;103;no;no
63;mujer;4;primaria;urbana;basico;448;549;82;43;97;67;8;95;si;no
64;mujer;4;secundaria;rural;premium;634;1116;682;24;259;100;5;324;no;no
61;mujer;4;educacion superior;urbana;medio;851;360;643;28;247;86;5;207;no;si
50;hombre;1;secundaria;rural;medio;510;998;320;26;156;90;2;418;no;no
73;mujer;5;educacion superior;urbana;premium;176;1885;745;44;50;24;5;179;no;si
54;mujer;4;secundaria;urbana;premium;872;1417;1408;57;54;67;7;460;si;no
41;mujer;5;secundaria;urbana;medio;997;308;174;48;157;37;5;202;si;no
30;hombre;4;educacion superior;urbana;premium;385;839;89;45;274;97;9;357;no;si
61;hombre;5;educacion superior;urbana;basico;799;731;244;35;223;120;6;166;no;no
76;hombre;6;educacion superior;rural;basico;853;1001;1368;25;139;44;6;161;no;si
21;hombre;2;primaria;rural;medio;117;1723;1256;12;21;15;0;233;si;no
42;hombre;3;secundaria;urbana;premium;294;456;627;12;208;5;1;92;no;no
61;hombre;2;primaria;urbana;premium;48;1322;973;42;67;41;3;120;no;no
78;mujer;6;primaria;rural;premium;855;1043;1093;41;286;6;7;455;no;si
45;hombre;3;secundaria;rural;medio;748;291;870;15;119;5;6;221;si;no
79;hombre;5;educacion superior;urbana;premium;87;1772;412;58;104;18;7;253;no;si
53;mujer;4;educacion superior;urbana;premium;465;1505;762;52;96;97;10;429;no;si
59;hombre;5;educacion superior;rural;medio;27;1609;1400;2;158;45;1;204;si;no
56;hombre;1;educacion superior;urbana;premium;123;665;526;43;170;23;6;463;no;si
71;mujer;5;secundaria;urbana;premium;656;43;1229;15;294;63;4;100;no;si
34;hombre;3;primaria;rural;premium;634;1573;1043;23;83;88;3;148;si;no
36;hombre;3;primaria;rural;basico;698;1598;911;23;271;37;7;126;no;si
27;hombre;3;secundaria;urbana;premium;336;347;306;21;61;36;8;265;no;si
65;hombre;3;educacion superior;urbana;medio;553;1623;581;16;157;40;3;435;no;si
48;hombre;3;educacion superior;rural;basico;921;728;98;59;253;82;7;351;no;si
62;mujer;3;primaria;urbana;premium;857;378;484;32;58;111;9;289;si;no
56;hombre;1;secundaria;rural;medio;376;1694;570;59;255;37;9;102;no;si
55;hombre;6;primaria;rural;premium;75;401;572;40;288;26;3;180;no;si
46;mujer;5;secundaria;urbana;premium;891;1518;1233;24;34;2;2;339;no;no
25;hombre;2;primaria;rural;premium;526;465;712;28;83;51;6;343;no;no
66;hombre;5;primaria;rural;medio;721;1911;378;12;33;33;7;438;si;no
52;mujer;6;secundaria;urbana;premium;35;754;1082;19;91;84;9;150;no;si
16;hombre;4;primaria;urbana;basico;865;435;630;54;196;69;7;261;no;si
78;hombre;5;secundaria;urbana;medio;192;695;881;39;218;75;10;469;no;si
56;hombre;5;primaria;rural;premium;893;1713;1351;10;199;25;6;438;no;no
37;hombre;5;primaria;rural;premium;476;1695;959;22;158;54;1;122;si;no
67;hombre;1;secundaria;rural;medio;455;690;729;31;135;46;7;413;no;si
39;mujer;2;secundaria;urbana;premium;847;1562;264;7;84;18;2;94;no;no
49;hombre;3;secundaria;rural;basico;873;1384;701;60;58;11;7;244;si;no
61;hombre;3;secundaria;urbana;medio;368;516;1495;49;231;5;3;399;si;no
66;hombre;5;primaria;rural;basico;114;1299;1374;47;139;117;7;216;no;no
40;hombre;1;secundaria;rural;medio;733;958;533;19;177;47;9;455;no;si
25;hombre;6;secundaria;rural;premium;502;1961;1387;51;237;73;2;14;no;no
29;hombre;6;secundaria;urbana;medio;631;983;181;34;5;92;5;101;no;no
71;mujer;1;educacion superior;rural;premium;287;1049;528;31;1;25;1;399;si;no
69;hombre;1;primaria;urbana;premium;550;1149;742;42;148;19;8;83;no;si
58;hombre;5;primaria;urbana;basico;545;1008;651;48;125;91;4;422;no;si
24;mujer;2;primaria;urbana;medio;486;1533;1301;55;173;1;10;426;no;no
30;hombre;5;educacion superior;urbana;basico;873;111;1245;50;145;16;5;497;no;si
57;hombre;6;primaria;rural;premium;268;1640;256;22;99;5;3;288;no;si
77;hombre;4;secundaria;urbana;premium;39;1413;1085;42;45;101;0;218;no;no
36;hombre;5;secundaria;rural;medio;821;1415;602;7;95;93;6;407;si;no
79;mujer;1;primaria;rural;medio;9;1984;926;2;264;87;1;290;no;no
38;hombre;2;primaria;urbana;basico;356;1268;496;24;26;42;3;391;si;no
39;hombre;5;primaria;urbana;basico;679;698;504;34;207;82;10;362;no;si
66;hombre;1;primaria;rural;premium;834;456;1133;52;177;68;7;244;si;no
39;mujer;4;primaria;rural;premium;697;1574;0;23;59;4;5;85;no;si
46;hombre;3;primaria;urbana;medio;938;389;92;23;121;64;5;413;no;no
41;mujer;1;primaria;rural;medio;262;1196;830;36;162;100;6;222;no;si
37;mujer;4;primaria;rural;medio;784;72;892;17;278;82;7;497;si;no
23;hombre;3;primaria;urbana;basico;752;67;310;29;189;42;9;238;no;si
55;hombre;5;primaria;rural;premium;195;1033;154;41;208;90;5;494;no;no
42;mujer;3;primaria;rural;medio;79;425;1378;27;240;85;10;500;no;no
30;hombre;3;primaria;urbana;medio;786;1399;883;60;225;107;5;487;no;si
71;hombre;1;educacion superior;urbana;medio;672;172;67;42;107;69;9;53;no;no
40;hombre;4;primaria;urbana;basico;21;1402;889;11;112;74;2;391;no;no
23;mujer;4;primaria;urbana;premium;419;1457;99;25;249;89;9;173;no;si
30;hombre;6;educacion superior;rural;basico;293;1949;347;35;70;43;5;396;no;si
25;mujer;6;secundaria;rural;basico;975;1924;819;29;211;10;0;255;si;no
25;hombre;5;educacion superior;rural;medio;761;554;1492;33;135;62;9;266;no;si
40;mujer;4;primaria;urbana;basico;91;726;308;56;88;102;6;371;no;si
69;hombre;4;secundaria;rural;basico;514;1100;255;33;250;86;9;211;no;si
46;mujer;4;primaria;urbana;basico;563;1979;497;51;92;55;4;164;no;si
32;mujer;2;secundaria;urbana;medio;649;1913;413;40;157;51;1;276;no;no
19;hombre;6;secundaria;rural;premium;444;1075;426;22;99;119;10;53;no;si
43;hombre;3;educacion superior;urbana;medio;715;1255;1042;8;81;21;4;96;no;no
71;hombre;4;primaria;urbana;medio;397;617;404;58;214;71;6;438;no;si
53;mujer;2;primaria;urbana;premium;242;1420;573;49;289;41;0;277;no;no
25;mujer;1;educacion superior;urbana;medio;999;1566;847;3;6;76;3;80;no;no
35;hombre;2;secundaria;urbana;basico;373;1569;797;26;233;59;9;165;no;si
50;hombre;2;educacion superior;urbana;medio;474;817;961;28;144;107;2;337;si;no
63;mujer;4;educacion superior;rural;medio;891;470;945;55;246;114;4;411;no;si
46;hombre;1;primaria;urbana;basico;136;1940;898;23;125;74;7;212;si;no
75;hombre;6;primaria;rural;premium;324;716;179;50;68;107;8;58;no;si
69;mujer;3;educacion superior;urbana;premium;524;1860;1215;49;95;99;3;271;no;si
39;mujer;5;educacion superior;rural;premium;738;1755;932;15;159;109;10;340;si;no
72;hombre;5;secundaria;urbana;medio;231;1561;1150;53;0;76;6;167;no;no
54;hombre;5;secundaria;rural;premium;131;1438;419;43;273;80;5;386;no;si
37;mujer;6;educacion superior;rural;medio;841;1262;1265;38;133;55;6;87;no;si
33;hombre;4;educacion superior;urbana;medio;304;1086;500;18;158;64;10;231;no;si
61;mujer;3;educacion superior;rural;premium;524;186;417;33;85;8;6;400;no;si
41;hombre;2;primaria;rural;premium;986;1017;1348;36;178;111;4;67;no;si
71;hombre;3;primaria;urbana;basico;94;1756;1403;58;216;104;9;168;si;no
64;hombre;2;educacion superior;urbana;basico;140;1806;117;38;26;15;10;489;no;no
36;hombre;1;educacion superior;rural;basico;62;1949;926;24;238;80;10;304;no;si
37;hombre;6;primaria;rural;premium;816;1406;933;55;47;72;4;328;no;no
53;mujer;3;secundaria;urbana;premium;1;309;401;46;116;11;10;85;no;si
44;mujer;2;secundaria;rural;premium;744;1513;1228;47;197;65;10;203;no;si
54;hombre;2;educacion superior;urbana;basico;771;1453;1368;27;29;45;4;18;si;no
17;mujer;3;primaria;rural;premium;555;200;1400;32;263;52;9;259;no;si
21;mujer;5;secundaria;urbana;premium;838;567;247;31;94;60;8;151;no;si
21;hombre;2;primaria;urbana;medio;678;123;1309;34;175;12;0;463;si;no
77;hombre;1;educacion superior;rural;premium;249;14;1047;10;91;88;10;344;si;no
32;hombre;1;secundaria;urbana;medio;477;1437;904;41;108;48;10;430;no;no
29;mujer;5;primaria;urbana;medio;360;1581;854;35;173;46;6;308;no;si
42;hombre;4;secundaria;rural;basico;743;689;135;4;163;120;6;464;no;no
59;mujer;5;primaria;urbana;premium;776;184;820;36;161;37;10;484;no;si
71;hombre;1;secundaria;rural;basico;308;270;1468;16;232;103;1;410;si;no
46;hombre;1;secundaria;rural;medio;971;1964;543;20;189;53;6;279;no;si
37;mujer;2;secundaria;rural;medio;140;1579;1476;6;48;104;10;290;no;no
16;hombre;4;primaria;urbana;medio;223;947;1061;19;198;95;9;219;no;si
54;mujer;2;secundaria;urbana;medio;344;1598;237;38;198;14;8;106;no;si
23;hombre;6;primaria;urbana;premium;888;956;1227;30;80;92;10;310;no;si
31;mujer;4;primaria;urbana;medio;357;598;684;46;151;31;10;303;si;no
42;mujer;1;secundaria;urbana;premium;714;1532;957;41;61;87;4;388;no;si
80;hombre;5;educacion superior;rural;medio;745;1213;1428;28;206;117;7;460;no;si
25;hombre;6;educacion superior;rural;basico;403;758;748;22;188;10;9;449;no;si
74;hombre;4;secundaria;urbana;medio;159;956;1220;23;85;42;5;182;no;si
46;hombre;2;secundaria;urbana;basico;200;1530;511;39;181;24;8;206;no;si
16;hombre;5;primaria;urbana;premium;535;1189;727;16;22;116;8;164;si;no
75;mujer;4;primaria;urbana;medio;911;167;1315;58;248;50;2;372;no;no
35;mujer;1;secundaria;rural;basico;440;410;131;44;279;89;10;30;no;no
21;mujer;5;primaria;urbana;premium;504;1213;517;23;271;12;6;334;no;si
64;hombre;4;educacion superior;urbana;premium;392;1508;1421;56;256;47;8;420;no;si
30;mujer;5;primaria;rural;medio;274;1700;1354;45;239;2;8;445;no;si
66;hombre;1;educacion superior;urbana;premium;717;1323;514;34;136;30;6;399;no;si
29;hombre;1;primaria;rural;medio;656;1631;982;21;79;45;9;189;no;si
53;hombre;2;secundaria;urbana;medio;768;1467;745;55;282;34;4;358;no;si
62;mujer;2;secundaria;urbana;medio;788;916;744;37;245;108;4;9;si;no
39;hombre;3;educacion superior;rural;premium;345;1310;386;18;43;105;4;468;no;no
29;mujer;5;secundaria;urbana;basico;258;500;868;28;284;104;6;350;no;si
18;mujer;2;primaria;urbana;medio;77;165;447;40;263;4;6;359;no;si
60;hombre;2;educacion superior;rural;basico;560;30;286;42;253;104;5;100;no;si
75;hombre;2;secundaria;rural;premium;709;19;1098;53;195;98;10;282;no;si
44;hombre;3;primaria;urbana;medio;610;1835;1362;38;205;10;4;107;si;no
71;hombre;2;secundaria;urbana;premium;832;1517;1094;54;203;51;9;210;si;no
49;hombre;5;secundaria;rural;basico;832;1248;949;17;297;102;2;78;no;no
36;mujer;1;secundaria;urbana;basico;263;1951;645;3;214;47;2;186;si;no
78;hombre;6;educacion superior;urbana;basico;817;1551;320;29;226;92;3;354;no;si
72;hombre;4;educacion superior;rural;medio;556;79;569;59;178;102;8;427;si;no
37;hombre;3;primaria;urbana;basico;582;1051;590;2;55;119;3;146;no;no
67;hombre;6;primaria;rural;premium;278;1058;1279;3;170;77;9;264;si;no
46;hombre;1;primaria;rural;medio;575;568;555;44;156;48;2;348;si;no
54;hombre;2;secundaria;urbana;medio;269;1948;650;34;222;25;6;156;no;si
16;hombre;2;educacion superior;rural;medio;659;1015;1254;29;265;89;9;144;no;si
78;hombre;1;secundaria;urbana;basico;644;1814;503;39;132;93;7;433;no;si
62;mujer;3;educacion superior;rural;basico;205;1261;141;26;166;64;9;67;si;no
17;hombre;3;secundaria;urbana;medio;949;1770;567;28;58;21;9;399;si;no
45;hombre;5;primaria;urbana;medio;290;1985;861;33;87;6;6;67;no;no
34;mujer;1;primaria;rural;medio;130;1758;957;34;132;117;3;315;si;no
69;hombre;4;primaria;urbana;basico;348;1486;657;52;194;27;9;426;si;no
28;hombre;4;primaria;rural;medio;516;1550;1028;34;287;28;7;23;no;no
47;hombre;3;educacion superior;rural;basico;831;1047;969;33;243;83;5;485;no;si
63;mujer;4;secundaria;rural;premium;138;1913;223;44;129;30;9;94;no;no
20;hombre;1;primaria;rural;premium;584;1156;644;10;159;61;10;398;no;no
71;mujer;6;primaria;rural;basico;487;834;965;25;47;94;9;249;no;no
50;mujer;5;primaria;urbana;basico;253;237;686;46;215;98;8;471;no;si
29;hombre;4;primaria;rural;medio;964;1111;549;10;162;10;7;41;no;no
62;hombre;2;primaria;urbana;premium;859;785;1025;36;221;38;10;444;no;si
55;hombre;6;secundaria;urbana;premium;633;9;448;31;74;103;8;176;no;si
25;hombre;3;primaria;rural;basico;48;847;659;21;17;24;7;29;no;no
16;hombre;6;secundaria;rural;basico;130;331;913;33;57;64;3;232;no;si
54;hombre;5;primaria;urbana;medio;694;1505;398;2;236;88;2;431;no;no
70;hombre;5;primaria;urbana;premium;252;27;383;52;181;101;5;338;no;no
19;hombre;1;secundaria;rural;medio;954;1234;496;35;37;75;3;370;no;no
35;hombre;3;secundaria;urbana;medio;323;1647;344;19;94;47;5;404;no;si
55;hombre;5;secundaria;rural;basico;421;493;1439;20;176;38;4;180;si;no
42;hombre;2;primaria;rural;basico;509;523;617;14;17;33;0;83;no;no
66;hombre;2;primaria;rural;medio;221;917;727;24;232;69;8;195;no;si
25;hombre;5;educacion superior;urbana;basico;499;475;825;10;169;42;1;447;no;no
67;mujer;3;educacion superior;urbana;basico;109;1416;847;21;227;26;9;75;no;si
79;hombre;4;educacion superior;rural;premium;274;675;1251;47;122;107;5;329;no;si
43;hombre;6;secundaria;urbana;premium;500;270;749;18;1;85;9;105;no;no
25;hombre;1;secundaria;rural;basico;159;723;591;22;229;71;6;97;no;si
48;hombre;6;educacion superior;rural;premium;966;1229;934;14;267;25;7;80;si;no
34;hombre;4;secundaria;rural;basico;558;1536;126;6;225;82;4;289;si;no
52;hombre;2;primaria;urbana;medio;705;1154;1376;59;64;12;9;439;no;si
16;hombre;1;primaria;rural;basico;505;1239;511;39;97;12;9;416;no;si
70;mujer;1;primaria;urbana;premium;240;1066;158;27;143;52;8;40;si;no
35;mujer;2;secundaria;urbana;premium;772;1628;288;31;61;26;6;196;no;si
23;hombre;2;educacion superior;urbana;medio;870;441;75;2;183;5;6;196;no;no
57;hombre;5;primaria;urbana;medio;899;1332;5;60;20;26;4;84;no;no
28;hombre;5;primaria;urbana;medio;923;735;920;30;277;29;10;365;no;si
57;mujer;1;educacion superior;urbana;medio;49;1821;1349;51;36;2;4;335;si;no
40;mujer;2;educacion superior;urbana;medio;917;357;198;1;152;29;1;379;no;no
33;mujer;1;educacion superior;rural;medio;503;132;347;27;78;26;5;498;no;si
71;mujer;1;educacion superior;urbana;premium;502;889;710;43;165;86;7;51;no;si
41;mujer;5;primaria;urbana;premium;689;718;503;20;97;36;6;87;si;no
17;mujer;3;primaria;rural;premium;269;1799;1032;15;281;6;4;435;no;si
51;mujer;4;primaria;urbana;medio;552;1633;683;6;59;37;0;246;no;no
25;mujer;2;educacion superior;urbana;medio;494;1398;974;53;114;63;1;208;no;no
16;hombre;6;secundaria;rural;basico;265;806;798;33;230;113;5;135;no;si
43;hombre;4;secundaria;urbana;medio;397;1604;990;17;245;115;3;489;no;si
27;mujer;5;secundaria;rural;basico;407;1147;580;51;194;120;10;153;no;no
19;mujer;6;primaria;urbana;basico;104;1906;1207;53;160;107;4;185;no;no
38;mujer;2;secundaria;urbana;basico;815;810;1411;55;79;16;5;496;si;no
36;mujer;3;secundaria;urbana;premium;481;1864;1408;15;104;83;5;171;no;si
78;hombre;2;primaria;rural;premium;545;853;33;52;73;52;4;318;no;si
75;mujer;4;primaria;rural;premium;660;748;268;26;54;86;3;245;no;si
30;hombre;1;secundaria;urbana;premium;464;1779;847;54;132;38;3;73;no;no
76;hombre;3;educacion superior;urbana;basico;702;1485;1060;48;232;62;7;458;no;si
77;mujer;6;educacion superior;rural;premium;135;111;65;57;166;115;9;454;si;no
37;hombre;5;educacion superior;rural;basico;930;20;960;50;284;71;8;408;no;si
23;hombre;6;primaria;rural;premium;208;1715;1112;55;257;44;4;99;no;si
47;hombre;6;primaria;urbana;premium;346;1337;822;43;203;2;7;76;no;si
46;hombre;3;educacion superior;rural;medio;619;510;273;53;248;37;6;48;no;no
70;hombre;1;secundaria;urbana;medio;44;1948;1446;51;55;112;3;101;no;si
37;hombre;1;secundaria;rural;premium;37;544;893;27;60;110;5;233;no;si
65;hombre;2;primaria;urbana;basico;360;906;976;42;143;3;3;459;no;si
79;hombre;2;secundaria;urbana;premium;537;1722;1404;30;223;18;10;59;no;si
20;hombre;3;secundaria;urbana;premium;299;966;1465;54;181;114;10;195;no;si
20;hombre;5;primaria;rural;premium;867;188;1003;33;83;49;8;235;no;si
47;hombre;5;secundaria;rural;medio;333;1612;948;18;185;99;3;155;no;si
52;hombre;2;primaria;urbana;medio;654;1914;47;54;195;8;8;477;no;no
78;mujer;2;educacion superior;urbana;basico;436;256;318;34;300;120;8;332;no;si
50;hombre;6;primaria;rural;medio;717;1580;352;52;46;110;3;416;no;no
17;mujer;4;educacion superior;rural;premium;136;1533;992;20;4;89;6;453;si;no
26;hombre;3;primaria;rural;medio;87;1684;152;50;193;2;4;140;si;no
39;mujer;4;secundaria;urbana;premium;670;222;899;43;221;51;7;102;no;si
50;mujer;3;educacion superior;urbana;medio;82;751;635;3;229;101;8;117;si;no
69;hombre;4;secundaria;rural;basico;464;1151;933;32;108;1;0;306;si;no
63;mujer;3;secundaria;rural;medio;420;841;672;19;165;22;7;240;no;si
49;hombre;6;educacion superior;rural;medio;264;1688;951;53;227;101;2;307;no;no
64;mujer;5;primaria;rural;basico;400;1604;1196;41;166;1;3;239;no;si
30;mujer;5;educacion superior;rural;premium;38;912;750;32;177;35;10;316;si;no
72;hombre;4;educacion superior;rural;medio;265;1993;694;53;246;12;0;342;si;no
74;mujer;5;primaria;urbana;medio;952;1157;732;57;247;35;0;53;no;no
49;mujer;5;primaria;urbana;medio;976;858;1269;36;287;64;9;413;no;si
66;mujer;3;educacion superior;rural;premium;777;1141;389;31;194;69;5;499;no;si
63;mujer;5;secundaria;urbana;premium;323;219;98;41;72;44;10;203;no;si
59;hombre;4;primaria;urbana;medio;789;359;415;21;196;46;5;473;no;si
72;hombre;5;secundaria;rural;medio;339;1802;1100;11;297;40;2;251;no;no
24;hombre;6;primaria;rural;basico;646;1423;1495;44;205;1;4;409;no;si
60;mujer;3;secundaria;rural;medio;881;1961;1417;53;83;72;4;155;no;si
61;hombre;6;primaria;rural;premium;464;1061;27;30;230;6;8;308;no;si
46;hombre;4;secundaria;urbana;medio;509;621;408;42;296;98;0;89;no;no
18;hombre;1;educacion superior;urbana;medio;106;814;972;19;84;88;10;84;no;no
75;mujer;2;primaria;rural;premium;127;982;884;30;290;90;10;434;no;no
26;hombre;6;secundaria;urbana;basico;633;1354;118;38;50;45;4;410;no;si
25;mujer;6;primaria;urbana;basico;348;1243;716;23;180;14;5;229;no;si
37;hombre;6;educacion superior;urbana;medio;88;137;173;18;215;41;4;498;si;no
36;hombre;6;secundaria;rural;basico;817;1367;460;18;117;65;7;498;no;si
49;hombre;2;primaria;urbana;medio;122;1086;525;18;283;69;8;71;no;si
74;hombre;4;primaria;rural;basico;880;599;1356;56;18;18;4;116;si;no
56;hombre;6;secundaria;urbana;medio;516;204;335;3;277;120;9;269;no;no
56;hombre;4;educacion superior;rural;medio;21;1026;529;45;125;20;2;6;si;no
34;hombre;1;secundaria;urbana;basico;473;824;698;47;142;77;7;402;no;si
35;mujer;6;educacion superior;rural;medio;59;1011;234;58;218;45;9;355;no;si
41;mujer;1;educacion superior;urbana;premium;122;1344;1455;38;244;118;6;36;no;no
74;hombre;1;primaria;rural;basico;730;1198;158;28;180;110;9;181;si;no
35;hombre;3;secundaria;rural;medio;305;1145;150;59;117;30;7;440;no;si
35;hombre;1;educacion superior;urbana;basico;96;221;1305;8;28;105;2;416;no;no
53;mujer;3;educacion superior;rural;basico;646;1562;1080;30;204;83;8;156;si;no
71;hombre;4;educacion superior;rural;premium;53;868;929;58;186;13;4;493;no;si
71;mujer;2;primaria;urbana;medio;813;397;1242;55;61;23;5;325;no;si
58;hombre;5;primaria;urbana;premium;931;479;723;40;283;74;6;7;no;no
30;hombre;6;educacion superior;rural;premium;871;1852;1335;36;134;19;8;63;no;si
34;hombre;1;educacion superior;rural;medio;433;43;193;59;91;64;5;446;no;si
71;hombre;5;educacion superior;urbana;medio;154;1770;599;59;286;90;3;217;no;si
49;mujer;5;educacion superior;urbana;medio;247;1202;1184;18;277;94;5;375;no;si
72;hombre;6;secundaria;rural;medio;9;693;226;16;129;59;1;216;no;no
55;hombre;4;educacion superior;rural;premium;579;356;792;6;284;65;0;274;si;no
24;hombre;4;primaria;rural;basico;533;1503;218;31;58;11;7;500;no;si
68;hombre;5;primaria;urbana;basico;134;523;703;42;280;54;10;335;no;si
23;hombre;2;educacion superior;urbana;premium;409;1294;829;50;76;72;8;8;si;no
72;hombre;6;secundaria;rural;basico;223;1160;780;42;201;69;5;463;no;si
58;hombre;6;educacion superior;rural;basico;525;1612;1222;37;9;116;8;169;no;no
39;mujer;3;educacion superior;urbana;basico;67;284;892;25;60;119;7;443;no;si
41;hombre;2;secundaria;urbana;basico;352;633;495;30;127;68;4;495;no;no
46;mujer;2;primaria;urbana;medio;47;117;1234;56;266;108;7;391;si;no
35;hombre;5;educacion superior;urbana;basico;957;643;562;0;269;106;6;211;no;no
65;hombre;4;primaria;rural;basico;470;192;49;41;201;2;7;290;si;no
42;hombre;6;primaria;urbana;medio;6;578;673;23;227;91;8;172;si;no
30;hombre;2;primaria;rural;premium;323;360;1137;31;76;63;6;131;no;si
47;mujer;6;secundaria;rural;medio;514;450;557;50;142;100;5;494;no;no
52;mujer;1;educacion superior;rural;medio;968;654;431;52;252;84;5;394;si;no
75;hombre;4;primaria;rural;medio;310;1491;48;50;92;9;2;64;no;no
67;hombre;5;primaria;rural;medio;299;1702;514;34;222;31;9;351;no;si
22;mujer;3;primaria;urbana;premium;467;93;1382;53;4;5;3;217;no;no
34;hombre;4;secundaria;urbana;premium;901;1932;934;9;141;43;4;33;no;no
40;mujer;4;educacion superior;urbana;premium;377;1560;1222;10;10;73;3;171;si;no
63;hombre;3;primaria;rural;basico;671;34;63;2;53;62;1;66;si;no
59;mujer;2;secundaria;urbana;basico;52;46;1215;57;120;113;4;412;no;no
69;mujer;1;educacion superior;rural;basico;816;367;1453;28;131;90;3;135;no;no
29;hombre;6;primaria;urbana;basico;978;1443;577;28;133;59;4;338;no;no
30;mujer;1;primaria;urbana;premium;67;1323;188;38;110;54;9;484;si;no
77;mujer;5;primaria;urbana;premium;477;1389;252;57;296;87;8;183;no;no
53;hombre;1;primaria;urbana;medio;364;1552;617;31;160;10;6;485;si;no
68;mujer;2;secundaria;urbana;basico;764;2;1423;49;139;106;4;107;no;no
35;hombre;4;primaria;rural;basico;836;497;72;0;141;116;8;29;no;no
62;mujer;6;primaria;urbana;basico;682;1031;1208;48;4;22;6;144;si;no
61;hombre;1;educacion superior;rural;premium;238;1715;366;49;33;39;4;356;no;no
57;hombre;3;primaria;rural;premium;511;1686;297;32;182;23;4;177;no;si
17;hombre;1;primaria;rural;medio;960;1142;1357;32;295;88;6;474;no;si
80;hombre;1;primaria;urbana;medio;101;1375;552;16;20;52;5;246;no;no
70;mujer;4;educacion superior;rural;basico;865;563;1385;16;59;53;8;434;no;no
28;hombre;6;secundaria;urbana;medio;490;1956;361;1;248;99;1;180;si;no
47;mujer;5;educacion superior;rural;premium;578;1964;269;26;300;97;6;354;no;si
45;hombre;6;educacion superior;rural;basico;564;171;1359;36;63;109;9;412;no;si
23;hombre;6;secundaria;urbana;medio;38;1056;497;31;184;113;3;457;no;si
59;hombre;2;secundaria;urbana;premium;170;103;251;13;274;40;2;296;si;no
40;hombre;6;primaria;rural;basico;678;453;739;51;79;93;10;219;no;si
79;hombre;5;secundaria;urbana;basico;404;833;1390;19;179;7;7;73;no;si
59;hombre;4;primaria;rural;basico;993;1915;1178;16;130;88;6;344;no;si
44;hombre;5;secundaria;rural;basico;785;258;611;12;123;13;8;463;no;no
32;hombre;5;secundaria;urbana;basico;546;1585;1207;44;243;116;9;403;no;si
52;hombre;3;educacion superior;urbana;medio;146;833;1094;35;267;88;6;236;no;si
43;hombre;6;educacion superior;urbana;basico;636;146;245;31;106;107;5;111;no;si
28;hombre;3;secundaria;rural;premium;2;601;1332;37;190;16;9;56;no;no
23;hombre;1;primaria;rural;basico;844;431;1052;57;110;21;7;410;no;si
76;mujer;6;educacion superior;urbana;premium;72;470;976;17;274;57;6;105;si;no
71;mujer;5;secundaria;rural;premium;858;360;666;33;26;24;8;321;no;no
20;mujer;2;educacion superior;urbana;premium;378;60;952;16;34;119;9;25;si;no
54;mujer;5;primaria;rural;basico;231;40;531;47;234;57;4;241;no;si
70;hombre;4;educacion superior;urbana;basico;282;1206;432;19;101;120;10;169;si;no
72;hombre;2;secundaria;rural;premium;175;496;265;34;161;59;7;194;no;no
33;mujer;1;primaria;urbana;basico;298;351;706;38;291;85;3;298;si;no
40;hombre;3;educacion superior;urbana;premium;220;546;215;26;234;66;0;9;no;no
80;mujer;1;primaria;urbana;basico;575;1291;1500;31;60;21;7;456;no;si
23;hombre;4;secundaria;urbana;basico;338;1473;216;51;50;15;6;332;no;si
33;hombre;1;secundaria;urbana;medio;469;756;1460;18;141;110;0;379;no;no
40;mujer;5;educacion superior;urbana;basico;661;1050;506;58;87;44;5;309;no;si
62;hombre;4;primaria;rural;basico;64;1951;277;24;225;13;6;296;no;si
73;hombre;1;secundaria;urbana;premium;985;228;1119;21;206;36;9;113;no;si
47;mujer;4;secundaria;rural;premium;143;1958;176;33;62;91;6;442;no;si
62;hombre;5;secundaria;urbana;basico;587;279;969;37;220;49;4;493;no;si
23;mujer;3;secundaria;urbana;basico;662;1843;425;39;60;48;6;117;no;no
73;hombre;1;primaria;rural;basico;157;767;188;59;64;78;4;295;no;si
16;mujer;5;primaria;urbana;basico;452;1643;587;28;67;63;3;393;no;si
73;hombre;2;secundaria;rural;basico;305;1371;1242;59;124;88;8;70;no;no
21;hombre;1;primaria;urbana;basico;444;265;1445;22;151;69;6;202;no;si
69;hombre;5;primaria;urbana;basico;308;1802;1025;23;119;117;3;162;no;si
17;hombre;1;secundaria;urbana;premium;248;766;1493;37;183;44;10;272;no;si
36;mujer;4;secundaria;urbana;medio;279;1700;500;43;125;44;4;115;si;no
55;hombre;6;secundaria;rural;basico;137;604;613;29;228;67;3;406;no;si
58;mujer;6;secundaria;rural;medio;237;1220;879;1;85;35;10;325;si;no
59;hombre;2;secundaria;urbana;basico;418;594;791;13;255;72;10;378;si;no
62;hombre;1;primaria;rural;premium;510;1903;1030;18;144;63;6;352;no;si
59;hombre;3;educacion superior;rural;medio;644;598;861;22;89;21;2;476;no;no
72;hombre;2;educacion superior;urbana;medio;306;1305;1495;2;0;12;10;414;si;no
27;hombre;6;primaria;rural;medio;740;1588;1229;35;283;52;7;373;no;si
51;mujer;4;secundaria;urbana;medio;815;135;554;37;209;95;5;350;no;si
64;hombre;5;secundaria;rural;premium;757;395;326;46;123;113;7;119;no;no
74;hombre;3;secundaria;urbana;medio;333;885;926;59;51;2;10;429;no;si
66;mujer;3;secundaria;urbana;premium;277;1231;1239;18;65;18;9;254;si;no
75;hombre;5;secundaria;urbana;basico;16;944;1364;32;166;11;10;485;no;si
59;hombre;3;educacion superior;rural;medio;915;574;1288;38;176;88;8;241;no;si
24;mujer;2;secundaria;rural;basico;359;1852;1038;25;119;22;7;357;no;si
26;mujer;1;secundaria;urbana;basico;496;1939;1051;51;97;79;5;226;no;no
76;mujer;1;secundaria;rural;premium;474;787;1137;22;174;113;4;225;no;si
17;hombre;6;primaria;rural;basico;956;1122;1381;2;209;118;3;285;no;no
35;hombre;2;primaria;urbana;basico;908;1846;1280;45;263;108;4;252;si;no
23;mujer;3;secundaria;rural;medio;952;810;163;23;246;81;8;361;no;si
21;hombre;4;primaria;urbana;basico;153;548;833;42;71;100;0;101;no;no
20;mujer;1;educacion superior;rural;premium;576;225;855;28;235;35;9;479;no;no
73;mujer;6;educacion superior;urbana;medio;906;780;746;59;193;8;0;33;si;no
49;hombre;5;secundaria;rural;premium;708;1742;280;48;175;115;2;484;no;no
20;hombre;1;secundaria;rural;basico;880;1906;164;46;190;97;9;320;no;si
34;mujer;4;educacion superior;urbana;premium;304;1426;1269;55;191;50;4;302;no;si
52;mujer;3;secundaria;rural;basico;919;703;725;25;296;20;7;354;no;si
36;hombre;3;primaria;rural;basico;90;125;512;52;267;91;4;36;si;no
16;mujer;4;secundaria;rural;premium;758;331;784;36;98;6;5;211;no;si
30;hombre;5;primaria;rural;medio;862;1019;766;22;129;102;9;201;no;si
25;mujer;5;educacion superior;urbana;medio;912;1485;1016;37;9;77;6;132;no;no
70;mujer;5;secundaria;urbana;medio;551;835;1196;57;245;71;8;84;no;si
42;mujer;1;educacion superior;urbana;basico;544;1692;245;36;143;113;5;378;no;no
46;hombre;1;secundaria;urbana;basico;760;182;131;51;185;26;8;415;no;si
64;mujer;5;primaria;urbana;medio;602;543;1347;3;53;15;1;157;si;no
29;mujer;3;secundaria;urbana;medio;431;873;914;3;41;18;5;481;no;no
69;mujer;4;secundaria;rural;medio;81;800;417;35;251;97;3;138;no;si
72;mujer;3;secundaria;rural;medio;673;256;963;30;159;118;8;273;no;si
54;mujer;1;educacion superior;urbana;basico;381;1244;74;37;61;52;3;99;no;no
33;hombre;4;primaria;rural;medio;480;1942;1282;9;268;29;0;481;si;no
35;mujer;5;educacion superior;rural;premium;266;1474;899;42;106;53;6;428;no;si
61;hombre;6;educacion superior;rural;medio;717;1954;1274;40;112;111;4;306;no;si
63;hombre;1;primaria;urbana;medio;101;78;177;38;69;9;1;458;no;no
72;mujer;6;secundaria;urbana;basico;852;577;426;48;203;48;9;367;no;si
73;hombre;5;primaria;rural;basico;297;1478;1291;18;265;79;6;483;no;si
36;hombre;6;educacion superior;rural;premium;757;270;189;51;22;113;8;160;si;no
37;hombre;2;educacion superior;urbana;medio;995;1772;270;33;125;74;9;185;no;si
38;mujer;1;secundaria;rural;basico;472;554;1086;15;216;53;3;137;no;no
75;mujer;6;primaria;rural;basico;24;1338;1011;40;178;89;4;61;no;no
22;hombre;3;secundaria;urbana;medio;407;720;716;7;105;14;5;116;si;no
68;mujer;1;primaria;urbana;premium;789;1481;721;17;251;39;6;163;no;si
36;hombre;5;primaria;urbana;basico;635;1690;866;55;94;13;5;230;no;si
57;hombre;2;educacion superior;urbana;basico;145;208;1495;23;259;107;9;162;no;no
28;hombre;1;secundaria;urbana;premium;782;732;922;21;112;82;4;95;no;si
32;hombre;5;secundaria;urbana;basico;927;94;196;47;103;29;4;69;no;si
29;hombre;4;primaria;rural;medio;137;872;752;33;178;30;4;203;no;si
36;hombre;2;educacion superior;rural;basico;370;1660;329;34;227;68;3;180;no;si
53;hombre;5;educacion superior;urbana;basico;432;132;766;49;27;116;1;233;si;no
63;mujer;3;primaria;urbana;basico;670;1983;670;0;149;105;3;419;si;no
56;mujer;2;primaria;urbana;medio;728;1771;478;55;172;19;10;111;no;no
72;hombre;6;educacion superior;urbana;basico;265;921;1194;30;168;7;4;277;no;si
62;hombre;4;educacion superior;urbana;premium;623;1629;601;21;145;19;10;364;no;si
79;hombre;4;primaria;rural;basico;227;1001;497;56;127;120;7;173;no;si
41;mujer;5;educacion superior;rural;medio;44;1745;72;48;136;51;0;366;no;no
67;mujer;5;secundaria;urbana;medio;984;198;1352;46;149;120;10;162;si;no
68;mujer;4;educacion superior;rural;premium;157;1260;449;5;47;19;5;372;si;no
70;hombre;2;primaria;rural;medio;897;1496;1165;29;227;7;8;101;no;no
31;hombre;4;secundaria;urbana;premium;739;1848;958;24;152;106;6;415;no;si
75;hombre;2;secundaria;urbana;medio;91;1533;66;31;197;55;3;105;no;no
58;mujer;2;secundaria;rural;medio;899;1959;407;11;293;9;1;99;si;no
77;hombre;4;educacion superior;rural;medio;74;1693;1498;56;294;56;7;458;si;no
76;hombre;4;educacion superior;rural;premium;493;1672;13;46;243;29;3;452;no;no
20;hombre;5;secundaria;urbana;basico;267;317;1428;16;75;114;10;167;no;si
51;mujer;4;secundaria;rural;premium;739;1433;1180;26;218;39;3;109;no;si
25;hombre;4;primaria;urbana;premium;990;1794;868;54;237;63;6;325;no;si
37;hombre;6;primaria;rural;medio;418;1441;818;52;59;93;0;445;si;no
28;hombre;5;secundaria;rural;basico;937;1037;1024;44;119;56;9;199;no;no
55;hombre;5;primaria;urbana;basico;961;1636;167;7;87;24;3;455;no;no
51;hombre;5;educacion superior;urbana;medio;583;1447;1210;51;276;38;4;273;no;si
50;hombre;5;educacion superior;rural;medio;479;458;151;18;260;54;8;123;si;no
42;hombre;1;primaria;urbana;premium;483;644;1475;26;286;103;5;489;no;si
17;hombre;5;secundaria;urbana;premium;646;262;1282;30;78;1;7;110;no;si
26;hombre;1;primaria;rural;medio;447;696;1241;15;259;103;3;107;no;si
62;hombre;3;secundaria;urbana;basico;943;1961;382;55;258;80;10;53;no;si
38;hombre;4;educacion superior;rural;basico;879;1412;28;27;171;71;4;239;no;si
16;hombre;3;secundaria;urbana;basico;558;30;1185;47;170;54;6;443;no;si
76;hombre;4;educacion superior;urbana;premium;898;780;1158;35;206;89;4;333;no;si
75;mujer;3;educacion superior;urbana;basico;886;1998;960;55;107;22;6;335;no;no
56;hombre;5;secundaria;rural;premium;717;307;765;53;225;57;0;218;no;no
66;hombre;4;secundaria;rural;basico;902;430;790;47;158;96;7;414;no;si
66;hombre;1;primaria;rural;premium;606;1983;709;34;92;72;4;406;si;no
38;hombre;4;secundaria;urbana;basico;490;1953;1040;34;83;46;5;499;no;si
67;hombre;1;primaria;urbana;basico;819;1592;198;36;60;70;10;421;no;si
71;mujer;2;primaria;rural;medio;727;1836;1327;12;12;5;7;158;no;no
46;hombre;5;educacion superior;urbana;basico;250;205;481;46;299;24;10;335;no;no
18;hombre;3;primaria;urbana;medio;587;1013;684;36;173;98;10;285;no;si
56;hombre;1;primaria;rural;basico;480;1436;1270;38;56;37;5;103;no;si
22;mujer;3;primaria;urbana;premium;952;489;592;45;92;107;4;168;no;si
60;mujer;5;secundaria;urbana;medio;630;974;1452;13;147;77;3;92;si;no
29;hombre;1;educacion superior;rural;medio;49;62;318;56;269;78;9;329;si;no
66;hombre;2;primaria;rural;premium;926;874;953;59;252;78;4;150;no;si
53;hombre;3;secundaria;rural;premium;133;1047;477;60;165;98;6;363;no;si
66;hombre;4;secundaria;rural;premium;506;158;988;31;199;117;6;93;no;no
26;hombre;4;primaria;rural;basico;845;1198;1060;32;69;8;5;315;no;si
57;hombre;1;primaria;rural;basico;523;1141;1423;3;298;43;10;318;no;no
49;hombre;3;educacion superior;urbana;premium;55;1348;104;25;119;11;5;147;no;si
25;hombre;2;educacion superior;rural;basico;86;16;826;42;145;104;10;197;no;si
49;hombre;2;primaria;rural;medio;292;1236;872;29;242;17;6;418;no;si
34;hombre;6;educacion superior;urbana;medio;766;996;119;2;119;32;3;167;si;no
66;hombre;6;primaria;urbana;medio;981;1315;165;58;167;45;3;415;si;no
39;hombre;3;primaria;urbana;basico;107;1648;1015;30;243;29;10;316;no;si
53;mujer;3;primaria;rural;basico;108;421;1224;4;198;88;3;59;no;no
57;hombre;5;secundaria;urbana;medio;438;796;422;59;292;6;6;382;no;si
20;hombre;1;educacion superior;rural;medio;231;1659;423;47;199;105;9;480;si;no
44;hombre;1;primaria;urbana;basico;712;1581;188;36;278;111;6;196;no;si
61;mujer;3;primaria;rural;medio;133;1353;885;16;193;99;8;248;no;si
68;mujer;2;secundaria;urbana;medio;294;1203;187;55;119;26;3;229;no;si
58;mujer;4;secundaria;rural;premium;921;1819;242;19;298;92;2;482;no;no
49;hombre;6;secundaria;rural;basico;175;1976;44;30;264;56;10;369;si;no
29;hombre;6;secundaria;urbana;premium;33;676;573;47;192;116;9;424;no;si
78;mujer;6;educacion superior;rural;medio;27;1512;829;10;250;88;4;379;si;no
66;hombre;6;educacion superior;urbana;medio;990;138;1324;42;102;108;4;342;no;si
66;mujer;1;educacion superior;rural;medio;899;480;685;21;286;45;5;123;no;si
54;mujer;3;secundaria;rural;premium;199;1101;866;33;86;91;5;253;no;no
40;mujer;3;educacion superior;rural;premium;321;1174;854;25;136;51;4;2;no;no
47;hombre;2;secundaria;rural;premium;34;797;922;36;274;53;9;104;no;no
69;hombre;1;educacion superior;urbana;medio;29;727;40;56;189;11;4;164;no;si
71;hombre;3;primaria;rural;basico;996;1068;1011;7;290;97;6;53;si;no
29;hombre;6;educacion superior;urbana;basico;305;1554;173;45;193;46;10;288;no;si
54;hombre;1;primaria;urbana;medio;953;1597;1359;2;215;105;9;373;no;no
65;hombre;1;educacion superior;urbana;premium;886;40;1044;12;252;94;3;272;si;no
29;hombre;1;secundaria;rural;premium;504;1685;1399;23;211;41;3;452;no;no
66;hombre;5;secundaria;rural;premium;314;370;1336;39;184;117;10;418;no;si
76;mujer;3;educacion superior;urbana;medio;192;735;853;37;196;111;7;434;no;no
77;hombre;6;educacion superior;rural;basico;336;1297;1106;49;111;33;6;362;no;si
58;mujer;4;educacion superior;urbana;basico;13;371;394;24;180;69;5;111;no;si
66;hombre;5;educacion superior;rural;medio;301;1733;260;35;62;108;10;39;no;no
78;mujer;3;primaria;urbana;medio;666;1638;1206;44;281;119;5;385;no;si
54;hombre;5;secundaria;rural;premium;258;452;737;4;153;90;2;43;si;no
19;mujer;3;primaria;rural;basico;4;727;1363;43;249;89;6;435;no;no
75;mujer;1;secundaria;rural;medio;322;341;648;40;250;76;5;160;no;si
34;mujer;2;secundaria;rural;medio;171;1015;1193;19;193;18;6;303;no;si
68;hombre;3;educacion superior;urbana;medio;844;343;272;43;291;54;5;109;no;si
37;hombre;4;primaria;urbana;medio;302;1118;990;53;219;2;1;135;no;no
25;mujer;5;educacion superior;urbana;premium;251;1784;91;19;114;108;3;499;no;si
72;hombre;1;educacion superior;rural;medio;710;778;1396;43;219;59;3;331;no;si
68;hombre;2;secundaria;urbana;basico;711;1395;87;40;159;36;0;48;no;no
51;hombre;4;secundaria;rural;basico;522;1792;1076;36;164;98;5;394;no;si
67;hombre;2;educacion superior;rural;basico;695;1794;1212;54;148;95;8;29;no;no
43;hombre;5;educacion superior;urbana;basico;195;1840;37;7;19;93;8;71;no;no
67;hombre;6;secundaria;urbana;basico;468;1885;298;17;201;80;10;359;si;no
34;hombre;3;educacion superior;urbana;medio;624;1955;156;31;74;105;8;480;no;no
35;hombre;5;educacion superior;urbana;premium;358;625;1421;17;272;5;5;256;no;si
35;hombre;4;educacion superior;rural;basico;116;719;1238;55;161;83;6;196;no;si
57;hombre;2;secundaria;rural;medio;863;1946;1050;18;143;105;7;210;no;no
62;hombre;3;primaria;urbana;basico;427;1141;749;23;185;83;9;193;no;si
72;mujer;5;educacion superior;rural;premium;336;325;1325;35;67;39;4;148;no;si
31;mujer;6;secundaria;rural;premium;11;944;365;40;90;99;2;107;si;no
51;hombre;1;secundaria;rural;premium;667;720;345;25;226;71;10;281;no;si
51;hombre;6;secundaria;urbana;premium;319;1428;351;37;126;116;10;159;no;si
71;hombre;4;educacion superior;rural;medio;280;92;1323;19;152;8;10;460;no;no
79;mujer;1;secundaria;rural;basico;754;1783;1421;57;212;25;4;82;no;no
62;hombre;1;educacion superior;urbana;premium;947;105;762;2;3;40;4;361;no;no
24;hombre;3;educacion superior;urbana;medio;82;374;687;40;87;28;4;203;si;no
57;hombre;3;secundaria;urbana;basico;196;1709;643;20;30;108;1;15;no;no
60;hombre;5;educacion superior;urbana;medio;118;1612;1209;44;213;21;7;362;no;si
20;hombre;6;primaria;rural;premium;945;202;1203;59;209;70;5;359;no;si
75;mujer;5;secundaria;urbana;medio;4;1844;1278;1;180;72;2;491;si;no
51;hombre;5;secundaria;urbana;basico;616;1426;369;56;93;44;10;118;no;si
51;mujer;6;educacion superior;rural;premium;856;1698;35;20;271;85;9;375;si;no
80;mujer;5;educacion superior;urbana;medio;872;1333;977;56;184;93;2;201;no;no
42;mujer;2;secundaria;rural;premium;718;1058;57;13;146;98;6;488;si;no
17;hombre;4;primaria;urbana;premium;43;1707;858;49;225;32;10;197;no;si
21;hombre;3;educacion superior;urbana;basico;30;1222;1110;49;235;59;5;483;no;si
53;hombre;3;educacion superior;urbana;premium;878;230;958;33;198;50;4;307;no;si
34;hombre;5;primaria;urbana;medio;616;338;842;52;251;117;3;473;si;no
48;mujer;6;educacion superior;rural;medio;89;1531;532;35;105;4;5;333;no;si
49;mujer;6;primaria;urbana;medio;233;1642;1096;25;293;72;3;430;si;no
17;hombre;4;secundaria;rural;medio;656;1813;1067;7;74;53;5;7;no;no
30;hombre;6;primaria;urbana;premium;73;932;720;56;4;107;10;428;si;no
72;hombre;1;primaria;urbana;basico;418;887;652;24;75;55;7;463;no;si
77;hombre;4;primaria;rural;premium;805;672;946;44;173;57;5;135;si;no
46;hombre;2;primaria;rural;medio;408;121;1284;50;269;83;10;279;no;si
61;mujer;2;educacion superior;rural;basico;759;906;1001;16;128;25;0;16;si;no
39;hombre;3;educacion superior;rural;basico;737;525;654;40;212;95;10;347;si;no
42;hombre;2;secundaria;rural;premium;486;249;1277;29;129;36;8;344;no;si
47;hombre;5;secundaria;rural;basico;498;263;442;37;207;9;4;330;no;si
25;hombre;5;educacion superior;rural;basico;670;1513;1402;44;276;54;10;247;si;no
61;hombre;3;educacion superior;rural;medio;96;1739;1186;30;143;16;8;339;no;si
25;mujer;4;educacion superior;urbana;premium;357;740;1279;27;295;102;5;103;no;si
70;mujer;3;primaria;urbana;premium;79;1651;1093;48;111;33;5;251;si;no
40;hombre;1;secundaria;rural;medio;518;525;1130;37;47;13;1;272;si;no
18;hombre;2;primaria;rural;basico;663;859;719;55;120;23;9;358;no;si
18;mujer;1;secundaria;rural;basico;972;1747;245;46;122;68;4;184;no;si
75;hombre;5;educacion superior;rural;medio;468;1989;1144;14;204;25;10;324;si;no
24;mujer;3;secundaria;urbana;premium;863;1162;529;17;135;99;8;156;no;si
68;hombre;1;secundaria;urbana;medio;628;151;994;56;234;86;7;415;si;no
19;hombre;5;primaria;urbana;premium;905;204;683;52;41;10;4;392;no;no
22;mujer;2;primaria;urbana;medio;248;11;108;55;140;80;1;43;si;no
78;mujer;2;secundaria;rural;medio;489;374;395;46;213;107;5;403;no;no
22;hombre;4;primaria;rural;basico;405;135;120;55;104;61;2;245;si;no
55;hombre;4;primaria;urbana;basico;856;1824;1219;29;160;36;5;326;no;si
71;hombre;5;primaria;urbana;premium;657;1328;780;42;230;57;10;412;no;si
72;hombre;1;primaria;rural;medio;830;1929;90;27;115;72;4;387;no;si
60;mujer;2;secundaria;urbana;medio;878;1344;398;54;219;116;3;286;no;si
33;hombre;1;secundaria;urbana;basico;618;285;1027;15;66;14;6;346;no;si
41;hombre;1;secundaria;rural;premium;989;1901;92;25;200;51;3;165;no;si
78;hombre;5;secundaria;urbana;premium;804;1019;737;33;44;2;9;284;no;no
23;mujer;6;primaria;urbana;medio;724;321;1170;27;226;8;9;141;no;si
48;hombre;4;primaria;rural;premium;80;1466;840;11;78;44;1;244;si;no
26;hombre;1;secundaria;urbana;medio;174;424;197;48;246;58;4;117;no;no
17;hombre;6;primaria;rural;premium;974;479;906;34;157;84;3;64;no;si
27;hombre;4;educacion superior;rural;premium;340;1133;87;60;53;87;3;53;no;si
54;hombre;6;secundaria;rural;medio;913;1455;956;58;103;69;9;219;no;si
28;hombre;5;primaria;rural;medio;631;1939;4;15;187;27;6;248;si;no
27;mujer;6;secundaria;rural;basico;69;1632;1014;54;87;73;4;41;si;no
46;mujer;5;secundaria;rural;basico;811;761;602;40;31;16;10;456;si;no
51;hombre;2;secundaria;rural;medio;379;627;326;22;179;85;4;298;no;si
23;hombre;4;educacion superior;rural;basico;872;546;990;56;290;63;4;433;no;si
47;mujer;1;educacion superior;rural;medio;715;67;874;26;145;113;7;164;no;si
45;hombre;1;secundaria;rural;basico;561;1348;699;49;47;78;7;261;no;no
77;mujer;5;secundaria;rural;premium;682;415;612;3;88;10;5;302;si;no
25;hombre;6;primaria;rural;basico;163;1297;797;24;36;2;7;318;no;no
56;hombre;5;educacion superior;urbana;medio;88;1815;1017;14;294;84;5;275;si;no
41;mujer;1;educacion superior;rural;premium;448;839;687;27;51;97;5;452;no;no
50;hombre;5;educacion superior;urbana;premium;177;604;1327;43;198;2;5;273;no;no
30;mujer;3;secundaria;rural;premium;65;1676;30;40;140;63;9;438;no;si
66;hombre;1;primaria;rural;medio;189;1148;882;45;234;29;6;423;no;si
69;hombre;1;secundaria;urbana;medio;361;1552;744;43;209;13;5;138;no;si
70;mujer;3;educacion superior;urbana;premium;971;601;970;8;19;83;5;294;no;no
65;hombre;3;educacion superior;urbana;medio;557;1353;138;18;111;8;9;284;no;si
21;hombre;6;educacion superior;urbana;premium;203;1477;1125;26;64;33;7;177;no;si
76;hombre;4;secundaria;urbana;premium;319;1424;534;46;48;28;6;481;si;no
20;hombre;6;educacion superior;urbana;medio;187;1250;650;28;144;105;4;136;no;si
60;hombre;2;primaria;urbana;basico;129;1488;787;43;120;63;5;338;no;si
64;mujer;1;primaria;urbana;basico;787;1336;704;60;256;72;2;295;no;no
25;hombre;5;secundaria;urbana;basico;226;784;599;44;168;47;6;305;no;si
28;hombre;2;secundaria;rural;medio;521;314;1496;18;293;44;8;353;no;si
74;hombre;1;primaria;rural;medio;717;322;5;42;103;18;5;290;no;si
54;hombre;5;secundaria;urbana;basico;416;1211;1255;31;290;112;10;453;no;si
39;mujer;4;primaria;urbana;basico;519;210;818;51;111;111;8;103;no;si
62;hombre;2;secundaria;urbana;premium;329;1447;77;47;79;102;10;181;no;si
61;hombre;2;primaria;rural;basico;213;634;849;25;178;88;6;304;no;si
16;hombre;3;educacion superior;urbana;premium;112;766;1358;58;122;14;8;391;no;si
31;mujer;6;educacion superior;urbana;medio;810;341;524;32;294;57;0;132;no;no
60;hombre;3;educacion superior;rural;medio;897;588;1344;18;271;36;8;453;no;no
53;hombre;2;primaria;urbana;basico;845;511;568;39;65;81;8;50;no;si
68;mujer;1;primaria;urbana;basico;548;1307;879;37;186;17;9;242;no;si
22;mujer;4;primaria;urbana;premium;853;1547;129;41;163;56;0;189;si;no
22;mujer;5;primaria;rural;premium;761;1484;47;33;142;106;5;411;si;no
37;mujer;6;secundaria;urbana;medio;414;1503;104;37;105;61;5;363;no;si
67;mujer;1;primaria;rural;medio;400;1288;749;59;147;14;9;79;si;no
37;hombre;5;educacion superior;urbana;medio;888;1402;117;40;113;87;9;267;no;si
50;hombre;1;educacion superior;urbana;medio;934;879;304;60;92;66;9;228;no;si
23;hombre;2;educacion superior;rural;medio;106;183;1081;55;286;30;10;263;no;si
66;hombre;3;secundaria;urbana;medio;385;472;842;37;212;86;4;462;no;si
28;hombre;5;primaria;urbana;basico;826;1331;1066;36;156;115;4;349;no;si
55;mujer;5;secundaria;urbana;premium;604;1437;792;15;224;7;4;192;no;si
77;hombre;1;primaria;rural;premium;468;1173;799;39;117;74;6;257;no;si
48;mujer;4;primaria;urbana;basico;330;468;1115;55;132;108;1;265;si;no
29;hombre;2;educacion superior;rural;basico;37;1174;40;59;152;72;7;493;no;no
17;hombre;1;educacion superior;urbana;basico;635;1345;1229;56;101;83;10;153;no;no
49;mujer;6;educacion superior;rural;basico;930;1433;366;39;213;29;3;357;no;si
18;hombre;3;primaria;urbana;medio;809;1312;171;45;77;23;7;329;si;no
61;mujer;3;educacion superior;rural;premium;72;874;5;55;178;40;10;252;no;si
68;hombre;3;educacion superior;urbana;basico;548;1010;63;40;148;52;4;465;no;si
30;hombre;2;secundaria;urbana;basico;164;1966;180;22;292;5;8;91;si;no
52;hombre;2;secundaria;urbana;basico;769;693;1394;28;239;9;8;380;no;si
19;hombre;6;educacion superior;urbana;premium;237;1691;118;52;206;114;4;276;no;no
16;hombre;3;primaria;urbana;premium;461;198;358;33;162;10;3;60;no;si
22;hombre;5;primaria;urbana;basico;380;1752;1085;25;131;98;7;423;no;si
17;mujer;2;educacion superior;urbana;medio;343;1885;835;11;250;66;1;70;no;no
39;mujer;1;educacion superior;urbana;basico;981;597;951;22;248;12;5;491;no;si
73;hombre;5;educacion superior;urbana;medio;926;1883;1102;48;274;14;7;156;no;si
55;hombre;5;educacion superior;urbana;premium;197;1883;1014;15;121;34;8;228;no;no
51;hombre;1;primaria;urbana;premium;166;1294;95;57;141;95;1;495;no;no
49;mujer;3;primaria;urbana;medio;45;1154;1260;30;265;82;7;231;no;si
49;hombre;2;primaria;rural;premium;727;1920;1180;49;79;63;4;387;si;no
79;mujer;4;educacion superior;urbana;medio;239;1349;543;8;249;71;1;215;no;no
34;mujer;6;primaria;rural;basico;954;1825;724;18;251;14;4;152;no;si
44;hombre;2;primaria;urbana;premium;915;686;450;41;296;92;8;416;no;si
72;hombre;6;educacion superior;urbana;medio;717;1771;941;22;175;38;7;222;no;si
56;hombre;1;secundaria;urbana;basico;877;762;1398;24;51;7;4;357;no;no
36;mujer;4;educacion superior;rural;medio;47;162;634;53;232;71;5;275;no;si
38;mujer;1;educacion superior;urbana;basico;1000;358;304;59;228;47;5;425;no;si
67;mujer;2;secundaria;urbana;basico;599;1027;1271;44;150;88;9;173;si;no
63;hombre;3;secundaria;urbana;medio;985;1241;970;39;201;71;8;132;no;si
28;mujer;2;primaria;urbana;premium;587;90;1370;50;125;91;8;90;no;si
58;hombre;5;primaria;urbana;premium;694;1257;416;21;79;102;6;399;si;no
75;hombre;2;educacion superior;rural;medio;571;1152;1479;24;181;4;8;353;no;si
80;hombre;1;educacion superior;urbana;premium;57;40;894;48;91;109;9;247;no;si
20;hombre;1;secundaria;urbana;premium;726;176;614;29;88;73;6;406;no;si
59;mujer;2;secundaria;rural;medio;990;1429;699;8;268;64;5;153;si;no
43;hombre;2;educacion superior;urbana;medio;366;1930;36;15;99;117;9;103;no;si
52;hombre;2;secundaria;rural;medio;566;359;102;39;180;41;8;398;no;si
34;hombre;6;primaria;urbana;basico;348;1592;15;30;252;27;2;149;si;no
18;mujer;2;primaria;rural;premium;205;1209;879;28;77;44;10;166;no;si
44;hombre;3;primaria;urbana;premium;709;861;1317;31;214;43;9;316;no;si
62;mujer;3;primaria;urbana;medio;242;971;86;29;53;33;2;50;no;no
64;hombre;3;educacion superior;rural;premium;572;1927;1479;5;226;29;9;278;no;no
21;hombre;5;primaria;rural;medio;254;97;478;47;298;80;2;181;no;no
63;hombre;5;educacion superior;urbana;basico;164;378;1171;19;157;2;7;370;si;no
17;mujer;6;educacion superior;urbana;medio;529;1714;1333;16;186;78;7;23;no;no
57;hombre;2;educacion superior;urbana;premium;393;1118;92;1;85;78;4;267;no;no
35;hombre;4;primaria;urbana;premium;489;618;518;45;248;58;9;240;si;no
33;mujer;1;secundaria;urbana;medio;464;406;59;52;197;53;7;424;no;si
51;hombre;5;primaria;rural;basico;932;999;566;2;98;45;4;136;si;no
69;hombre;1;educacion superior;rural;medio;541;1284;555;30;180;33;3;356;si;no
54;hombre;6;primaria;rural;basico;248;1338;681;41;153;53;9;46;si;no
41;hombre;6;educacion superior;rural;medio;441;201;353;59;205;42;3;350;no;si
33;mujer;5;primaria;rural;basico;396;173;244;50;10;85;7;146;no;no
26;mujer;6;secundaria;rural;premium;60;512;1419;46;144;17;10;127;no;si
53;hombre;1;primaria;rural;premium;44;1058;1305;60;274;26;6;180;no;no
80;mujer;4;secundaria;rural;premium;706;1940;514;53;264;3;5;487;no;si
56;mujer;2;secundaria;rural;medio;424;1749;966;48;75;32;6;368;no;si
54;hombre;1;educacion superior;rural;premium;872;1490;619;27;280;18;9;466;no;no
32;mujer;6;educacion superior;rural;premium;795;1489;122;55;229;120;8;412;no;si
43;hombre;5;primaria;rural;medio;716;861;442;60;289;67;7;228;no;si
57;mujer;6;secundaria;urbana;premium;120;748;683;35;104;27;7;495;si;no
77;mujer;4;educacion superior;rural;medio;384;1022;1093;54;292;96;6;90;no;no
27;mujer;1;primaria;urbana;premium;872;1784;997;47;115;34;10;427;no;si
25;mujer;2;educacion superior;rural;basico;50;460;1483;28;250;10;5;384;no;si
44;mujer;6;educacion superior;urbana;premium;318;91;1225;21;105;80;6;210;no;no
69;mujer;2;educacion superior;urbana;basico;7;1068;170;17;258;41;7;108;si;no
59;mujer;5;educacion superior;urbana;medio;481;1363;189;29;205;24;5;315;si;no
23;hombre;5;secundaria;rural;medio;164;121;288;17;237;83;4;292;no;si
53;mujer;5;educacion superior;rural;premium;593;21;663;47;271;63;1;436;no;no
52;hombre;3;educacion superior;urbana;medio;291;921;341;34;172;63;9;109;no;si
46;mujer;2;educacion superior;rural;premium;951;1868;1121;43;45;82;0;469;no;no
43;hombre;1;primaria;urbana;premium;0;1351;1210;23;199;106;10;458;si;no
70;hombre;2;educacion superior;urbana;premium;673;1616;1445;18;190;81;9;21;si;no
72;hombre;5;primaria;rural;premium;717;833;458;27;254;80;5;239;no;si
80;hombre;4;educacion superior;rural;medio;983;1339;285;30;23;117;10;385;si;no
61;mujer;4;secundaria;rural;medio;676;732;788;53;224;19;1;318;no;no
18;hombre;3;primaria;rural;premium;471;881;773;17;65;58;9;65;no;no
34;hombre;1;secundaria;rural;basico;861;634;444;10;106;73;0;374;si;no
27;hombre;6;primaria;urbana;basico;756;789;903;21;58;11;2;484;si;no
68;hombre;3;primaria;rural;premium;58;59;1211;48;149;95;5;326;no;si
76;mujer;4;primaria;urbana;medio;188;281;449;27;166;109;2;452;si;no
26;mujer;5;secundaria;urbana;medio;299;1090;1322;39;290;116;10;410;si;no
26;hombre;4;educacion superior;urbana;medio;261;147;1169;56;3;93;3;317;no;no
78;hombre;1;primaria;urbana;premium;16;1098;961;34;163;80;7;5;si;no
79;mujer;2;educacion superior;rural;basico;262;979;235;20;199;59;4;439;no;si
48;mujer;5;secundaria;urbana;medio;564;981;826;35;63;20;7;244;no;si
43;hombre;6;primaria;urbana;basico;717;931;627;20;248;106;10;454;no;si
62;mujer;5;primaria;urbana;basico;251;1327;206;26;291;13;8;6;no;no
41;mujer;2;educacion superior;urbana;medio;300;1763;641;48;204;44;8;146;no;si
76;mujer;4;primaria;rural;medio;263;1310;1258;28;190;80;9;315;no;si
56;mujer;1;primaria;urbana;medio;442;575;1338;43;149;64;5;174;no;si
50;hombre;1;educacion superior;rural;medio;283;533;256;8;229;80;9;187;no;no
34;mujer;1;educacion superior;rural;premium;635;257;217;41;196;62;5;479;no;si
16;hombre;6;primaria;urbana;basico;735;1395;55;60;146;112;7;451;no;si
74;hombre;2;secundaria;urbana;medio;592;386;508;22;233;6;6;228;no;si
39;hombre;4;secundaria;rural;medio;427;547;583;19;178;24;1;430;no;no
19;hombre;4;primaria;urbana;medio;794;1751;617;40;230;90;5;321;no;si
42;mujer;5;primaria;rural;premium;74;1076;129;48;123;114;9;424;no;si
40;mujer;5;primaria;rural;medio;521;1797;175;46;88;19;7;85;no;si
65;hombre;5;secundaria;urbana;medio;946;1711;410;38;106;76;10;48;si;no
70;mujer;4;secundaria;rural;premium;373;704;120;47;131;52;10;84;no;si
62;hombre;1;secundaria;urbana;basico;290;1753;685;1;148;118;0;84;si;no
31;mujer;1;primaria;rural;medio;907;1655;232;41;124;43;8;371;no;si
66;mujer;1;primaria;rural;basico;617;500;282;7;223;69;2;258;si;no
27;mujer;1;secundaria;rural;premium;634;1884;455;19;291;1;0;11;no;no
36;hombre;6;primaria;urbana;premium;612;1222;495;38;272;113;4;380;no;si
74;hombre;3;primaria;urbana;basico;129;1899;1094;20;143;101;6;410;no;si
69;mujer;2;primaria;rural;medio;590;719;223;49;269;33;8;140;no;si
54;mujer;1;secundaria;rural;premium;887;1853;223;36;185;27;4;325;no;no
38;hombre;2;educacion superior;urbana;basico;227;1936;1484;45;103;53;8;489;no;si
33;hombre;3;educacion superior;rural;premium;416;1891;19;20;242;47;3;61;no;no
63;mujer;2;educacion superior;urbana;premium;433;775;15;14;242;113;2;438;si;no
68;mujer;4;primaria;urbana;premium;764;1844;1320;30;183;42;6;8;si;no
36;mujer;1;educacion superior;urbana;medio;174;1464;269;54;154;96;9;167;no;no
68;mujer;5;educacion superior;rural;medio;164;122;1209;20;164;68;3;166;no;si
33;mujer;2;primaria;urbana;basico;619;405;869;58;103;1;7;408;si;no
69;hombre;1;primaria;urbana;basico;176;1446;1290;36;115;16;10;427;si;no
26;mujer;6;secundaria;rural;medio;466;320;451;32;195;75;7;148;no;no
65;hombre;5;secundaria;rural;medio;320;1255;500;28;123;25;10;174;no;si
62;hombre;5;primaria;urbana;basico;5;857;322;31;121;68;5;187;no;si
25;hombre;1;educacion superior;rural;basico;328;1953;200;38;59;26;3;277;no;si
22;hombre;1;primaria;rural;basico;975;198;1395;57;184;26;7;282;no;si
53;mujer;5;primaria;urbana;basico;627;1091;966;26;245;101;9;233;no;si
58;mujer;3;secundaria;rural;basico;474;765;882;31;71;53;6;218;si;no
57;mujer;3;educacion superior;urbana;basico;578;712;1389;36;36;66;1;122;si;no
22;hombre;2;primaria;urbana;medio;705;629;727;47;101;51;6;349;no;si
31;hombre;2;primaria;urbana;basico;660;1932;394;19;191;42;4;388;no;si
36;mujer;1;secundaria;rural;premium;555;287;84;50;108;29;5;149;no;no
16;hombre;6;primaria;urbana;basico;548;519;1057;40;68;34;7;177;no;si
48;mujer;6;secundaria;rural;medio;484;1784;558;38;86;1;5;368;no;si
35;hombre;6;educacion superior;rural;premium;784;423;228;45;262;108;0;47;si;no
71;mujer;6;secundaria;rural;medio;987;1960;810;54;247;41;5;211;no;si
73;mujer;3;secundaria;urbana;basico;537;1943;902;15;199;65;4;91;no;si
31;hombre;1;secundaria;rural;premium;419;453;852;59;18;68;10;54;no;no
41;hombre;3;educacion superior;rural;basico;674;225;1452;19;75;88;7;309;no;si
64;mujer;1;primaria;urbana;premium;790;86;1234;13;273;77;5;406;no;no
49;hombre;5;primaria;rural;medio;557;684;553;14;212;54;10;211;si;no
48;hombre;6;educacion superior;rural;medio;108;321;1402;38;274;9;7;219;si;no
21;hombre;1;primaria;urbana;medio;687;857;302;36;256;32;7;266;no;si
44;hombre;2;primaria;rural;basico;250;1438;304;47;68;107;3;443;no;si
42;hombre;3;primaria;rural;basico;786;1216;334;45;202;18;5;481;no;si
65;hombre;5;secundaria;rural;premium;148;906;1384;2;21;71;0;12;no;no
80;hombre;3;educacion superior;urbana;premium;582;132;158;40;185;53;10;270;no;si
33;hombre;6;educacion superior;urbana;basico;972;1689;1000;12;25;11;10;423;no;no
77;hombre;4;primaria;urbana;basico;987;438;145;46;188;95;4;227;no;si
16;hombre;1;secundaria;urbana;basico;480;1970;747;23;64;30;8;259;no;si
53;hombre;3;secundaria;urbana;basico;322;262;563;11;11;109;10;427;si;no
56;hombre;2;primaria;urbana;premium;844;931;777;17;54;75;7;302;no;si
70;hombre;2;secundaria;urbana;medio;988;696;157;38;272;4;10;140;si;no
20;mujer;4;educacion superior;rural;premium;873;1908;218;49;228;81;1;380;no;no
51;hombre;4;primaria;rural;basico;705;1125;1335;53;207;16;2;10;si;no
53;hombre;2;educacion superior;rural;premium;998;1181;666;41;170;92;3;292;no;si
67;hombre;3;secundaria;rural;premium;287;165;392;33;50;55;4;294;no;si
58;hombre;6;primaria;urbana;premium;835;935;1479;15;263;63;4;141;no;si
22;hombre;6;primaria;rural;medio;664;314;592;60;190;7;7;145;no;si
77;hombre;6;educacion superior;urbana;premium;58;1582;566;59;164;31;4;202;no;si
54;hombre;2;educacion superior;urbana;basico;891;1041;833;41;193;84;4;368;no;si
28;mujer;6;secundaria;urbana;basico;791;665;1268;19;171;115;8;394;no;no
60;hombre;5;secundaria;rural;medio;847;984;1094;52;139;50;4;359;no;no
71;mujer;2;secundaria;rural;medio;830;287;884;50;163;116;3;500;no;no
79;hombre;2;educacion superior;urbana;medio;432;513;948;18;161;1;4;438;no;no
53;hombre;2;primaria;urbana;medio;978;1189;497;31;216;50;5;401;si;no
37;hombre;1;secundaria;urbana;basico;837;1253;906;6;279;14;10;45;no;no
80;mujer;6;educacion superior;rural;basico;670;1065;1113;16;186;60;10;146;no;no
30;mujer;3;educacion superior;urbana;medio;994;1707;60;38;288;25;6;245;no;si
58;hombre;2;educacion superior;urbana;medio;283;518;700;27;58;11;1;218;no;no
50;hombre;6;primaria;urbana;basico;523;1485;560;30;187;49;5;348;no;si
30;mujer;1;secundaria;rural;basico;562;110;1092;60;26;100;5;405;no;no
52;hombre;4;primaria;urbana;medio;131;1213;136;43;283;34;3;409;no;si
34;hombre;5;primaria;urbana;premium;486;947;425;39;82;102;8;343;no;si
69;hombre;2;secundaria;urbana;premium;780;347;820;51;195;90;10;276;no;si
77;hombre;1;educacion superior;urbana;basico;292;502;1335;55;274;24;7;347;no;si
30;mujer;6;secundaria;rural;basico;298;927;884;17;262;51;9;260;no;si
80;hombre;1;educacion superior;urbana;basico;632;1019;712;42;138;78;1;260;no;no
64;mujer;4;secundaria;rural;medio;179;794;1305;42;60;77;0;190;no;no
46;hombre;5;secundaria;rural;premium;711;321;847;51;246;49;0;391;si;no
33;mujer;1;primaria;urbana;medio;347;1749;306;37;207;85;5;500;no;no
27;mujer;6;primaria;rural;premium;275;1840;1125;18;121;10;3;243;no;si
17;hombre;5;secundaria;urbana;basico;866;718;87;49;40;13;3;24;si;no
37;hombre;3;educacion superior;rural;basico;957;299;889;5;33;66;4;54;no;no
45;mujer;4;educacion superior;urbana;basico;536;535;1139;36;117;111;4;430;no;si
67;mujer;1;primaria;rural;medio;845;188;1120;9;56;17;7;494;no;no
26;hombre;1;secundaria;rural;medio;750;1126;1095;47;155;79;6;287;no;no
22;hombre;4;primaria;rural;basico;42;983;1432;32;257;91;6;58;si;no
44;mujer;4;educacion superior;rural;medio;431;989;508;24;105;95;3;410;si;no
29;hombre;2;secundaria;urbana;premium;343;1731;108;45;192;6;3;119;si;no
46;hombre;3;primaria;urbana;premium;648;1092;1169;49;162;101;7;456;no;si
33;mujer;3;primaria;rural;medio;600;1962;920;16;169;37;7;208;no;si
72;mujer;3;educacion superior;rural;medio;663;183;1255;47;185;101;0;33;no;no
53;mujer;4;secundaria;rural;premium;35;1048;319;18;183;40;6;449;no;si
74;hombre;4;primaria;urbana;premium;622;1581;1396;27;7;93;3;330;no;no
55;hombre;2;primaria;urbana;medio;260;995;158;20;260;64;6;134;no;si
40;hombre;6;educacion superior;urbana;basico;220;716;1325;24;213;81;6;455;si;no
28;mujer;3;primaria;urbana;basico;439;746;597;47;86;68;6;179;no;si
79;hombre;1;secundaria;rural;premium;907;1429;1195;45;157;62;8;251;no;si
66;hombre;1;secundaria;rural;basico;387;742;1231;11;2;92;1;388;no;no
28;mujer;5;educacion superior;urbana;premium;800;112;1295;23;130;118;7;154;no;si
31;mujer;3;primaria;urbana;medio;993;1214;1294;43;10;113;8;236;si;no
28;hombre;5;educacion superior;urbana;premium;918;1054;326;54;153;118;3;234;si;no
56;hombre;3;primaria;rural;medio;164;482;1447;15;77;111;7;395;no;si
20;hombre;2;primaria;urbana;medio;847;111;476;29;161;68;2;424;si;no
20;hombre;1;educacion superior;urbana;premium;788;75;30;42;106;57;2;488;si;no
42;hombre;5;educacion superior;urbana;basico;449;1030;246;47;84;59;7;9;no;no
60;hombre;2;primaria;rural;premium;566;950;1274;30;279;91;10;457;no;no
33;hombre;1;primaria;rural;basico;755;721;409;39;296;26;6;52;no;si
60;hombre;5;secundaria;rural;basico;452;491;690;25;196;66;6;136;no;si
41;mujer;1;primaria;rural;premium;389;1601;13;36;249;113;3;91;no;si
39;hombre;6;primaria;urbana;medio;572;1277;1094;25;247;36;10;470;no;si
70;mujer;3;secundaria;urbana;premium;62;1383;628;9;180;4;9;118;si;no
23;hombre;2;secundaria;urbana;basico;435;1131;605;41;270;89;7;495;no;si
60;hombre;4;primaria;rural;premium;329;1130;433;27;271;108;5;283;si;no
55;hombre;4;secundaria;rural;premium;877;1460;1394;31;46;79;5;402;si;no
51;hombre;3;educacion superior;rural;medio;626;1274;967;33;132;114;1;466;no;no
49;hombre;3;educacion superior;rural;basico;873;114;960;57;121;119;0;255;si;no
80;hombre;6;educacion superior;rural;medio;619;114;466;8;253;39;10;128;si;no
22;mujer;4;secundaria;rural;premium;820;13;657;60;139;7;10;108;no;si
28;hombre;6;secundaria;urbana;premium;391;1645;569;17;55;6;4;255;no;si
42;hombre;5;secundaria;urbana;basico;638;200;1143;22;296;30;1;73;no;no
32;hombre;2;educacion superior;rural;premium;486;1045;329;42;37;70;8;15;no;no
26;hombre;5;primaria;urbana;premium;500;669;608;3;56;11;10;105;si;no
47;mujer;1;secundaria;urbana;basico;103;1751;700;57;124;94;8;409;no;si
71;hombre;6;secundaria;urbana;basico;69;913;28;55;215;61;9;453;si;no
71;hombre;6;educacion superior;urbana;basico;111;1021;169;23;55;101;0;79;no;no
16;hombre;3;secundaria;rural;premium;272;1201;921;39;191;20;7;255;si;no
27;hombre;2;educacion superior;urbana;medio;584;1388;1080;40;277;53;7;427;no;si
17;hombre;1;primaria;rural;premium;549;47;642;35;96;65;3;262;no;si
27;hombre;6;primaria;urbana;medio;359;679;382;6;63;68;8;273;si;no
34;hombre;6;secundaria;urbana;premium;141;370;599;41;197;81;10;286;no;si
20;hombre;3;secundaria;rural;premium;567;1559;607;16;156;58;10;51;si;no
22;hombre;1;secundaria;rural;premium;958;800;1049;35;285;74;10;393;no;no
62;hombre;6;educacion superior;rural;premium;78;975;547;17;122;13;3;397;no;si
57;hombre;3;primaria;urbana;basico;825;302;46;27;131;22;7;451;no;si
46;hombre;2;secundaria;rural;premium;27;1271;570;26;254;78;5;128;no;si
36;hombre;6;educacion superior;urbana;basico;873;106;94;45;175;18;9;53;si;no
58;hombre;4;primaria;urbana;basico;338;1891;70;12;121;102;3;270;si;no
78;hombre;5;secundaria;rural;premium;769;256;1171;50;298;18;7;465;no;si
34;hombre;1;educacion superior;rural;premium;423;296;1264;14;88;9;7;443;si;no
51;hombre;4;educacion superior;rural;basico;791;17;470;51;207;9;9;473;no;si
51;hombre;3;secundaria;rural;basico;995;1034;734;6;185;105;4;404;si;no
23;mujer;2;primaria;urbana;premium;101;1368;792;57;128;34;9;102;si;no
26;hombre;1;secundaria;urbana;medio;946;163;1253;29;237;76;6;98;no;si
19;mujer;4;secundaria;urbana;premium;828;1654;22;18;60;18;5;169;no;si
78;hombre;6;secundaria;rural;premium;754;1118;635;58;103;24;9;206;no;si
32;mujer;5;secundaria;urbana;basico;738;1876;494;38;102;101;10;474;no;si
55;mujer;4;secundaria;rural;premium;418;1846;506;39;264;31;10;89;no;si
16;mujer;1;primaria;urbana;medio;72;462;448;38;201;5;3;395;no;si
64;hombre;1;secundaria;rural;medio;747;1697;745;51;126;102;9;259;no;si
23;hombre;4;secundaria;urbana;premium;337;63;83;20;84;59;7;443;no;si
35;hombre;1;primaria;rural;premium;794;876;1126;59;111;90;2;75;no;no
17;hombre;3;educacion superior;urbana;basico;458;1701;596;25;117;38;7;143;no;si
71;mujer;4;secundaria;rural;medio;763;1528;65;16;243;44;7;360;no;si
23;hombre;2;secundaria;rural;premium;793;413;96;37;260;12;0;104;si;no
34;hombre;3;educacion superior;rural;medio;474;1092;1083;37;191;62;7;472;no;si
57;hombre;4;secundaria;rural;medio;645;1523;839;2;16;89;7;202;no;no
35;mujer;1;educacion superior;rural;medio;950;416;1165;15;135;106;1;233;no;no
44;hombre;6;primaria;rural;basico;776;1101;298;3;169;17;3;485;si;no
55;mujer;5;educacion superior;urbana;premium;419;814;1251;55;287;65;5;150;no;si
35;mujer;4;secundaria;urbana;premium;519;479;359;9;140;81;8;84;no;no
77;hombre;6;educacion superior;rural;basico;978;514;601;25;246;8;3;143;si;no
37;hombre;5;educacion superior;rural;medio;840;167;462;29;285;111;4;76;no;si
30;hombre;5;educacion superior;urbana;premium;905;1746;289;4;93;3;0;137;no;no
65;hombre;1;educacion superior;urbana;medio;281;1463;153;57;39;55;5;73;si;no
69;hombre;5;secundaria;rural;premium;703;1256;707;13;203;10;1;93;si;no
76;mujer;1;educacion superior;urbana;premium;441;1823;862;50;118;97;5;324;no;si
61;hombre;4;educacion superior;urbana;basico;972;1434;121;52;204;6;6;499;no;si
51;hombre;5;secundaria;urbana;medio;102;725;848;38;84;4;8;399;no;no
57;mujer;1;primaria;urbana;premium;38;87;606;23;121;47;7;69;no;si
71;hombre;5;primaria;rural;medio;806;236;90;19;251;82;4;149;si;no
54;hombre;2;primaria;urbana;medio;305;704;459;26;67;43;9;263;no;si
45;hombre;6;primaria;urbana;medio;84;179;1154;60;252;93;4;114;no;si
52;hombre;4;primaria;rural;medio;346;1075;315;51;65;12;3;329;no;si
71;hombre;2;secundaria;rural;premium;726;1637;479;25;91;70;2;231;no;no
68;hombre;2;secundaria;rural;medio;824;1509;103;56;267;29;6;44;si;no
24;hombre;5;educacion superior;urbana;medio;126;63;476;27;278;69;5;141;no;no
73;mujer;5;educacion superior;urbana;basico;546;1557;525;17;114;25;2;135;si;no
30;hombre;2;educacion superior;rural;premium;1000;1559;789;21;300;56;5;94;no;si
21;hombre;2;secundaria;urbana;premium;268;1472;631;17;276;92;8;234;no;no
53;mujer;5;primaria;urbana;basico;927;1050;157;37;164;116;5;38;no;no
51;mujer;1;educacion superior;rural;basico;656;492;1338;50;260;35;1;191;no;no
34;hombre;1;educacion superior;rural;premium;743;1571;596;43;182;61;6;482;no;si
79;hombre;1;educacion superior;rural;basico;696;1826;493;30;212;60;6;419;no;no
30;hombre;3;secundaria;urbana;premium;968;1768;377;23;91;96;0;200;no;no
36;hombre;2;secundaria;rural;basico;86;1634;1226;4;225;110;0;414;no;no
31;hombre;6;secundaria;rural;basico;733;315;1173;57;230;4;3;250;no;si
19;hombre;4;secundaria;rural;premium;612;1920;602;44;200;74;6;441;no;no
30;hombre;5;educacion superior;urbana;premium;944;1699;1071;20;142;44;5;111;no;si
32;mujer;4;secundaria;rural;premium;490;855;757;18;252;84;8;231;no;si
19;hombre;6;primaria;urbana;premium;418;959;1093;44;232;116;5;372;si;no
68;hombre;1;primaria;urbana;premium;522;295;1431;24;32;10;1;222;no;no
75;mujer;6;primaria;rural;medio;889;880;1270;9;123;95;9;150;no;no
57;hombre;3;primaria;rural;basico;750;1885;1009;45;161;3;3;377;no;si
67;hombre;2;primaria;urbana;medio;637;1020;217;51;69;32;6;153;no;si
18;hombre;3;primaria;urbana;basico;119;1080;1276;43;124;101;9;397;si;no
71;hombre;4;secundaria;urbana;premium;786;206;342;13;219;78;5;305;si;no
63;mujer;2;educacion superior;urbana;basico;851;730;1330;34;145;88;4;248;no;si
27;hombre;6;secundaria;urbana;medio;939;772;1311;50;211;75;8;430;no;no
70;hombre;2;secundaria;urbana;basico;238;1;901;40;298;62;6;296;no;no
47;mujer;2;secundaria;urbana;medio;612;1143;902;17;122;90;5;339;no;si
59;hombre;2;primaria;rural;premium;665;1063;1092;15;175;67;7;434;no;si
66;hombre;2;secundaria;urbana;premium;851;5;1486;23;110;81;4;369;no;si
80;hombre;5;primaria;rural;basico;122;1766;993;46;189;99;5;412;no;no
63;mujer;2;primaria;rural;premium;863;41;340;5;194;82;7;349;no;no
69;hombre;5;educacion superior;urbana;medio;634;369;703;35;159;16;6;88;no;si
53;hombre;6;educacion superior;urbana;premium;773;1394;825;22;195;81;5;96;no;si
69;hombre;3;primaria;rural;medio;431;965;332;26;251;7;4;389;no;si
65;hombre;1;secundaria;rural;premium;467;1399;216;42;282;8;8;480;no;si
21;hombre;6;educacion superior;rural;medio;851;1369;39;34;211;28;4;381;no;si
40;hombre;6;primaria;urbana;medio;186;1137;1422;20;142;27;8;286;no;si
58;hombre;3;educacion superior;urbana;basico;836;657;1257;0;286;42;0;389;si;no
16;hombre;2;secundaria;urbana;basico;729;928;1366;60;27;66;6;276;no;no
60;mujer;1;secundaria;rural;medio;490;703;1380;21;247;49;10;163;no;si
47;mujer;6;secundaria;urbana;basico;384;1364;436;55;297;8;10;203;no;si
37;hombre;5;educacion superior;rural;basico;720;1000;643;21;248;46;8;66;no;si
22;hombre;2;educacion superior;urbana;medio;690;1007;114;26;71;71;1;241;no;no
33;hombre;6;educacion superior;urbana;premium;154;170;305;30;76;50;9;378;si;no
43;mujer;5;educacion superior;urbana;basico;294;1131;1000;36;163;54;6;292;no;si
24;mujer;2;educacion superior;urbana;premium;669;1055;34;15;101;104;10;208;no;si
32;mujer;3;primaria;rural;medio;724;428;1324;18;105;95;6;196;no;si
34;hombre;5;educacion superior;urbana;premium;380;1236;734;23;197;6;3;96;no;si
49;mujer;6;educacion superior;rural;basico;551;51;339;56;193;28;5;317;no;si
52;hombre;4;secundaria;urbana;medio;898;736;1315;54;208;76;4;367;no;si
16;mujer;2;primaria;urbana;basico;976;635;1262;24;70;5;5;126;no;si
41;hombre;4;primaria;urbana;basico;166;403;1356;31;275;25;5;203;no;si
40;hombre;1;primaria;rural;basico;530;1634;463;38;291;119;3;500;no;si
55;hombre;4;educacion superior;rural;premium;45;1129;824;41;180;13;9;295;no;si
33;mujer;5;educacion superior;rural;basico;91;1807;810;28;250;14;3;428;no;si
68;hombre;2;primaria;rural;premium;645;196;516;25;244;44;5;400;no;si
73;hombre;3;primaria;urbana;premium;188;1552;421;36;125;112;6;342;no;si
19;hombre;5;primaria;rural;basico;279;1455;910;32;115;81;5;109;no;si
18;hombre;2;educacion superior;urbana;premium;875;1244;1461;28;197;12;9;78;no;no
33;mujer;2;primaria;rural;premium;67;1108;663;46;71;35;7;173;no;si
79;hombre;2;educacion superior;urbana;premium;892;173;362;40;26;47;1;415;si;no
16;mujer;6;secundaria;urbana;basico;605;1450;834;25;101;9;9;465;no;no
17;mujer;6;secundaria;urbana;basico;117;1816;971;4;274;35;3;15;no;no
29;hombre;2;secundaria;rural;medio;335;1779;1242;59;131;71;8;192;no;si
47;mujer;2;educacion superior;rural;basico;416;1334;62;58;212;89;5;171;no;si
25;hombre;3;educacion superior;rural;premium;555;1544;1317;19;89;112;6;147;no;si
59;mujer;5;educacion superior;urbana;medio;937;179;233;0;291;78;9;159;no;no
16;hombre;6;primaria;urbana;medio;307;329;230;32;201;81;5;125;no;si
25;mujer;3;primaria;rural;medio;176;417;565;59;101;40;9;138;no;si
43;mujer;4;secundaria;rural;premium;317;197;1218;16;94;12;6;51;si;no
19;hombre;5;secundaria;urbana;medio;848;813;276;42;163;9;8;455;no;si
77;hombre;6;secundaria;urbana;basico;561;1300;754;4;252;87;1;210;si;no
36;mujer;2;secundaria;rural;premium;531;790;1315;43;194;88;6;121;no;si
53;mujer;1;secundaria;rural;medio;549;825;1377;38;237;68;4;249;no;si
64;hombre;6;educacion superior;urbana;premium;751;1018;376;49;123;76;3;47;si;no
32;mujer;1;secundaria;urbana;basico;926;290;336;26;196;119;7;102;no;no
73;hombre;2;secundaria;rural;basico;313;714;1426;10;102;114;6;121;no;no
56;hombre;4;educacion superior;rural;premium;941;228;366;10;51;98;5;168;si;no
18;hombre;5;secundaria;rural;medio;603;1476;3;34;20;35;1;326;no;no
26;hombre;1;educacion superior;rural;basico;791;23;898;51;142;106;1;327;no;no
32;mujer;5;secundaria;rural;medio;943;1690;179;33;53;90;7;483;no;si
28;hombre;1;primaria;rural;basico;663;327;85;59;21;30;4;19;si;no
49;mujer;3;secundaria;urbana;medio;313;1852;1302;29;208;115;3;399;no;si
49;hombre;4;secundaria;urbana;medio;560;1355;198;23;100;82;8;107;no;si
32;hombre;5;educacion superior;rural;premium;193;892;1413;58;224;101;10;368;no;si
66;mujer;2;primaria;urbana;basico;796;420;754;35;300;41;10;434;no;si
51;hombre;5;secundaria;urbana;medio;711;396;395;49;120;120;5;5;no;no
71;hombre;6;primaria;rural;basico;17;571;496;20;88;77;6;402;no;si
57;mujer;5;secundaria;urbana;medio;137;909;1476;44;96;120;10;226;no;si
69;hombre;3;primaria;rural;basico;413;1028;635;29;183;68;9;276;no;si
60;hombre;5;secundaria;rural;basico;7;3;91;14;58;4;8;310;no;no
79;hombre;6;secundaria;urbana;medio;284;331;1428;38;173;10;1;211;si;no
44;hombre;4;secundaria;rural;premium;239;880;919;55;152;56;4;282;no;si
64;hombre;1;secundaria;rural;basico;954;1000;544;6;210;120;8;418;no;no
42;hombre;3;educacion superior;rural;premium;807;1180;1325;39;187;15;8;263;si;no
59;hombre;2;educacion superior;rural;premium;176;1589;507;31;172;69;4;364;no;no
17;mujer;2;primaria;urbana;basico;948;1468;1422;18;70;10;6;325;no;si
41;hombre;1;primaria;rural;basico;355;45;503;23;277;88;5;181;no;si
44;hombre;3;secundaria;urbana;premium;381;428;137;34;240;33;4;232;no;si
39;hombre;1;primaria;rural;medio;591;214;242;58;224;8;3;445;no;si
78;mujer;3;educacion superior;urbana;medio;24;648;1084;35;89;94;3;87;si;no
23;mujer;3;educacion superior;urbana;basico;929;25;526;42;160;75;9;357;no;si
35;mujer;2;educacion superior;rural;basico;240;665;33;41;288;69;10;98;no;no
51;hombre;5;secundaria;rural;medio;880;689;557;57;265;73;10;74;no;si
63;hombre;3;educacion superior;urbana;premium;531;936;20;43;81;72;4;78;no;no
62;hombre;3;secundaria;rural;premium;919;1822;356;59;246;37;10;124;si;no
23;hombre;2;secundaria;urbana;basico;906;1091;895;20;76;13;10;475;no;si
39;hombre;6;educacion superior;rural;premium;253;642;1430;3;86;68;7;356;si;no
62;hombre;3;secundaria;urbana;medio;991;175;1279;54;265;47;10;387;no;si
18;mujer;2;primaria;urbana;medio;234;255;733;22;157;111;4;435;no;si
68;hombre;6;educacion superior;rural;medio;502;1005;894;52;223;83;0;190;no;no
46;hombre;6;secundaria;urbana;medio;1000;166;484;53;129;64;3;391;no;si
28;mujer;2;educacion superior;rural;premium;110;411;619;57;117;111;6;383;no;si
60;hombre;1;primaria;rural;medio;266;1105;1239;47;238;10;10;248;si;no
26;hombre;4;primaria;urbana;basico;453;866;785;57;278;46;9;62;no;si
65;mujer;2;secundaria;urbana;medio;167;395;1445;43;48;108;1;102;no;no
36;hombre;1;primaria;urbana;medio;188;1416;253;51;128;102;4;228;no;si
36;hombre;3;educacion superior;urbana;basico;9;1902;590;35;175;80;6;304;no;si
58;mujer;1;primaria;urbana;premium;352;434;313;45;135;74;7;313;no;si
78;mujer;4;educacion superior;rural;medio;946;743;1281;59;147;52;6;336;no;si
27;hombre;2;secundaria;urbana;premium;456;711;947;38;175;42;10;268;no;si
39;hombre;2;secundaria;rural;medio;856;774;625;6;110;86;8;68;si;no
49;hombre;1;educacion superior;urbana;premium;867;1813;1051;41;264;34;9;353;no;si
48;hombre;1;primaria;urbana;medio;913;1019;1324;20;284;87;8;139;no;si
63;hombre;4;secundaria;rural;medio;686;377;1367;36;133;75;3;185;no;si
30;hombre;1;secundaria;rural;premium;670;223;751;24;295;102;10;386;no;si
77;mujer;4;primaria;rural;medio;638;121;351;27;186;76;10;130;no;si
21;mujer;5;secundaria;urbana;basico;942;1201;989;27;40;58;7;138;no;no
16;hombre;6;secundaria;rural;premium;884;1591;989;33;45;14;9;293;no;no
44;hombre;5;secundaria;urbana;premium;422;1502;65;44;190;8;8;238;no;no
44;hombre;5;primaria;rural;premium;300;833;62;53;136;11;3;449;no;no
21;hombre;6;educacion superior;rural;premium;14;204;323;22;246;1;1;500;no;no
75;hombre;5;educacion superior;rural;medio;208;1243;311;40;192;116;4;111;no;si
70;hombre;1;primaria;urbana;premium;242;434;438;5;72;14;10;449;no;no
21;hombre;5;secundaria;urbana;premium;672;1956;24;8;244;79;0;42;si;no
80;mujer;1;primaria;rural;premium;677;588;1441;57;22;11;4;310;si;no
50;mujer;1;primaria;rural;medio;463;1550;1303;56;104;84;3;15;si;no
42;hombre;1;secundaria;rural;premium;482;192;1298;27;146;19;6;24;si;no
31;hombre;6;secundaria;rural;premium;348;833;546;44;199;43;7;215;no;no
22;mujer;4;primaria;rural;premium;976;78;349;56;180;68;8;51;si;no
49;mujer;4;secundaria;rural;basico;324;516;1259;32;142;27;3;461;no;si
74;mujer;5;secundaria;urbana;premium;487;1150;212;37;188;119;1;116;no;no
39;mujer;4;secundaria;urbana;medio;505;1389;112;55;148;29;7;35;no;no
54;mujer;2;secundaria;urbana;premium;217;737;154;21;92;77;6;356;si;no
27;hombre;6;secundaria;urbana;basico;266;722;524;50;34;80;5;211;si;no
36;hombre;1;primaria;rural;premium;316;790;128;53;114;70;6;466;si;no
56;hombre;2;secundaria;rural;basico;711;688;1471;47;154;17;1;294;no;no
37;hombre;6;primaria;rural;premium;171;1353;876;47;173;74;8;469;no;si
22;mujer;1;educacion superior;rural;basico;203;47;798;42;29;47;1;44;no;no
39;hombre;6;educacion superior;urbana;basico;659;846;1024;28;138;74;5;332;no;si
33;hombre;5;primaria;rural;premium;393;1822;708;56;203;16;3;209;si;no
78;hombre;4;primaria;rural;medio;461;1805;406;25;184;15;6;288;no;si
54;hombre;1;primaria;rural;medio;780;1418;1350;39;161;88;6;404;no;si
44;mujer;6;secundaria;urbana;basico;973;1678;898;49;235;107;4;81;no;si
55;mujer;2;primaria;urbana;basico;529;1596;1405;39;103;8;9;201;no;si
75;hombre;6;primaria;rural;premium;270;1491;1414;27;172;111;8;451;no;no
49;hombre;2;secundaria;urbana;basico;208;1949;950;16;196;19;9;316;no;si
41;mujer;1;secundaria;rural;basico;157;978;1028;44;18;28;8;278;no;no
65;hombre;1;primaria;rural;medio;626;1699;1340;20;126;9;9;458;si;no
76;mujer;6;educacion superior;rural;premium;536;1282;85;0;46;108;2;466;si;no
80;mujer;2;educacion superior;rural;medio;169;119;1259;43;278;38;5;474;no;si
16;hombre;5;educacion superior;urbana;premium;664;215;513;16;277;112;9;347;no;si
65;hombre;2;educacion superior;urbana;basico;722;678;97;42;135;68;5;305;no;si
41;hombre;5;educacion superior;rural;basico;567;1091;1466;39;220;52;6;70;no;si
63;hombre;4;educacion superior;urbana;premium;359;1994;298;42;60;99;7;380;no;si
28;mujer;6;secundaria;rural;medio;615;759;394;35;188;38;5;82;no;si
53;hombre;1;educacion superior;urbana;premium;420;463;508;28;68;119;3;144;no;si
77;mujer;4;educacion superior;rural;basico;858;1344;903;49;132;61;8;355;no;si
76;hombre;6;secundaria;urbana;basico;197;6;737;52;59;65;4;265;no;si
37;hombre;5;primaria;urbana;medio;295;676;713;21;53;6;6;119;no;si
64;mujer;6;secundaria;urbana;medio;572;46;178;43;297;103;4;378;no;si
28;mujer;4;educacion superior;rural;basico;828;1693;646;44;15;57;4;23;si;no
74;mujer;1;primaria;urbana;premium;668;1230;872;23;155;19;5;431;si;no
56;mujer;3;secundaria;rural;premium;377;456;998;28;213;12;10;114;no;si
50;mujer;6;secundaria;urbana;medio;270;1636;274;45;88;22;4;67;no;si
62;mujer;6;educacion superior;urbana;premium;256;1881;661;24;27;60;9;488;no;no
65;hombre;2;secundaria;urbana;premium;767;1959;172;17;141;83;6;377;no;si
27;hombre;2;educacion superior;rural;basico;131;525;1123;51;115;11;7;500;no;si
33;hombre;1;secundaria;urbana;premium;849;949;563;44;281;63;0;324;no;no
46;mujer;2;primaria;urbana;premium;384;1933;314;57;61;77;9;93;no;si
43;mujer;1;secundaria;urbana;medio;699;694;523;54;177;26;5;486;no;si
67;hombre;2;primaria;rural;premium;97;1704;311;5;286;103;7;33;no;no
80;hombre;2;educacion superior;urbana;medio;890;1569;472;57;47;69;8;264;si;no
31;hombre;2;secundaria;rural;medio;296;1158;87;43;209;95;3;65;no;si
65;hombre;6;educacion superior;urbana;basico;269;682;1161;1;134;97;9;236;si;no
74;hombre;4;secundaria;urbana;basico;728;1154;1235;32;56;2;5;488;no;si
19;hombre;1;primaria;urbana;premium;538;252;1021;33;181;109;3;308;no;si
30;hombre;6;primaria;urbana;medio;729;1335;188;32;74;82;3;380;si;no
76;mujer;6;primaria;urbana;medio;710;1830;550;47;141;94;9;408;no;si
43;hombre;4;primaria;rural;medio;324;327;476;40;287;63;3;316;si;no
26;hombre;2;educacion superior;urbana;basico;460;638;901;10;73;104;8;148;si;no
45;hombre;4;secundaria;urbana;premium;275;550;633;24;74;30;5;356;no;si
17;mujer;6;primaria;rural;medio;486;1103;1405;43;199;87;5;409;no;no
80;mujer;5;secundaria;rural;premium;266;1691;883;24;74;58;2;391;si;no
66;hombre;1;secundaria;urbana;medio;16;196;44;24;109;10;1;414;si;no
53;hombre;6;primaria;rural;medio;381;312;1313;24;241;68;5;258;no;si
73;hombre;6;primaria;urbana;basico;787;1879;682;23;143;96;4;45;no;no
24;hombre;5;primaria;urbana;medio;287;1159;874;12;21;102;10;334;si;no
49;hombre;4;primaria;urbana;medio;931;456;758;29;54;112;3;61;si;no
26;hombre;2;secundaria;rural;basico;350;802;1043;4;221;59;4;429;no;no
57;hombre;3;secundaria;urbana;basico;894;361;187;34;236;59;9;443;no;si
50;hombre;6;educacion superior;urbana;premium;692;1408;112;56;290;119;3;277;no;si
30;mujer;5;primaria;rural;medio;370;380;1261;32;125;82;1;44;si;no
34;mujer;5;primaria;urbana;premium;638;626;655;0;289;97;8;309;no;no
76;hombre;1;educacion superior;rural;medio;2;512;283;38;115;21;6;328;si;no
32;hombre;6;primaria;rural;medio;185;633;75;40;82;101;10;136;no;si
31;mujer;3;primaria;rural;medio;315;761;133;55;203;61;10;492;no;si
29;mujer;5;primaria;rural;basico;400;1667;1246;36;160;11;4;463;no;si
22;mujer;6;primaria;rural;premium;195;470;128;37;118;57;3;160;no;no
43;hombre;2;educacion superior;urbana;medio;11;183;234;29;85;58;9;71;no;si
50;hombre;2;educacion superior;urbana;medio;446;1693;1153;12;260;45;7;365;no;no
30;hombre;5;secundaria;urbana;basico;922;1217;275;18;139;107;8;65;no;si
80;hombre;1;secundaria;rural;premium;746;930;129;16;274;99;7;453;si;no
70;hombre;5;secundaria;rural;premium;9;551;1479;59;269;24;3;465;si;no
44;hombre;2;educacion superior;urbana;basico;954;640;442;57;173;86;2;329;si;no
53;hombre;2;primaria;rural;medio;824;792;160;40;281;41;9;285;no;si
27;mujer;5;primaria;urbana;medio;149;1654;282;22;196;59;3;421;no;si
26;hombre;3;secundaria;rural;premium;628;786;482;20;84;29;9;198;no;no
35;hombre;6;primaria;urbana;premium;420;1861;1323;31;113;71;4;456;no;si
44;hombre;3;primaria;urbana;premium;728;1493;1381;37;209;38;7;205;no;no
55;hombre;2;educacion superior;rural;medio;722;1948;697;51;46;104;5;10;no;no
67;hombre;5;secundaria;rural;medio;896;85;1451;27;139;65;9;453;no;si
69;hombre;1;educacion superior;rural;premium;331;1768;1311;12;20;98;1;147;no;no
23;mujer;1;educacion superior;rural;premium;473;1577;820;20;144;76;8;61;no;si
62;hombre;5;secundaria;rural;medio;627;901;104;45;141;103;0;443;no;no
59;hombre;2;secundaria;rural;medio;409;763;1202;12;213;66;3;94;no;no
46;hombre;3;educacion superior;urbana;premium;223;1614;250;36;279;27;3;75;no;no
77;mujer;4;educacion superior;rural;medio;182;892;852;24;264;76;4;209;no;si
44;hombre;5;secundaria;urbana;basico;595;146;658;59;274;76;8;243;no;si
37;mujer;5;educacion superior;rural;premium;742;1359;394;44;14;110;2;499;no;no
69;hombre;2;primaria;urbana;premium;666;251;1308;57;146;92;9;98;no;si
21;hombre;2;primaria;rural;medio;69;1912;1482;47;115;50;3;418;no;si
44;hombre;4;secundaria;urbana;medio;579;712;636;59;114;43;10;306;no;si
25;mujer;2;secundaria;rural;medio;382;1020;1391;29;173;101;4;121;no;si
78;mujer;5;secundaria;rural;medio;847;1374;1151;2;205;4;9;435;si;no
18;hombre;1;secundaria;urbana;basico;878;588;738;9;232;115;10;342;no;no
76;mujer;5;educacion superior;urbana;basico;815;632;1486;2;42;8;3;222;no;no
34;hombre;3;educacion superior;rural;medio;72;1152;320;45;236;67;6;60;no;si
21;hombre;5;educacion superior;urbana;premium;403;1582;114;8;168;30;8;314;no;no
56;hombre;6;secundaria;rural;premium;61;1167;1442;33;250;20;10;184;si;no
69;mujer;2;educacion superior;rural;medio;234;1247;1356;34;135;114;1;321;si;no
37;hombre;3;educacion superior;urbana;basico;569;1862;732;34;213;117;3;137;si;no
52;hombre;6;educacion superior;urbana;basico;342;618;1352;42;186;95;3;307;no;si
51;hombre;4;primaria;urbana;premium;983;527;184;56;121;40;2;459;no;no
50;mujer;1;secundaria;urbana;basico;157;230;823;38;118;96;4;51;si;no
69;hombre;4;secundaria;urbana;medio;439;723;630;59;53;16;5;81;si;no
75;hombre;2;educacion superior;rural;basico;222;423;90;12;172;11;3;2;no;no
19;hombre;6;educacion superior;urbana;medio;348;483;309;44;60;93;9;69;no;si
35;hombre;2;secundaria;urbana;basico;948;547;1345;59;132;97;5;390;no;si
51;hombre;6;primaria;urbana;premium;927;1964;1145;51;181;91;10;460;no;si
36;hombre;2;primaria;urbana;premium;479;1353;411;40;114;78;4;196;no;si
31;mujer;3;primaria;urbana;premium;64;1286;249;32;15;19;3;164;no;no
35;hombre;2;educacion superior;rural;premium;566;942;1100;26;77;57;10;303;no;si
21;hombre;6;secundaria;urbana;medio;793;448;1414;40;234;79;7;482;no;si
16;hombre;6;secundaria;rural;medio;558;269;108;41;200;34;1;6;si;no
49;mujer;3;primaria;rural;basico;802;1137;843;49;135;45;5;397;no;si
63;mujer;4;secundaria;urbana;premium;391;1077;1226;20;297;111;5;164;si;no
40;hombre;1;educacion superior;rural;medio;488;1940;635;43;246;92;8;426;no;si
44;hombre;4;primaria;rural;medio;497;133;15;33;33;5;6;494;si;no
18;mujer;3;secundaria;rural;medio;535;1027;1069;48;274;114;5;98;no;si
55;mujer;4;educacion superior;urbana;premium;499;1395;1099;52;149;51;8;427;si;no
77;hombre;5;primaria;urbana;medio;439;1106;429;51;223;18;5;64;si;no
54;hombre;6;primaria;urbana;premium;549;122;940;56;117;118;7;141;si;no
67;hombre;2;secundaria;urbana;basico;60;1883;1347;50;299;120;4;362;no;si
73;mujer;5;primaria;urbana;medio;515;413;484;40;161;19;10;476;no;no
24;hombre;4;educacion superior;rural;medio;136;1306;564;14;213;48;9;200;no;no
36;hombre;4;secundaria;urbana;medio;941;360;1321;44;35;39;2;282;si;no
34;hombre;4;primaria;rural;premium;582;963;637;57;203;41;1;298;si;no
33;mujer;1;primaria;urbana;premium;668;1121;405;19;46;18;2;295;si;no
45;hombre;3;educacion superior;urbana;premium;451;858;337;31;143;5;4;194;no;no
75;hombre;6;secundaria;urbana;basico;320;1081;1224;41;149;6;10;402;no;si
29;hombre;4;secundaria;rural;medio;71;76;661;25;297;86;3;483;no;si
31;hombre;5;primaria;urbana;basico;693;1553;94;59;208;8;2;11;no;no
71;mujer;6;secundaria;urbana;premium;829;853;1418;24;234;4;9;403;si;no
71;hombre;1;educacion superior;rural;basico;965;1820;48;7;155;95;4;243;si;no
66;mujer;3;primaria;rural;basico;849;898;142;36;48;82;9;116;no;no
53;hombre;3;educacion superior;rural;medio;570;401;448;45;298;14;5;350;si;no
39;mujer;1;secundaria;rural;medio;245;330;816;44;280;40;9;272;no;si
66;mujer;6;secundaria;rural;premium;105;607;881;26;5;56;7;360;no;no
18;hombre;5;secundaria;rural;medio;563;794;288;53;9;30;5;432;no;no
71;hombre;3;primaria;rural;medio;783;1691;667;22;164;32;10;37;no;no
38;hombre;5;primaria;rural;basico;188;1316;1;8;237;44;9;242;no;no
48;hombre;3;secundaria;rural;medio;64;1428;1025;42;197;43;10;351;no;si
39;mujer;6;primaria;urbana;medio;364;485;823;34;212;2;10;320;no;si
47;mujer;3;secundaria;urbana;medio;664;295;799;58;27;72;0;229;no;no
32;hombre;4;primaria;rural;premium;504;411;167;25;122;86;9;387;no;si
65;hombre;5;educacion superior;urbana;premium;395;131;753;59;255;46;4;2;no;no
65;mujer;1;secundaria;rural;basico;512;1787;531;27;132;80;7;121;si;no
34;hombre;1;secundaria;rural;medio;883;1474;717;55;100;16;9;243;no;si
75;mujer;2;educacion superior;rural;medio;601;1164;611;27;133;75;0;153;si;no
54;hombre;3;educacion superior;rural;premium;616;708;753;26;156;83;7;167;no;no
40;hombre;2;secundaria;rural;premium;176;1675;617;11;22;105;7;37;no;no
25;hombre;1;educacion superior;urbana;premium;140;496;12;18;294;86;10;387;no;si
48;mujer;2;secundaria;rural;premium;609;697;398;34;53;44;10;4;si;no
76;hombre;4;secundaria;urbana;medio;437;534;845;10;34;102;3;241;si;no
59;mujer;5;educacion superior;urbana;medio;377;1233;152;30;90;44;5;26;si;no
16;mujer;5;primaria;rural;medio;181;68;1287;59;299;95;7;223;no;si
52;hombre;6;educacion superior;rural;basico;642;1999;913;31;44;59;8;3;no;no
40;mujer;6;primaria;rural;medio;371;1934;1064;57;156;38;3;232;no;si
37;hombre;5;primaria;rural;premium;139;408;84;52;18;18;7;179;no;no
33;hombre;4;educacion superior;urbana;basico;280;1336;951;17;91;37;4;486;no;si
61;hombre;4;educacion superior;rural;medio;103;1008;110;35;174;25;7;493;no;si
23;hombre;2;educacion superior;urbana;premium;654;1866;1485;36;126;103;4;487;no;si
20;mujer;1;secundaria;urbana;premium;457;367;1157;43;270;62;5;46;si;no
43;hombre;1;secundaria;rural;premium;679;1703;638;24;51;5;3;30;no;no
30;hombre;3;educacion superior;rural;basico;541;367;25;3;48;112;3;191;no;no
16;hombre;5;educacion superior;rural;premium;543;1513;867;46;245;111;7;227;no;si
32;hombre;1;educacion superior;urbana;medio;879;1832;1227;56;123;10;8;232;no;si
42;hombre;2;educacion superior;urbana;premium;528;1706;1280;50;280;63;0;91;si;no
38;hombre;1;educacion superior;rural;basico;67;773;391;41;218;2;7;107;no;si
63;mujer;4;educacion superior;rural;premium;111;121;174;30;135;20;0;260;no;no
54;mujer;5;secundaria;urbana;medio;985;1847;162;33;159;53;6;316;no;no
53;mujer;6;primaria;urbana;basico;586;322;1258;34;31;95;3;232;si;no
29;mujer;1;educacion superior;rural;premium;886;1176;264;15;248;42;3;430;si;no
66;hombre;3;educacion superior;rural;basico;317;1925;1133;34;213;119;5;353;no;si
28;hombre;2;educacion superior;rural;medio;659;131;1457;30;73;116;7;228;no;no
26;hombre;2;primaria;rural;medio;726;22;901;46;206;19;6;223;no;si
65;hombre;5;secundaria;rural;basico;190;1279;783;26;284;115;5;478;no;si
57;hombre;1;secundaria;urbana;basico;531;1501;497;4;68;100;8;356;no;no
41;mujer;5;educacion superior;urbana;medio;417;329;1016;39;158;93;10;492;no;si
51;hombre;3;educacion superior;rural;premium;469;1501;26;54;272;72;7;345;no;si
55;hombre;3;primaria;urbana;premium;540;905;1249;45;149;115;9;408;si;no
72;mujer;4;secundaria;rural;premium;806;335;1075;37;59;50;7;307;no;si
24;hombre;6;educacion superior;rural;basico;90;407;481;43;183;83;9;273;no;si
36;hombre;1;primaria;urbana;medio;995;1117;217;59;204;114;3;305;no;si
54;hombre;4;secundaria;urbana;medio;358;146;558;34;277;50;7;359;no;si
46;hombre;1;primaria;rural;basico;781;495;1304;45;130;58;1;485;no;no
32;hombre;6;secundaria;urbana;basico;141;1003;762;3;185;2;10;43;si;no
44;mujer;6;primaria;rural;premium;673;1918;8;40;278;94;5;285;no;si
24;hombre;1;primaria;urbana;basico;317;1721;107;36;280;87;2;23;si;no
36;mujer;4;secundaria;rural;medio;57;1047;383;44;207;30;4;84;no;si
78;hombre;2;secundaria;rural;medio;251;1388;1035;44;105;42;10;299;si;no
41;hombre;3;secundaria;rural;basico;628;112;1427;37;129;50;5;188;no;si
19;hombre;1;primaria;rural;medio;212;323;1443;51;276;78;3;19;no;no
78;mujer;4;educacion superior;urbana;basico;825;309;306;22;55;5;10;485;no;si
23;hombre;4;educacion superior;rural;medio;720;246;871;30;279;44;3;346;si;no
69;hombre;3;secundaria;rural;medio;930;326;822;32;282;62;8;271;no;si
72;mujer;4;secundaria;urbana;medio;387;1333;73;18;91;72;5;269;no;si
18;mujer;5;secundaria;rural;premium;462;300;1447;7;188;82;10;464;no;no
72;mujer;1;secundaria;urbana;medio;875;553;535;23;54;59;8;471;si;no
23;hombre;3;educacion superior;urbana;premium;636;1163;27;21;233;25;6;489;no;si
68;hombre;1;primaria;rural;premium;373;1682;1010;48;281;33;8;142;si;no
29;hombre;6;primaria;rural;medio;455;1981;1121;24;279;105;9;132;no;si
49;hombre;1;secundaria;rural;premium;73;567;329;54;280;110;6;343;no;no
62;hombre;2;primaria;rural;premium;948;821;658;26;49;38;1;398;si;no
67;hombre;6;educacion superior;rural;medio;16;1790;1004;55;52;32;4;336;no;si
78;hombre;5;secundaria;rural;basico;760;840;175;50;75;79;7;103;no;si
74;hombre;3;educacion superior;rural;medio;375;302;355;32;44;71;10;216;si;no
31;hombre;2;educacion superior;urbana;basico;625;1211;655;29;93;82;7;213;no;si
42;hombre;1;secundaria;rural;basico;170;1503;153;29;72;59;7;375;no;no
19;mujer;3;secundaria;urbana;premium;667;1278;1245;38;211;85;3;481;si;no
67;mujer;1;secundaria;urbana;basico;348;852;1048;43;161;100;6;107;no;si
51;hombre;2;primaria;urbana;premium;810;1413;426;35;145;1;3;361;no;si
23;mujer;4;educacion superior;rural;basico;721;1453;1098;35;76;120;6;127;no;no
63;hombre;3;educacion superior;urbana;basico;162;1996;119;16;145;82;4;235;no;no
53;hombre;5;primaria;urbana;basico;796;356;349;48;190;80;10;482;no;si
57;mujer;1;primaria;urbana;basico;412;1636;673;60;189;41;5;219;no;no
47;mujer;6;secundaria;urbana;premium;263;591;1474;1;189;18;5;37;si;no
36;hombre;1;secundaria;rural;basico;972;1268;40;43;285;88;3;223;no;si
57;mujer;1;secundaria;rural;medio;442;790;1431;28;211;42;9;206;no;no
35;hombre;5;educacion superior;urbana;basico;360;976;38;37;201;97;10;469;si;no
59;hombre;3;primaria;rural;premium;949;1137;1182;59;298;35;10;493;si;no
47;hombre;5;primaria;urbana;medio;122;1974;1461;39;287;44;3;108;no;si
47;hombre;5;primaria;rural;medio;350;82;606;37;292;88;8;420;no;si
57;mujer;1;educacion superior;urbana;premium;662;748;543;47;259;80;0;15;no;no
66;hombre;2;primaria;urbana;premium;168;1646;713;5;267;54;2;116;si;no
67;hombre;4;secundaria;urbana;premium;344;585;706;15;252;97;0;218;no;no
33;hombre;5;educacion superior;rural;premium;487;420;47;8;52;2;10;162;no;no
53;mujer;3;primaria;rural;premium;883;1459;949;17;268;99;8;243;no;si
33;mujer;6;educacion superior;rural;medio;836;655;1128;17;203;89;10;359;no;si
66;mujer;2;primaria;urbana;basico;599;472;899;51;59;13;4;22;no;no
80;hombre;2;primaria;urbana;basico;302;60;945;20;231;4;3;131;si;no
50;hombre;5;primaria;rural;basico;107;1263;400;18;50;120;6;182;no;si
16;hombre;6;secundaria;urbana;basico;860;417;412;27;292;89;4;279;no;si
77;hombre;5;secundaria;urbana;medio;118;288;549;12;162;56;5;254;no;no
51;mujer;4;educacion superior;rural;medio;383;626;613;18;159;64;5;386;no;si
21;hombre;4;primaria;rural;medio;93;268;327;27;238;95;3;177;no;si
29;hombre;6;primaria;urbana;medio;949;897;308;38;147;3;3;327;no;si
63;mujer;5;educacion superior;rural;premium;884;1500;527;36;187;24;6;123;no;si
57;hombre;2;primaria;rural;medio;744;1161;142;20;233;43;4;333;no;si
66;mujer;5;secundaria;urbana;premium;330;819;1024;32;207;2;8;261;no;si
54;hombre;3;secundaria;rural;basico;947;1960;1328;41;165;28;6;473;no;si
27;hombre;6;secundaria;rural;basico;254;114;931;51;283;114;10;100;no;no
31;hombre;1;secundaria;rural;premium;847;1967;489;3;251;78;5;155;no;no
32;mujer;6;educacion superior;urbana;premium;823;1287;1470;27;62;10;5;52;no;si
45;hombre;1;secundaria;urbana;premium;918;1325;167;35;255;110;5;204;no;si
67;hombre;3;primaria;rural;basico;157;1158;459;57;33;4;9;448;si;no
80;mujer;6;primaria;rural;medio;757;933;103;24;299;102;4;125;no;no
59;hombre;6;secundaria;urbana;medio;325;1621;413;55;238;18;5;247;no;si
58;hombre;2;educacion superior;urbana;premium;657;1625;958;52;199;52;1;150;si;no
41;hombre;4;primaria;urbana;medio;14;1563;806;49;98;23;10;350;no;si
25;hombre;2;secundaria;rural;medio;742;820;1480;34;65;66;10;367;no;si
40;hombre;3;primaria;rural;medio;563;1900;1012;49;264;103;4;58;no;si
43;hombre;6;secundaria;rural;premium;734;1296;1004;12;142;15;6;228;si;no
39;hombre;1;primaria;rural;basico;961;575;1124;27;130;98;6;5;si;no
76;mujer;4;primaria;urbana;medio;970;615;1352;22;128;56;3;147;no;si
72;hombre;2;primaria;rural;basico;442;1078;72;13;214;94;2;326;si;no
62;mujer;5;educacion superior;rural;basico;594;521;1260;44;99;27;6;152;no;si
79;hombre;1;secundaria;rural;basico;904;990;1173;43;101;85;9;123;no;si
55;mujer;5;primaria;urbana;basico;420;838;599;19;235;50;8;168;no;no
40;hombre;4;primaria;rural;medio;767;1147;732;17;127;109;9;118;si;no
34;hombre;1;primaria;urbana;medio;428;700;133;42;127;74;5;89;no;si
65;hombre;4;secundaria;urbana;medio;550;1648;260;53;265;70;10;223;no;si
76;mujer;6;secundaria;rural;premium;487;303;857;53;173;72;3;372;no;si
78;hombre;2;secundaria;urbana;premium;482;1655;1283;28;186;17;10;459;si;no
70;hombre;1;primaria;rural;basico;15;797;1125;51;299;38;3;437;no;si
29;hombre;2;secundaria;urbana;premium;466;1463;1245;54;287;62;6;172;no;si
16;hombre;2;educacion superior;urbana;basico;962;1974;573;33;205;105;3;249;no;si
32;hombre;1;primaria;rural;premium;536;852;1072;31;34;107;2;256;no;no
24;hombre;5;educacion superior;rural;medio;833;1797;348;36;102;7;5;299;no;si
23;mujer;2;educacion superior;urbana;medio;897;1800;548;23;127;114;10;289;si;no
34;hombre;5;secundaria;urbana;premium;164;1994;1225;60;230;13;10;147;no;si
25;hombre;5;secundaria;rural;medio;781;1218;4;15;59;88;9;77;si;no
63;hombre;3;educacion superior;rural;medio;278;1545;680;40;148;70;4;119;no;no
71;hombre;5;educacion superior;rural;premium;467;598;836;27;191;103;7;128;no;si
57;mujer;6;secundaria;rural;basico;157;65;795;59;167;80;3;86;no;no
29;hombre;2;secundaria;rural;medio;786;1012;620;22;259;120;5;449;no;si
23;hombre;5;educacion superior;rural;premium;143;804;1183;51;191;55;5;47;si;no
20;hombre;4;educacion superior;urbana;medio;952;995;874;31;111;74;8;75;si;no
36;hombre;1;educacion superior;urbana;premium;472;1209;1024;40;50;14;6;233;no;si
32;hombre;5;primaria;rural;basico;876;1637;280;15;55;60;5;470;no;si
73;hombre;4;primaria;rural;premium;208;1607;980;34;271;105;3;280;si;no
46;hombre;1;primaria;rural;premium;356;168;206;37;245;65;7;155;no;no
32;hombre;3;secundaria;rural;basico;128;1850;899;26;110;4;10;254;no;no
70;mujer;6;primaria;urbana;basico;907;1606;1481;22;84;38;0;33;no;no
76;mujer;3;educacion superior;urbana;premium;125;376;478;51;132;73;4;129;si;no
78;hombre;4;secundaria;rural;basico;65;567;833;16;153;75;5;446;no;no
58;hombre;1;secundaria;rural;premium;7;1764;935;57;199;100;4;350;no;si
36;hombre;6;secundaria;urbana;premium;633;562;1186;54;120;104;10;204;no;no
74;hombre;6;primaria;rural;medio;531;482;630;24;262;11;7;377;no;si
21;hombre;2;secundaria;urbana;medio;257;1360;351;53;158;104;10;393;no;no
31;hombre;5;secundaria;urbana;basico;224;1626;1314;33;154;34;3;245;no;no
68;mujer;5;educacion superior;rural;medio;319;1544;312;31;61;87;3;194;no;si
65;mujer;2;secundaria;urbana;basico;862;1191;591;16;214;109;10;390;no;no
57;hombre;4;secundaria;urbana;medio;419;439;456;25;197;74;10;100;no;si
69;hombre;3;secundaria;urbana;medio;593;644;125;47;167;93;6;405;no;si
20;hombre;1;primaria;urbana;medio;651;387;658;5;277;43;4;173;no;no
80;hombre;6;educacion superior;urbana;basico;87;1034;304;46;202;12;8;497;no;no
51;hombre;5;secundaria;urbana;medio;30;1893;823;49;9;66;5;374;no;no
32;mujer;6;educacion superior;urbana;basico;538;1181;343;25;225;74;6;371;no;si
59;hombre;4;primaria;rural;medio;712;235;832;35;233;21;7;59;no;si
21;hombre;1;educacion superior;urbana;medio;267;140;231;46;101;44;7;173;no;si
21;hombre;1;primaria;rural;medio;757;1764;855;47;259;63;4;356;no;si
48;mujer;5;educacion superior;urbana;medio;936;792;355;35;115;106;5;104;no;si
55;hombre;1;educacion superior;urbana;basico;40;1000;645;22;226;71;3;246;no;si
43;mujer;6;educacion superior;rural;medio;903;771;1473;21;244;12;5;432;si;no
33;hombre;4;primaria;rural;premium;526;1876;977;29;262;99;8;443;si;no
60;mujer;3;primaria;urbana;premium;8;1795;1412;42;294;104;7;434;si;no
27;mujer;2;secundaria;rural;basico;332;873;1263;7;33;116;7;218;si;no
50;mujer;1;primaria;urbana;medio;308;1999;572;31;189;79;7;226;si;no
16;hombre;2;primaria;rural;premium;603;1093;259;42;284;85;10;221;no;no
68;hombre;6;secundaria;rural;premium;433;877;1138;4;16;85;10;61;si;no
45;hombre;3;secundaria;rural;basico;484;452;345;36;17;6;0;476;si;no
46;hombre;2;primaria;rural;premium;985;763;246;17;238;7;9;403;no;si
37;hombre;3;educacion superior;urbana;basico;116;1589;1340;10;21;6;9;366;si;no
57;hombre;6;primaria;urbana;medio;759;438;1357;39;124;113;10;191;no;si
62;hombre;5;secundaria;rural;basico;284;882;742;52;121;94;3;213;no;si
72;hombre;3;primaria;urbana;basico;978;1012;339;18;40;49;4;117;no;no
39;hombre;3;educacion superior;urbana;medio;504;1421;588;18;203;58;8;153;no;si
17;mujer;1;secundaria;rural;basico;480;969;1334;48;199;29;4;70;no;si
61;mujer;4;secundaria;urbana;medio;890;590;703;41;87;49;0;50;no;no
35;hombre;2;secundaria;rural;basico;857;716;298;36;61;58;6;258;no;si
39;mujer;2;educacion superior;rural;medio;793;1637;1373;20;293;14;7;260;no;si
39;hombre;4;educacion superior;rural;premium;17;1091;1068;51;104;36;10;181;si;no
23;mujer;1;secundaria;rural;medio;467;797;1150;49;242;76;10;168;si;no
20;mujer;4;educacion superior;rural;basico;343;935;1256;34;169;50;10;421;no;si
77;mujer;3;educacion superior;urbana;medio;791;653;925;51;25;88;9;337;no;no
59;hombre;5;secundaria;urbana;premium;347;1046;115;30;151;82;8;384;no;si
62;hombre;5;secundaria;urbana;premium;418;656;203;38;183;79;10;64;no;si
72;hombre;3;educacion superior;rural;basico;315;1880;332;19;300;31;5;329;no;si
39;hombre;6;secundaria;urbana;premium;314;1894;776;24;68;30;2;340;no;no
65;hombre;2;secundaria;urbana;medio;980;1103;1092;4;297;46;5;275;no;no
63;hombre;2;educacion superior;urbana;basico;200;203;296;23;230;117;8;29;no;no
22;mujer;6;educacion superior;urbana;basico;440;971;112;30;155;64;5;414;no;si
32;mujer;4;educacion superior;urbana;basico;687;60;82;27;218;114;7;169;no;no
67;hombre;4;primaria;rural;premium;401;317;903;18;76;62;5;493;no;si
61;hombre;3;secundaria;rural;basico;402;344;674;41;222;43;5;46;si;no
48;hombre;4;secundaria;urbana;basico;255;264;1272;31;282;32;0;419;no;no
51;hombre;1;educacion superior;rural;basico;284;713;1248;50;67;69;8;140;no;no
58;mujer;6;primaria;rural;basico;905;617;1413;20;72;111;4;162;no;si
29;hombre;6;educacion superior;urbana;premium;782;190;1411;20;53;34;4;102;no;si
80;hombre;1;educacion superior;rural;medio;277;813;682;54;184;33;5;219;no;si
80;hombre;6;primaria;rural;premium;722;1572;406;5;90;71;6;33;si;no
59;mujer;6;primaria;urbana;medio;836;1186;602;54;113;89;1;275;no;no
19;hombre;6;primaria;rural;premium;489;213;494;18;270;54;3;50;no;si
36;hombre;4;primaria;urbana;medio;410;725;201;13;253;4;8;71;no;no
78;hombre;4;secundaria;rural;medio;133;1321;653;10;262;23;5;237;no;no
41;hombre;3;educacion superior;urbana;premium;363;1874;1254;34;55;6;6;226;no;si
34;mujer;5;primaria;urbana;medio;68;481;527;3;126;109;8;483;no;no
45;hombre;4;primaria;urbana;medio;290;1087;1053;23;249;80;3;459;no;si
72;hombre;1;secundaria;urbana;premium;895;1769;1381;17;126;91;6;394;no;si
21;hombre;3;primaria;urbana;basico;590;914;777;19;247;30;4;125;no;si
25;hombre;6;educacion superior;urbana;medio;616;1123;575;45;68;105;1;452;si;no
38;hombre;1;secundaria;rural;medio;9;755;130;4;184;117;5;189;si;no
40;hombre;2;primaria;rural;basico;332;1630;200;32;284;14;2;170;si;no
41;mujer;3;educacion superior;urbana;medio;992;1672;840;25;300;29;8;284;no;no
65;hombre;6;educacion superior;urbana;basico;803;1044;726;32;50;20;6;212;no;si
78;hombre;1;educacion superior;urbana;premium;197;353;616;19;75;117;8;115;no;si
71;hombre;5;secundaria;urbana;medio;915;1616;807;15;151;116;5;256;no;si
79;hombre;6;primaria;urbana;premium;134;1779;30;57;86;56;3;305;no;no
49;hombre;2;primaria;urbana;medio;674;1021;1172;46;202;53;9;198;no;no
53;hombre;3;secundaria;urbana;basico;555;906;338;23;20;108;5;205;no;no
41;hombre;2;educacion superior;urbana;medio;390;1850;358;38;164;105;6;89;no;si
62;hombre;6;primaria;urbana;medio;259;1644;1085;16;160;81;8;2;si;no
37;hombre;3;educacion superior;rural;medio;379;1083;413;1;237;69;6;302;si;no
46;hombre;3;educacion superior;urbana;medio;772;254;306;4;25;64;2;212;si;no
28;hombre;2;secundaria;urbana;medio;756;1871;94;15;243;31;7;203;si;no
28;hombre;6;educacion superior;urbana;medio;593;1108;415;35;145;39;0;344;si;no
25;mujer;1;educacion superior;urbana;basico;881;1277;848;37;161;62;6;3;si;no
59;hombre;3;primaria;urbana;medio;304;1262;613;26;115;6;9;498;si;no
52;mujer;1;educacion superior;rural;basico;606;1209;1497;53;180;49;8;122;no;si
76;mujer;5;primaria;rural;medio;441;1977;1333;19;134;107;9;307;no;si
75;hombre;4;secundaria;rural;basico;105;504;723;12;211;30;6;459;si;no
71;hombre;5;secundaria;rural;premium;741;744;903;40;85;74;3;323;si;no
63;hombre;2;secundaria;rural;premium;673;1074;774;58;235;50;5;297;no;si
17;mujer;4;secundaria;urbana;premium;576;554;1338;20;110;33;9;114;no;si
59;mujer;3;primaria;rural;premium;479;1037;600;20;57;46;6;118;si;no
31;hombre;5;secundaria;urbana;medio;408;1000;332;60;129;90;3;191;no;si
56;mujer;5;secundaria;rural;medio;348;31;1124;43;178;97;7;139;no;si
33;hombre;6;educacion superior;rural;premium;707;1566;868;24;10;66;6;235;no;no
74;hombre;3;secundaria;rural;basico;618;858;1083;49;271;77;9;468;no;si
42;mujer;2;primaria;urbana;medio;128;237;1112;16;204;70;7;460;no;si
48;hombre;2;educacion superior;urbana;medio;871;1026;1347;47;118;17;2;212;si;no
69;hombre;3;secundaria;urbana;premium;313;1728;416;44;210;87;3;417;no;si
30;hombre;6;primaria;rural;medio;793;1932;131;37;211;118;4;395;no;no
61;mujer;1;educacion superior;urbana;basico;763;455;633;44;118;104;7;423;no;si
70;mujer;5;primaria;urbana;medio;219;277;269;10;221;92;8;476;no;no
58;hombre;4;secundaria;rural;basico;865;750;426;55;44;109;2;93;si;no
24;hombre;4;secundaria;urbana;basico;908;1649;1116;0;52;95;8;146;no;no
24;mujer;5;secundaria;urbana;premium;201;1186;185;58;55;14;5;306;no;si
35;hombre;5;educacion superior;rural;medio;977;1952;681;38;172;11;3;144;no;si
51;hombre;4;secundaria;urbana;premium;862;1084;1098;44;21;67;1;167;si;no
53;hombre;2;secundaria;rural;medio;572;379;1045;46;120;78;4;233;no;si
56;hombre;1;educacion superior;rural;premium;847;225;282;15;215;83;4;282;no;si
40;hombre;5;primaria;rural;basico;914;451;1145;48;39;32;3;242;si;no
64;hombre;4;primaria;rural;medio;991;1042;1087;13;1;42;2;206;no;no
50;hombre;4;educacion superior;rural;medio;906;1121;391;14;90;67;4;90;no;no
65;mujer;4;primaria;urbana;premium;375;174;851;20;146;42;3;219;no;si
76;mujer;6;educacion superior;rural;premium;730;1299;810;45;94;78;8;338;no;si
77;hombre;2;primaria;rural;basico;6;867;767;17;112;30;0;303;si;no
66;mujer;2;secundaria;rural;basico;527;976;63;14;144;70;4;184;si;no
64;hombre;5;primaria;rural;basico;18;1108;715;35;78;59;1;38;si;no
36;mujer;5;primaria;urbana;premium;839;234;25;54;121;17;4;332;no;si
63;mujer;2;primaria;urbana;medio;689;515;644;44;136;65;6;50;si;no
31;mujer;6;secundaria;rural;medio;682;932;1370;20;172;88;9;406;no;si
50;mujer;4;primaria;rural;premium;83;1777;789;48;195;12;9;374;no;si
28;mujer;3;primaria;rural;basico;410;511;672;20;154;51;10;408;no;si
52;hombre;5;secundaria;urbana;basico;943;290;309;6;273;68;5;168;si;no
36;hombre;4;primaria;rural;premium;389;199;389;3;283;42;6;223;no;no
39;mujer;2;educacion superior;urbana;medio;564;1682;507;18;149;116;3;340;no;si
66;hombre;4;secundaria;rural;basico;602;541;776;41;254;76;5;159;no;si
68;hombre;1;primaria;urbana;premium;40;3;1359;58;99;101;5;191;no;si
60;hombre;3;primaria;urbana;basico;569;1267;912;60;194;113;6;133;si;no
25;hombre;4;primaria;rural;basico;881;763;1315;25;268;31;7;95;no;si
52;hombre;2;secundaria;urbana;premium;522;1035;833;47;140;62;5;411;no;si
48;hombre;2;secundaria;urbana;premium;992;1820;1009;52;233;63;9;67;si;no
41;mujer;6;primaria;rural;medio;265;1003;1229;41;279;102;0;444;no;no
57;mujer;4;primaria;rural;premium;611;529;773;13;90;51;10;483;si;no
31;hombre;3;educacion superior;rural;premium;967;1165;816;33;289;110;3;98;no;no
54;hombre;5;primaria;urbana;medio;284;32;772;21;193;85;7;37;no;no
77;hombre;4;educacion superior;urbana;premium;790;1487;636;34;164;112;3;256;no;si
22;mujer;2;primaria;rural;basico;860;511;120;30;157;24;5;415;si;no
80;mujer;4;educacion superior;urbana;basico;757;383;1497;20;174;68;5;426;no;si
37;mujer;1;educacion superior;rural;premium;338;788;59;9;77;61;10;384;si;no
80;hombre;6;primaria;rural;premium;835;851;623;18;111;9;10;305;si;no
62;mujer;2;secundaria;urbana;medio;400;479;347;49;135;118;3;475;no;no
69;mujer;3;educacion superior;urbana;premium;420;49;966;47;276;16;1;408;si;no
26;mujer;5;educacion superior;urbana;premium;889;1356;280;36;230;81;5;422;no;si
71;hombre;4;secundaria;rural;premium;471;329;640;18;230;30;4;349;no;si
32;hombre;3;secundaria;rural;premium;948;608;739;49;276;110;3;422;no;si
42;hombre;5;educacion superior;urbana;premium;21;1235;1261;28;191;41;6;169;no;si
40;hombre;5;primaria;rural;basico;372;912;1495;19;131;90;8;463;no;si
18;hombre;3;primaria;rural;basico;786;868;276;37;280;79;3;222;no;si
38;mujer;2;secundaria;urbana;basico;64;1491;1418;34;222;92;4;289;no;si
52;mujer;6;secundaria;rural;medio;614;1287;1490;6;22;45;4;78;no;no
19;mujer;2;secundaria;urbana;premium;125;1764;895;12;213;1;3;406;no;no
52;hombre;4;primaria;rural;basico;670;31;100;38;286;106;10;303;no;si
31;mujer;5;educacion superior;urbana;basico;497;963;1129;41;242;90;8;232;si;no
50;mujer;1;primaria;urbana;medio;498;1531;518;36;118;5;10;91;no;si
60;mujer;6;primaria;rural;medio;393;777;550;44;250;112;10;71;no;no
64;mujer;3;secundaria;urbana;basico;797;580;308;59;234;107;7;446;no;si
79;hombre;4;educacion superior;urbana;premium;698;262;1147;24;108;77;8;86;no;si
47;mujer;6;primaria;urbana;medio;553;1463;1311;5;269;103;6;186;si;no
59;hombre;6;educacion superior;rural;medio;397;1547;250;38;87;58;6;345;si;no
33;mujer;3;secundaria;rural;medio;351;533;946;52;68;15;8;182;si;no
30;hombre;6;educacion superior;urbana;premium;281;773;164;53;192;86;8;144;no;si
65;hombre;4;primaria;urbana;premium;134;863;15;0;267;31;2;463;no;no
71;hombre;5;educacion superior;urbana;medio;80;429;275;24;79;29;9;422;no;si
51;mujer;4;secundaria;rural;premium;464;1846;1136;26;246;58;1;357;no;no
53;hombre;3;primaria;rural;basico;177;157;1479;42;179;97;10;384;no;no
61;mujer;6;primaria;rural;medio;462;650;1487;51;218;57;2;48;no;no
18;hombre;2;secundaria;urbana;basico;719;1911;651;47;79;63;3;176;no;no
22;hombre;1;secundaria;rural;premium;146;1350;8;30;75;51;10;368;no;no
54;mujer;4;primaria;urbana;medio;388;474;635;57;73;70;7;372;no;si
16;mujer;1;educacion superior;urbana;medio;543;183;1184;2;145;13;5;259;no;no
80;hombre;3;primaria;rural;basico;367;302;726;53;158;47;7;129;no;no
25;mujer;1;educacion superior;rural;basico;668;1709;392;19;155;85;3;391;no;no
16;hombre;4;primaria;urbana;basico;902;975;509;19;262;63;2;101;no;no
39;mujer;2;secundaria;urbana;medio;89;1840;788;48;191;69;8;56;no;no
20;mujer;5;primaria;rural;premium;339;758;463;15;99;65;3;430;no;no
48;hombre;6;secundaria;rural;basico;659;1816;1349;27;212;55;3;91;no;si
34;hombre;3;secundaria;urbana;medio;269;872;534;39;192;71;9;224;si;no
45;mujer;5;educacion superior;urbana;basico;703;536;1454;3;103;74;0;189;no;no
60;hombre;5;educacion superior;urbana;basico;908;1776;575;25;171;92;3;107;no;si
37;hombre;4;secundaria;urbana;premium;393;1899;345;56;67;72;6;159;si;no
70;hombre;2;secundaria;urbana;premium;177;1949;1448;40;102;46;5;455;no;si
25;hombre;4;primaria;rural;premium;45;1777;925;53;253;67;6;110;no;si
16;hombre;3;secundaria;urbana;medio;43;49;893;41;226;94;6;357;si;no
63;hombre;4;secundaria;rural;basico;810;1574;207;44;52;30;4;187;no;si
24;mujer;6;primaria;urbana;basico;901;614;1375;9;103;8;0;102;si;no
31;hombre;4;educacion superior;urbana;medio;970;350;765;24;192;63;8;65;no;si
71;mujer;1;primaria;urbana;premium;78;67;580;47;65;39;10;95;no;si
61;hombre;1;secundaria;rural;basico;583;324;796;60;137;120;3;121;no;no
67;mujer;5;primaria;urbana;basico;422;616;1209;34;19;116;6;248;no;no
43;hombre;6;secundaria;urbana;premium;142;967;671;4;133;77;10;191;no;no
26;hombre;1;educacion superior;urbana;basico;265;1532;1098;38;157;40;9;216;no;si
25;hombre;6;primaria;urbana;basico;628;610;338;25;38;43;8;311;si;no
65;mujer;6;educacion superior;urbana;medio;73;1649;1182;26;227;68;7;475;si;no
61;hombre;2;primaria;rural;medio;877;336;250;20;153;2;3;16;si;no
20;hombre;6;primaria;urbana;basico;24;174;466;0;49;55;10;103;no;no
54;hombre;6;primaria;rural;basico;906;1211;585;47;134;77;3;224;no;no
57;mujer;5;educacion superior;rural;medio;955;800;1342;38;207;107;9;205;si;no
64;hombre;6;secundaria;urbana;premium;57;745;756;38;242;51;9;244;no;no
70;hombre;5;primaria;rural;premium;48;1115;137;58;134;31;9;114;si;no
22;hombre;5;secundaria;rural;medio;954;1092;1433;58;74;102;7;148;no;no
52;mujer;5;secundaria;rural;medio;876;552;462;13;85;18;8;456;si;no
44;hombre;5;educacion superior;urbana;premium;710;610;1109;36;116;104;10;402;no;si
34;hombre;4;secundaria;rural;medio;479;351;1041;28;237;92;10;479;no;no
61;hombre;5;primaria;rural;medio;734;410;898;56;215;14;1;293;si;no
63;hombre;2;educacion superior;urbana;medio;190;1421;1141;30;61;74;10;170;no;si
51;mujer;5;primaria;urbana;medio;829;630;1488;39;59;110;9;407;no;no
43;hombre;2;secundaria;urbana;basico;334;1648;1270;48;241;97;8;238;si;no
23;mujer;4;secundaria;urbana;premium;146;1008;165;26;159;98;1;310;si;no
70;mujer;5;secundaria;urbana;basico;244;1803;1168;16;226;64;5;259;no;no
58;hombre;6;primaria;urbana;premium;723;538;1232;11;298;84;5;79;no;no
70;hombre;6;educacion superior;urbana;basico;797;924;1260;21;268;66;9;479;no;si
40;mujer;1;secundaria;rural;medio;354;861;218;27;300;113;3;195;no;si
70;mujer;4;educacion superior;urbana;premium;944;976;1376;28;110;83;10;207;no;si
60;mujer;5;secundaria;rural;medio;930;1963;138;58;222;22;4;162;no;si
57;mujer;5;secundaria;rural;basico;402;174;1418;50;224;15;9;496;no;si
50;hombre;3;secundaria;urbana;basico;209;319;1037;53;116;19;3;134;no;si
33;hombre;6;secundaria;rural;premium;415;1605;1251;59;212;88;7;468;no;si
41;hombre;4;secundaria;rural;medio;811;215;717;32;180;36;3;235;no;si
72;mujer;6;educacion superior;rural;basico;710;665;798;30;68;68;9;128;no;no
51;hombre;5;educacion superior;urbana;basico;420;1152;756;40;134;103;4;231;no;si
65;hombre;1;educacion superior;rural;basico;933;329;964;53;114;100;4;450;si;no
19;hombre;1;secundaria;rural;premium;558;1157;416;59;281;26;10;492;no;no
44;hombre;5;primaria;urbana;basico;460;722;623;32;101;79;2;141;no;no
53;mujer;3;educacion superior;rural;premium;929;370;1101;7;254;34;6;47;si;no
44;hombre;4;secundaria;rural;premium;108;477;1343;8;51;102;0;401;si;no
54;mujer;1;primaria;rural;basico;290;77;1354;20;107;66;9;273;no;no
49;hombre;5;educacion superior;rural;premium;142;950;547;19;91;104;5;147;no;si
73;hombre;4;primaria;rural;premium;552;345;219;44;172;119;9;311;no;si
74;hombre;5;educacion superior;rural;basico;89;1001;717;45;299;66;10;107;no;si
45;hombre;6;secundaria;urbana;premium;570;707;120;38;290;27;3;69;no;si
28;hombre;4;educacion superior;rural;basico;621;1357;961;6;202;91;2;54;si;no
63;mujer;2;secundaria;urbana;premium;782;1911;751;39;290;86;6;151;no;no
46;hombre;1;educacion superior;urbana;basico;126;913;308;6;279;54;8;281;si;no
73;mujer;3;secundaria;rural;medio;340;1434;729;59;225;50;4;435;no;si
25;mujer;4;secundaria;rural;medio;893;1824;350;2;17;91;8;30;si;no
57;mujer;2;educacion superior;urbana;basico;527;839;1205;37;184;97;3;195;no;si
50;hombre;1;educacion superior;urbana;medio;485;26;517;28;296;78;9;148;no;no
65;hombre;6;secundaria;rural;basico;764;392;550;41;137;34;5;321;no;si
62;hombre;3;secundaria;urbana;basico;771;51;949;25;134;25;2;411;no;no
31;hombre;1;primaria;urbana;medio;149;666;997;26;256;46;7;63;no;si
45;hombre;2;educacion superior;rural;premium;685;883;637;7;215;55;5;262;si;no
38;hombre;6;secundaria;rural;medio;614;1530;877;22;134;92;4;385;si;no
47;mujer;4;primaria;urbana;medio;353;1042;1130;16;272;18;4;208;no;si
23;hombre;5;secundaria;urbana;basico;551;3;221;46;225;63;8;82;no;si
64;hombre;2;primaria;urbana;premium;730;647;1494;34;258;104;8;130;si;no
31;hombre;1;secundaria;urbana;premium;675;1162;826;56;240;16;5;170;si;no
68;hombre;5;secundaria;urbana;basico;911;835;947;16;159;81;4;223;no;si
60;hombre;6;secundaria;urbana;medio;680;1200;1191;21;104;43;8;290;no;si
76;mujer;1;secundaria;urbana;premium;10;1116;281;27;299;18;7;193;no;si
45;mujer;3;secundaria;rural;medio;868;1357;889;38;22;55;7;17;si;no
30;hombre;5;secundaria;rural;basico;180;931;175;26;291;59;2;287;no;no
38;hombre;5;secundaria;urbana;premium;414;653;1126;41;139;10;6;188;no;si
38;mujer;2;educacion superior;rural;basico;247;1262;8;25;231;39;0;479;si;no
48;hombre;1;educacion superior;rural;premium;948;1446;1167;18;172;14;3;362;no;si
23;hombre;3;primaria;rural;premium;899;511;1318;45;291;29;5;384;no;si
28;hombre;1;secundaria;urbana;medio;287;471;253;43;243;19;9;389;no;no
56;hombre;1;secundaria;rural;basico;792;503;1045;33;146;110;6;468;no;si
49;mujer;1;educacion superior;urbana;medio;774;269;993;24;10;52;4;243;si;no
75;mujer;6;primaria;rural;basico;295;646;1472;50;288;81;7;3;no;no
39;hombre;3;educacion superior;rural;medio;161;1893;1457;52;93;72;9;259;no;si
46;hombre;2;educacion superior;rural;basico;941;1169;656;49;87;73;10;279;si;no
39;mujer;2;secundaria;urbana;basico;982;834;1364;48;119;68;4;424;no;no
73;mujer;3;primaria;rural;premium;927;726;63;42;106;107;5;258;no;si
80;hombre;4;primaria;rural;premium;614;114;867;55;205;56;6;476;no;si
75;hombre;3;secundaria;rural;medio;762;1371;1181;24;62;107;4;307;no;si
67;hombre;6;primaria;rural;medio;545;1740;813;47;133;17;1;110;si;no
42;hombre;4;secundaria;rural;medio;712;813;1363;45;220;74;4;141;si;no
74;hombre;3;educacion superior;rural;medio;941;1121;1452;25;64;11;4;283;no;si
48;hombre;5;primaria;urbana;basico;640;193;1296;29;101;118;8;423;no;si
39;hombre;2;secundaria;urbana;premium;344;566;78;31;148;36;7;314;no;si
80;hombre;1;primaria;rural;premium;723;1338;516;41;18;33;9;27;si;no
49;mujer;5;primaria;urbana;premium;487;1199;1335;24;235;108;10;362;no;no
53;mujer;5;primaria;rural;basico;89;1370;846;4;289;50;3;359;si;no
63;mujer;2;secundaria;urbana;basico;560;905;1445;59;109;23;9;476;no;si
45;hombre;2;primaria;urbana;medio;396;1863;228;5;254;93;0;247;si;no
68;mujer;6;primaria;rural;medio;878;1264;138;53;276;44;8;345;no;si
51;mujer;5;primaria;urbana;basico;449;232;1019;38;169;78;10;241;no;si
55;hombre;4;primaria;rural;medio;517;857;177;23;271;52;5;200;no;si
38;hombre;6;educacion superior;rural;premium;301;1006;884;14;162;57;5;371;no;no
54;hombre;5;educacion superior;urbana;premium;169;313;1350;34;58;17;5;113;no;si
47;mujer;1;primaria;urbana;medio;214;719;1230;36;298;100;6;328;si;no
78;mujer;2;secundaria;rural;premium;404;1403;436;33;39;88;5;418;no;no
33;hombre;2;primaria;urbana;basico;79;1034;1124;33;239;41;1;311;no;no
56;mujer;5;secundaria;rural;premium;770;1881;585;21;269;85;1;441;si;no
69;hombre;6;primaria;rural;basico;962;1581;251;12;194;91;4;421;si;no
78;hombre;5;educacion superior;rural;basico;419;1696;322;57;175;19;10;127;si;no
71;hombre;5;secundaria;urbana;medio;806;597;1117;50;74;65;9;72;no;si
26;hombre;4;educacion superior;urbana;medio;75;782;724;6;33;102;2;18;no;no
37;mujer;3;primaria;urbana;basico;417;1989;1355;19;172;34;5;379;no;si
25;hombre;1;educacion superior;urbana;medio;550;1887;1053;40;138;42;3;130;no;no
65;hombre;6;secundaria;urbana;premium;579;1372;660;52;226;39;2;424;no;no
62;mujer;4;primaria;rural;basico;58;1459;654;15;195;48;5;454;no;no
50;mujer;6;secundaria;rural;medio;231;60;1108;54;48;22;0;382;si;no
66;hombre;2;primaria;urbana;medio;116;1349;1451;52;214;33;8;414;no;si
69;mujer;5;educacion superior;rural;basico;748;446;550;59;37;99;5;61;si;no
26;hombre;2;primaria;urbana;basico;943;548;889;7;263;75;5;34;si;no
36;hombre;3;secundaria;rural;basico;909;1357;1264;2;224;81;3;269;si;no
59;hombre;1;secundaria;urbana;premium;379;1043;421;15;228;43;5;287;no;si
74;mujer;6;secundaria;rural;premium;920;502;1007;48;84;85;10;189;no;no
41;mujer;5;primaria;rural;medio;438;1667;1029;51;184;55;7;347;no;si
67;mujer;2;secundaria;rural;premium;779;1777;117;41;237;53;3;125;no;si
60;hombre;3;secundaria;urbana;basico;850;1408;867;40;14;57;10;321;no;no
46;mujer;5;primaria;urbana;basico;827;1713;626;46;97;62;5;415;no;no
76;mujer;2;educacion superior;urbana;medio;194;346;1248;2;172;33;9;31;no;no
41;mujer;3;primaria;rural;medio;311;1587;1048;3;102;51;9;234;si;no
65;hombre;6;primaria;rural;premium;780;833;729;57;192;16;6;151;no;si
72;hombre;5;primaria;urbana;medio;682;420;323;23;162;59;6;303;no;no
25;mujer;3;primaria;rural;medio;356;46;484;34;77;60;7;39;si;no
67;hombre;4;educacion superior;rural;basico;302;1985;122;56;59;18;5;176;no;si
62;hombre;2;secundaria;rural;basico;174;1077;1398;29;234;87;2;454;si;no
17;hombre;2;secundaria;rural;medio;206;1408;596;34;40;21;4;252;si;no
27;mujer;4;secundaria;rural;medio;277;1547;1048;42;90;78;9;300;no;si
28;hombre;1;secundaria;urbana;premium;372;930;1319;28;196;6;6;176;no;si
41;hombre;6;primaria;rural;basico;868;74;1414;21;15;59;2;145;no;no
49;mujer;6;educacion superior;urbana;premium;597;1391;481;40;0;45;4;98;si;no
32;hombre;6;primaria;rural;premium;955;931;879;21;67;115;7;311;no;si
64;hombre;5;educacion superior;urbana;medio;886;1640;1325;42;84;19;6;63;si;no
77;hombre;2;primaria;urbana;premium;203;1054;236;34;78;87;3;300;no;si
65;mujer;1;secundaria;urbana;premium;212;1528;755;58;274;107;1;188;no;no
56;hombre;6;secundaria;rural;premium;83;1247;69;47;123;14;3;421;si;no
66;hombre;4;secundaria;urbana;premium;258;1072;1268;26;58;20;9;440;no;si
35;hombre;3;secundaria;urbana;premium;258;56;1394;1;58;46;5;188;no;no
50;mujer;2;secundaria;urbana;premium;802;558;980;56;196;59;6;405;no;si
47;hombre;1;secundaria;rural;premium;599;1581;633;31;257;53;2;155;no;no
37;mujer;4;primaria;urbana;medio;862;1999;1114;16;216;9;10;259;no;si
68;mujer;4;educacion superior;rural;medio;884;668;444;16;238;49;1;40;si;no
56;hombre;2;educacion superior;rural;medio;900;522;1173;58;278;35;3;458;si;no
59;hombre;3;secundaria;rural;basico;467;634;724;30;171;15;5;197;no;si
37;hombre;6;primaria;rural;medio;710;235;642;29;57;116;6;433;no;no
19;hombre;3;secundaria;urbana;premium;83;557;1208;56;253;97;10;66;no;si
75;hombre;1;secundaria;rural;premium;403;1109;265;16;98;87;9;209;no;si
71;mujer;5;secundaria;rural;premium;580;641;1004;16;254;28;5;138;no;no
29;hombre;2;educacion superior;urbana;basico;441;597;997;5;254;37;6;452;no;no
56;hombre;6;secundaria;urbana;premium;524;577;721;55;58;103;3;252;no;no
52;hombre;3;primaria;rural;premium;334;1282;194;51;159;97;9;348;no;si
44;hombre;1;primaria;rural;medio;386;755;15;29;123;101;10;76;no;si
41;hombre;2;primaria;rural;medio;315;1322;382;18;126;74;1;391;si;no
75;hombre;5;primaria;rural;premium;118;1790;227;57;167;42;1;143;si;no
22;hombre;3;educacion superior;urbana;premium;356;1882;534;50;217;2;3;28;no;no
48;hombre;3;educacion superior;rural;premium;383;228;1225;10;209;119;10;434;si;no
67;hombre;3;educacion superior;rural;basico;464;1548;598;12;294;3;7;12;si;no
39;hombre;3;educacion superior;urbana;basico;197;104;201;39;288;100;3;412;no;no
23;hombre;1;secundaria;urbana;premium;882;1163;311;55;160;48;7;321;no;si
40;mujer;6;secundaria;rural;premium;392;710;916;50;145;34;8;118;no;si
63;hombre;5;educacion superior;urbana;basico;479;1359;246;40;239;1;9;458;no;no
20;mujer;1;secundaria;rural;premium;790;1033;1116;56;101;53;3;489;no;si
20;hombre;4;primaria;urbana;premium;70;1923;54;15;158;53;10;473;no;si
62;mujer;1;educacion superior;rural;medio;755;745;1402;35;220;112;8;453;si;no
49;mujer;5;secundaria;urbana;basico;247;1515;391;57;4;83;8;147;no;no
40;hombre;1;primaria;rural;basico;118;455;938;45;50;5;8;427;no;no
34;mujer;4;secundaria;rural;medio;395;1603;7;53;196;61;10;267;si;no
80;mujer;2;primaria;rural;basico;479;162;139;55;111;25;6;101;no;si
34;mujer;3;educacion superior;rural;basico;141;1768;875;19;4;1;0;224;si;no
56;mujer;2;secundaria;urbana;premium;337;1165;1053;35;9;46;6;459;si;no
16;hombre;6;educacion superior;urbana;basico;302;160;493;34;52;66;0;377;no;no
22;hombre;6;secundaria;urbana;premium;387;718;559;32;112;90;1;79;si;no
68;mujer;4;primaria;urbana;medio;967;1863;1256;11;136;6;2;492;no;no
40;mujer;1;secundaria;rural;premium;516;1860;993;33;199;30;5;431;si;no
61;mujer;4;primaria;rural;basico;621;548;1278;49;260;74;2;58;no;no
41;hombre;2;educacion superior;urbana;basico;754;1466;1186;52;153;89;8;204;no;no
44;hombre;5;secundaria;rural;basico;857;1735;1395;31;287;53;5;378;no;si
80;mujer;3;secundaria;rural;medio;390;685;174;42;279;100;3;399;no;si
24;mujer;4;primaria;rural;medio;967;263;1025;29;131;80;1;339;si;no
51;hombre;3;secundaria;urbana;basico;453;54;881;24;175;78;9;468;no;si
30;hombre;2;primaria;urbana;basico;651;973;1041;6;245;108;6;314;si;no
51;hombre;3;educacion superior;urbana;basico;800;1496;119;29;21;61;7;363;si;no
72;hombre;1;primaria;urbana;medio;553;1844;1259;27;167;118;5;448;no;no
22;hombre;5;educacion superior;rural;basico;119;376;257;30;274;25;3;470;no;si
42;hombre;5;educacion superior;urbana;medio;809;884;16;15;83;69;3;189;no;si
62;mujer;1;secundaria;urbana;premium;922;1382;453;46;94;118;6;231;no;no
68;mujer;3;primaria;urbana;premium;474;493;1356;43;154;98;6;208;no;si
45;hombre;6;educacion superior;urbana;basico;127;940;1360;35;264;85;9;212;no;si
40;hombre;4;educacion superior;urbana;basico;177;533;1407;46;142;118;6;238;no;si
38;mujer;1;primaria;urbana;premium;122;1660;913;29;163;39;3;69;no;si
46;hombre;4;primaria;urbana;basico;467;1089;1213;60;230;79;0;391;si;no
31;hombre;6;secundaria;rural;medio;26;324;143;56;120;98;10;252;no;si
59;mujer;4;secundaria;rural;basico;782;1097;1340;48;297;53;8;289;no;si
27;hombre;4;primaria;rural;basico;545;1179;1268;16;119;7;5;410;no;si
72;mujer;1;secundaria;rural;basico;36;1888;297;27;120;24;7;185;no;si
27;hombre;5;educacion superior;urbana;premium;779;1618;1062;33;122;22;9;281;no;si
57;mujer;5;secundaria;urbana;premium;666;426;1377;56;294;29;7;303;no;si
71;hombre;2;secundaria;rural;basico;153;1931;191;10;74;44;9;31;no;no
37;mujer;3;primaria;urbana;basico;130;753;996;16;0;3;7;33;si;no
19;hombre;5;secundaria;urbana;medio;733;187;942;11;208;115;9;302;no;no
45;mujer;5;educacion superior;rural;basico;519;708;594;46;144;64;5;23;si;no
22;mujer;2;educacion superior;urbana;medio;291;1020;1159;53;38;104;8;194;no;no
27;hombre;1;secundaria;rural;basico;818;740;1448;39;61;109;7;179;no;si
29;mujer;3;educacion superior;rural;medio;962;551;1128;52;146;55;4;271;no;no
40;hombre;1;secundaria;rural;medio;645;241;591;1;202;44;7;65;si;no
36;hombre;5;secundaria;rural;basico;437;746;879;22;141;79;5;414;no;si
42;mujer;5;primaria;urbana;basico;624;1823;504;46;156;84;1;235;si;no
47;hombre;6;secundaria;rural;premium;655;364;426;25;48;66;1;246;si;no
44;hombre;4;secundaria;rural;medio;798;888;83;10;22;69;8;37;no;no
45;hombre;6;secundaria;urbana;premium;646;1783;386;50;287;93;5;48;si;no
65;hombre;3;primaria;rural;basico;952;1236;238;33;209;56;4;209;si;no
49;hombre;3;primaria;rural;medio;300;1969;411;29;250;96;7;217;no;si
23;hombre;6;primaria;rural;premium;17;1226;824;54;44;33;7;441;no;no
26;hombre;6;educacion superior;urbana;basico;911;70;158;47;226;73;4;140;si;no
53;mujer;4;secundaria;rural;premium;462;1096;910;38;139;10;7;242;no;si
23;mujer;4;educacion superior;urbana;medio;885;656;119;15;273;4;8;435;si;no
64;hombre;1;primaria;rural;basico;978;13;217;48;65;36;2;97;si;no
26;hombre;2;secundaria;rural;basico;194;386;802;18;158;89;10;73;no;no
75;hombre;6;primaria;urbana;basico;745;1442;382;34;30;14;0;95;si;no
53;mujer;5;primaria;urbana;premium;846;139;626;20;108;107;6;251;si;no
64;mujer;5;secundaria;urbana;medio;178;1483;445;20;107;82;8;493;no;si
27;hombre;2;secundaria;rural;medio;583;387;210;18;201;91;8;194;no;si
73;hombre;6;educacion superior;rural;premium;317;36;1299;31;249;30;7;384;no;si
34;hombre;2;educacion superior;urbana;premium;464;1486;920;26;265;106;8;301;no;si
21;mujer;6;educacion superior;urbana;premium;72;1651;677;34;268;44;3;372;no;si
33;mujer;6;primaria;urbana;premium;180;326;1229;40;207;62;3;491;si;no
48;hombre;3;primaria;urbana;premium;597;1419;1098;36;282;99;10;450;no;si
76;hombre;1;educacion superior;urbana;premium;11;1740;36;56;201;71;7;308;no;si
49;hombre;6;secundaria;rural;premium;239;1317;235;20;115;30;9;407;no;si
21;hombre;2;educacion superior;urbana;premium;717;749;721;47;298;110;1;316;no;no
45;mujer;3;primaria;urbana;basico;68;1092;1157;29;207;42;4;218;no;si
47;hombre;5;primaria;rural;basico;10;141;744;34;42;18;3;25;si;no
35;hombre;4;secundaria;rural;medio;675;1776;1230;35;294;63;6;156;no;si
26;hombre;1;educacion superior;urbana;basico;810;1045;1383;27;80;27;7;97;si;no
19;mujer;2;primaria;rural;premium;487;120;1082;53;148;61;2;252;no;no
69;hombre;2;primaria;urbana;premium;822;113;642;9;290;30;1;312;si;no
49;hombre;5;secundaria;urbana;basico;230;1782;1323;47;179;57;8;219;no;si
41;mujer;5;educacion superior;urbana;medio;161;1786;546;0;159;44;7;419;si;no
36;hombre;1;educacion superior;rural;basico;575;1796;1304;23;267;98;6;310;si;no
37;mujer;3;secundaria;rural;premium;256;1147;1479;15;7;8;9;31;si;no
25;hombre;2;educacion superior;urbana;premium;980;741;57;49;103;110;7;140;no;si
68;hombre;5;secundaria;rural;premium;223;128;699;49;245;80;5;334;no;si
59;mujer;6;secundaria;urbana;premium;853;1013;1237;39;294;120;3;449;no;no
39;hombre;1;primaria;urbana;basico;887;793;1102;20;161;116;3;204;no;si
41;hombre;5;educacion superior;rural;basico;176;930;145;6;156;72;0;84;no;no
61;hombre;2;secundaria;rural;premium;557;1120;441;34;39;29;10;75;no;no
28;hombre;2;educacion superior;rural;medio;478;936;146;19;260;28;5;385;no;si
65;hombre;4;educacion superior;urbana;basico;587;1270;487;30;247;117;3;30;si;no
54;mujer;6;secundaria;urbana;premium;376;685;46;47;218;95;4;134;no;si
32;mujer;2;primaria;rural;basico;459;1672;1424;18;198;69;0;259;no;no
50;mujer;5;secundaria;urbana;basico;372;1502;838;52;111;64;10;431;si;no
20;mujer;5;secundaria;urbana;medio;197;951;120;4;227;61;10;365;si;no
19;mujer;4;primaria;rural;premium;693;760;622;24;227;102;9;451;no;si
31;hombre;2;primaria;urbana;basico;550;1127;1131;46;271;20;7;454;no;si
27;mujer;5;secundaria;urbana;premium;157;1119;318;25;248;42;10;447;no;no
53;mujer;1;educacion superior;rural;medio;209;866;1131;48;112;65;6;445;no;si
30;mujer;6;secundaria;rural;medio;984;1899;323;53;103;33;5;174;si;no
29;hombre;1;educacion superior;rural;premium;60;1478;75;57;84;119;6;174;no;si
48;mujer;5;secundaria;urbana;premium;762;736;267;29;36;63;9;378;no;no
27;hombre;1;educacion superior;rural;medio;233;432;377;0;230;66;7;244;no;no
40;hombre;4;secundaria;urbana;premium;247;729;529;54;232;106;3;476;no;no
34;hombre;6;primaria;urbana;basico;85;1146;1106;21;66;82;6;165;no;si
36;hombre;2;educacion superior;rural;basico;415;1601;633;9;188;113;4;247;si;no
23;hombre;2;educacion superior;urbana;medio;408;606;439;33;236;95;9;270;si;no
25;mujer;2;educacion superior;urbana;basico;905;1824;82;0;174;10;2;124;no;no
60;mujer;2;primaria;urbana;medio;699;812;1336;8;206;77;4;36;no;no
43;hombre;4;educacion superior;urbana;premium;330;1617;1356;17;180;40;6;18;no;no
46;hombre;6;secundaria;urbana;medio;472;53;329;29;26;11;1;354;no;no
55;mujer;5;primaria;urbana;premium;736;1440;1342;0;30;97;5;132;no;no
20;hombre;6;primaria;rural;premium;928;1146;830;46;223;84;8;153;no;si
51;hombre;6;secundaria;rural;premium;357;903;1027;46;69;63;8;347;si;no
39;hombre;5;educacion superior;rural;basico;521;1054;1318;26;274;36;1;340;no;no
35;mujer;2;primaria;rural;premium;938;521;1391;23;72;71;6;216;no;si
65;hombre;2;educacion superior;rural;basico;905;1720;813;34;240;58;7;198;si;no
26;hombre;2;secundaria;urbana;basico;454;380;663;1;4;102;8;419;no;no
80;mujer;2;primaria;urbana;medio;285;578;891;1;219;99;6;175;si;no
27;hombre;6;educacion superior;rural;medio;817;1799;1292;14;86;94;6;237;si;no
36;mujer;3;secundaria;rural;basico;565;1976;722;42;166;101;4;154;no;no
38;hombre;2;primaria;rural;basico;733;1215;1103;8;44;58;3;194;no;no
19;mujer;3;educacion superior;rural;basico;392;65;491;14;98;52;2;202;si;no
64;hombre;1;secundaria;rural;basico;628;1045;783;34;203;104;9;205;no;si
48;hombre;4;secundaria;urbana;premium;799;287;34;44;33;2;2;43;si;no
39;hombre;3;educacion superior;urbana;basico;411;1966;353;17;188;57;9;263;no;si
49;hombre;1;secundaria;urbana;premium;815;1154;408;14;111;69;1;497;no;no
60;mujer;2;educacion superior;rural;basico;915;579;764;26;282;62;4;498;si;no
35;hombre;3;educacion superior;rural;basico;593;1335;275;58;220;11;8;107;no;no
72;mujer;2;secundaria;urbana;premium;364;1802;349;43;256;33;8;122;no;si
56;mujer;6;educacion superior;rural;basico;304;1483;1246;53;206;9;3;219;no;si
77;mujer;2;primaria;urbana;premium;961;1321;699;24;259;9;2;322;no;no
62;mujer;6;primaria;rural;medio;233;921;637;52;48;111;4;216;no;no
69;mujer;6;secundaria;rural;basico;783;1197;1229;38;87;16;5;486;no;si
69;hombre;1;educacion superior;rural;premium;933;313;897;50;220;39;8;373;no;si
22;hombre;2;secundaria;rural;medio;814;1362;380;23;254;17;2;333;no;no
37;mujer;3;primaria;urbana;premium;26;1069;571;38;56;45;9;450;no;si
27;hombre;4;primaria;rural;medio;640;1680;1158;54;131;27;4;156;no;si
40;mujer;6;educacion superior;rural;basico;627;1150;45;47;86;76;10;189;no;si
18;hombre;2;educacion superior;rural;premium;942;1749;1041;58;226;26;7;231;no;no
26;hombre;6;primaria;urbana;basico;714;1260;161;49;54;13;5;303;no;si
30;hombre;6;educacion superior;urbana;premium;564;1255;322;55;244;76;9;189;no;si
55;hombre;5;secundaria;urbana;basico;524;886;1342;54;95;17;6;69;no;si
52;hombre;1;primaria;rural;premium;717;166;345;31;206;34;4;222;no;no
39;mujer;2;educacion superior;rural;premium;270;1402;53;42;246;15;3;500;no;si
36;hombre;4;secundaria;urbana;premium;41;930;582;1;138;118;6;154;no;no
56;mujer;1;educacion superior;urbana;basico;626;975;400;60;296;83;10;466;no;si
29;hombre;3;secundaria;urbana;basico;170;658;109;45;267;94;7;111;no;si
60;hombre;4;secundaria;urbana;basico;855;1630;897;52;91;32;7;188;no;no
66;mujer;4;primaria;urbana;basico;93;1260;803;6;116;1;2;422;si;no
55;hombre;1;educacion superior;urbana;premium;903;1477;971;22;165;42;2;365;si;no
20;hombre;5;secundaria;urbana;medio;276;639;1104;58;157;118;8;382;no;si
39;hombre;4;secundaria;urbana;basico;891;1921;1118;50;101;38;10;156;no;si
19;mujer;5;primaria;urbana;basico;626;1503;575;32;42;115;8;376;no;no
41;hombre;6;educacion superior;urbana;premium;740;542;608;17;6;64;6;287;si;no
40;hombre;3;educacion superior;rural;medio;462;233;806;37;271;118;8;84;no;si
64;hombre;1;educacion superior;urbana;premium;671;766;981;15;121;40;4;152;no;si
21;hombre;5;primaria;rural;basico;482;1551;35;46;238;70;5;375;no;si
69;hombre;2;educacion superior;rural;premium;463;1676;562;30;56;35;10;161;no;si
27;hombre;5;educacion superior;urbana;medio;582;1224;931;28;97;69;4;69;no;no
61;mujer;2;primaria;urbana;medio;921;1217;930;18;287;75;7;226;no;si
75;mujer;5;primaria;rural;medio;304;211;293;54;103;49;5;125;no;si
44;hombre;2;secundaria;rural;basico;657;1274;1116;29;145;35;4;309;no;si
21;hombre;6;secundaria;rural;medio;559;667;1363;40;137;116;5;491;si;no
48;mujer;4;educacion superior;rural;basico;203;1511;758;22;41;51;0;327;si;no
57;hombre;6;secundaria;urbana;basico;468;434;682;23;279;108;10;24;no;no
21;hombre;6;primaria;rural;basico;290;1125;1374;36;94;15;5;202;si;no
19;hombre;3;educacion superior;urbana;medio;402;895;526;30;91;47;10;208;no;si
55;hombre;1;educacion superior;rural;basico;240;712;1274;1;277;30;1;93;si;no
37;hombre;1;primaria;rural;medio;123;745;766;0;93;5;10;16;si;no
66;hombre;6;primaria;rural;premium;936;29;194;58;201;28;9;312;no;no
60;mujer;1;educacion superior;rural;basico;387;260;744;57;132;111;7;112;no;si
23;mujer;4;secundaria;urbana;medio;152;172;686;2;21;50;3;261;si;no
80;hombre;6;educacion superior;rural;basico;446;1523;905;26;30;28;6;366;si;no
36;hombre;3;educacion superior;urbana;premium;198;1794;696;56;114;28;10;470;no;si
51;mujer;2;educacion superior;urbana;medio;237;722;947;51;268;31;6;322;no;si
30;hombre;3;secundaria;urbana;basico;665;1515;1428;4;123;80;3;120;no;no
35;hombre;6;primaria;rural;basico;959;1507;846;16;13;39;2;131;si;no
54;hombre;3;secundaria;rural;premium;222;1620;1245;16;113;113;9;95;si;no
57;hombre;4;educacion superior;urbana;medio;836;130;97;41;151;41;3;64;no;si
69;hombre;3;educacion superior;urbana;premium;276;43;867;25;92;13;8;457;no;si
22;hombre;4;secundaria;urbana;medio;83;1980;1338;34;167;4;3;370;no;no
75;hombre;1;primaria;urbana;basico;818;891;79;53;288;114;2;455;si;no
79;hombre;5;primaria;rural;premium;121;808;823;60;273;81;5;35;no;no
19;hombre;5;primaria;urbana;basico;381;961;1085;19;276;40;3;162;no;si
51;hombre;4;educacion superior;urbana;premium;592;541;1092;26;266;85;9;225;no;si
68;hombre;5;educacion superior;urbana;medio;654;278;967;37;290;68;1;86;no;no
68;mujer;5;primaria;rural;medio;918;1941;641;15;155;112;5;400;no;si
80;hombre;4;secundaria;urbana;basico;1;1825;1202;17;28;88;1;37;no;no
46;hombre;1;primaria;rural;medio;935;1613;452;24;189;12;10;408;no;si
53;hombre;6;educacion superior;rural;medio;133;1530;1230;30;92;18;10;310;no;si
77;hombre;3;secundaria;rural;medio;80;636;136;17;160;23;7;143;no;no
64;hombre;1;educacion superior;rural;basico;621;1426;419;2;159;36;9;109;si;no
55;hombre;5;primaria;urbana;medio;589;1285;295;41;189;98;5;138;no;no
44;hombre;6;secundaria;urbana;basico;141;773;973;58;176;46;3;194;no;no
16;hombre;6;secundaria;rural;medio;79;409;490;33;252;60;0;324;si;no
25;hombre;6;secundaria;rural;medio;292;1019;142;28;277;75;9;410;no;si
65;hombre;3;primaria;rural;premium;795;1875;524;48;154;101;7;156;no;si
42;mujer;5;educacion superior;urbana;medio;5;1665;275;1;195;83;4;458;no;no
65;hombre;2;primaria;urbana;medio;721;1795;404;60;50;46;3;435;no;si
44;hombre;6;secundaria;urbana;premium;404;24;959;20;294;105;8;137;no;si
35;hombre;4;secundaria;urbana;medio;984;1434;569;57;206;43;7;192;no;si
38;mujer;4;primaria;rural;premium;904;1608;983;44;251;113;4;262;no;si
64;hombre;6;educacion superior;urbana;premium;445;197;1190;60;165;15;4;397;no;si
68;hombre;6;secundaria;rural;premium;952;1595;513;28;263;12;10;50;no;si
40;hombre;6;primaria;urbana;premium;960;190;1270;24;60;77;8;125;si;no
55;hombre;5;secundaria;rural;basico;758;905;592;27;231;19;9;432;no;si
67;hombre;5;primaria;urbana;basico;835;596;1055;50;180;102;2;276;no;no
54;hombre;5;educacion superior;rural;premium;617;1592;1341;44;196;82;3;138;no;si
60;mujer;5;primaria;urbana;basico;484;191;257;56;180;49;0;460;no;no
56;mujer;5;secundaria;rural;basico;478;1958;628;20;254;52;6;271;no;si
55;hombre;5;educacion superior;urbana;basico;61;53;1352;32;200;50;6;384;si;no
21;hombre;6;primaria;urbana;premium;41;1904;589;53;143;47;6;268;si;no
67;hombre;2;secundaria;urbana;medio;824;1525;970;18;95;9;9;111;no;no
60;hombre;1;secundaria;urbana;basico;922;1876;439;38;215;64;9;137;si;no
71;mujer;6;educacion superior;urbana;basico;651;338;1372;58;234;30;1;340;si;no
58;mujer;6;educacion superior;urbana;premium;950;458;622;38;183;97;8;352;si;no
53;mujer;3;primaria;urbana;basico;281;1109;1240;26;66;34;7;389;no;no
36;mujer;1;educacion superior;rural;premium;485;242;1200;55;135;113;2;394;no;no
63;hombre;4;primaria;urbana;basico;53;1043;1315;57;229;10;4;219;no;si
37;mujer;2;educacion superior;rural;medio;868;1773;1267;56;184;115;7;315;no;si
32;hombre;2;primaria;urbana;basico;856;247;988;39;230;73;4;23;si;no
61;mujer;2;educacion superior;urbana;basico;735;266;1260;56;208;52;8;485;si;no
79;hombre;6;educacion superior;urbana;premium;697;1993;1321;40;234;115;5;51;no;si
34;hombre;1;educacion superior;rural;medio;677;884;639;51;66;64;5;375;no;si
77;mujer;2;primaria;rural;premium;982;1086;122;14;266;97;4;413;si;no
31;hombre;3;secundaria;urbana;basico;943;1239;220;24;54;14;7;62;no;si
46;mujer;5;educacion superior;urbana;premium;329;74;793;47;153;3;6;114;no;si
49;hombre;1;secundaria;urbana;medio;354;861;28;10;77;63;7;7;si;no
56;hombre;4;primaria;urbana;premium;708;1657;1131;19;259;72;3;87;no;si
24;mujer;4;educacion superior;urbana;basico;280;281;266;18;199;55;3;452;no;si
72;mujer;5;primaria;urbana;medio;58;1938;1077;24;138;9;6;263;si;no
21;hombre;3;primaria;urbana;basico;311;1759;685;21;168;43;7;433;no;si
22;hombre;6;educacion superior;rural;medio;810;1488;456;41;210;13;6;357;si;no
28;mujer;4;educacion superior;rural;premium;966;689;1118;47;225;44;3;145;no;si
38;hombre;5;educacion superior;rural;basico;310;1231;704;26;70;48;6;91;no;si
64;hombre;4;educacion superior;urbana;premium;662;284;478;38;56;69;8;60;si;no
63;hombre;2;secundaria;urbana;basico;891;333;1167;43;273;46;6;415;no;si
45;hombre;6;educacion superior;rural;premium;439;283;464;33;116;95;4;392;no;si
80;hombre;1;secundaria;rural;basico;645;1151;724;36;133;27;3;193;no;si
54;hombre;3;educacion superior;rural;premium;208;1519;1447;35;181;50;5;328;no;si
27;hombre;3;secundaria;rural;basico;172;1690;1460;49;99;5;8;254;no;si
25;mujer;5;secundaria;urbana;basico;70;651;444;42;69;29;6;134;no;si
64;hombre;6;secundaria;urbana;premium;184;1872;1374;1;37;84;7;106;si;no
45;hombre;3;educacion superior;rural;basico;368;378;1277;48;112;43;7;446;si;no
27;hombre;4;educacion superior;urbana;premium;936;336;346;42;235;63;4;169;si;no
66;hombre;6;educacion superior;rural;basico;316;738;1192;53;263;100;2;147;no;no
71;hombre;5;secundaria;rural;premium;990;1605;357;45;147;87;9;125;no;si
16;hombre;1;secundaria;rural;medio;29;103;669;59;223;105;4;194;si;no
30;mujer;4;secundaria;urbana;medio;263;150;228;15;271;108;5;497;no;si
32;hombre;5;secundaria;urbana;premium;191;660;711;38;251;11;3;76;no;si
28;mujer;1;educacion superior;rural;premium;126;439;450;55;261;50;10;155;no;si
22;hombre;2;primaria;rural;medio;485;1516;480;22;61;110;5;262;no;si
25;mujer;5;secundaria;urbana;basico;33;1927;700;0;290;100;10;303;no;no
20;mujer;4;primaria;urbana;basico;775;767;1354;40;80;118;3;163;no;si
24;hombre;2;secundaria;urbana;basico;31;1614;1488;20;161;87;9;198;no;si
68;hombre;3;secundaria;rural;medio;573;742;362;1;143;43;8;96;si;no
36;mujer;3;educacion superior;urbana;basico;788;175;793;46;284;75;10;98;no;si
53;hombre;4;secundaria;rural;basico;640;337;184;0;128;102;3;473;no;no
25;mujer;6;educacion superior;urbana;basico;54;1213;471;19;292;64;8;425;no;si
78;mujer;6;secundaria;rural;premium;985;1999;136;38;124;108;5;284;si;no
66;hombre;5;secundaria;rural;medio;746;134;1360;21;232;64;0;129;si;no
47;hombre;3;secundaria;rural;basico;218;1127;1273;39;138;74;8;302;no;si
57;mujer;6;educacion superior;urbana;medio;965;922;232;30;46;2;8;33;si;no
70;hombre;4;educacion superior;urbana;medio;905;236;576;8;113;14;6;442;no;no
71;hombre;2;primaria;rural;basico;156;1787;1024;20;197;54;7;175;no;no
21;hombre;5;primaria;urbana;medio;379;1458;1484;3;259;77;4;303;no;no
64;hombre;2;secundaria;rural;premium;962;642;77;59;242;51;1;460;no;no
73;hombre;4;secundaria;rural;basico;817;503;12;23;235;84;7;306;no;si
74;mujer;6;educacion superior;rural;premium;364;1019;183;50;132;57;4;175;no;si
45;hombre;5;secundaria;urbana;medio;388;1194;505;49;119;115;3;456;no;si
48;hombre;6;secundaria;rural;basico;99;580;189;21;174;35;5;445;no;si
47;mujer;2;primaria;urbana;premium;311;1494;1391;49;298;1;7;500;no;no
23;mujer;6;primaria;rural;basico;337;1913;439;21;155;47;1;467;si;no
73;hombre;2;educacion superior;urbana;basico;597;1355;803;27;169;42;10;331;no;si
79;hombre;6;secundaria;urbana;premium;880;1700;812;17;181;75;7;342;no;si
20;hombre;3;primaria;rural;medio;100;1865;334;47;286;14;9;438;no;no
25;hombre;2;primaria;urbana;basico;814;581;588;2;52;66;2;186;no;no
52;hombre;4;primaria;rural;basico;568;753;1301;36;53;36;5;494;no;si
67;hombre;2;primaria;rural;basico;508;838;1303;23;84;97;7;209;no;si
63;mujer;6;primaria;rural;basico;726;962;1392;40;51;47;5;432;no;si
28;hombre;3;secundaria;urbana;basico;822;1411;112;42;241;8;3;184;no;si
27;hombre;3;primaria;rural;basico;180;1177;864;43;106;33;6;365;no;si
19;hombre;3;secundaria;urbana;premium;511;179;1329;26;190;116;8;228;no;no
66;mujer;5;secundaria;urbana;basico;185;323;1267;41;219;15;4;64;no;no
19;hombre;2;primaria;urbana;basico;858;776;1387;34;130;36;3;190;no;si
41;hombre;1;educacion superior;urbana;basico;534;1974;355;44;137;110;4;145;no;si
26;hombre;5;secundaria;urbana;premium;892;883;825;29;96;88;10;359;no;no
46;mujer;6;secundaria;rural;medio;242;1195;664;47;206;45;8;27;si;no
40;mujer;2;educacion superior;rural;medio;40;1926;1128;31;140;8;9;448;no;si
69;mujer;6;educacion superior;rural;premium;907;102;858;40;296;114;4;254;no;si
50;hombre;5;secundaria;rural;medio;208;898;1237;45;220;1;5;322;no;si
45;mujer;4;educacion superior;urbana;basico;249;1316;1448;3;240;56;3;451;no;no
77;hombre;3;secundaria;rural;premium;294;555;212;57;288;89;3;57;no;no
41;hombre;2;primaria;rural;medio;410;837;143;40;267;50;9;124;si;no
32;mujer;3;educacion superior;urbana;basico;960;77;1137;18;138;18;7;310;no;si
73;hombre;4;educacion superior;rural;medio;893;629;1427;23;240;9;6;236;no;si
78;mujer;5;secundaria;urbana;medio;205;1320;1119;4;38;79;1;148;no;no
36;mujer;6;educacion superior;rural;premium;867;1003;1365;46;256;108;6;425;no;si
20;hombre;6;primaria;rural;premium;999;62;1121;29;126;107;3;215;no;si
75;mujer;3;secundaria;urbana;medio;49;10;1472;4;162;48;6;299;si;no
67;mujer;5;secundaria;rural;basico;357;595;875;28;91;63;7;418;no;si
79;mujer;4;secundaria;rural;premium;413;543;46;10;229;114;9;138;si;no
60;hombre;4;educacion superior;urbana;basico;903;1031;655;18;85;80;9;162;no;si
35;hombre;3;educacion superior;rural;medio;122;1548;1191;48;267;111;3;105;no;no
53;hombre;6;secundaria;rural;premium;285;668;814;23;239;96;2;211;no;no
51;hombre;2;primaria;urbana;medio;576;804;586;30;178;12;7;453;no;si
17;hombre;3;secundaria;rural;basico;630;35;1117;35;175;108;5;211;si;no
69;hombre;6;primaria;urbana;medio;791;72;505;30;244;60;7;378;no;si
18;mujer;3;primaria;urbana;basico;370;1677;828;56;95;74;7;165;no;si
49;hombre;3;primaria;rural;medio;638;953;560;44;259;92;0;132;no;no
36;mujer;3;educacion superior;rural;medio;324;1770;632;55;177;95;5;50;no;si
42;hombre;3;secundaria;urbana;premium;778;255;1310;20;274;89;10;176;si;no
57;hombre;1;primaria;rural;premium;405;739;1014;56;219;87;5;458;no;si
22;hombre;2;primaria;urbana;premium;653;1409;1439;6;37;79;7;204;no;no
49;hombre;2;secundaria;rural;premium;479;1473;1119;45;254;75;10;453;no;no
58;hombre;6;primaria;rural;medio;424;46;438;50;126;74;9;176;no;si
50;hombre;4;secundaria;urbana;premium;77;147;957;60;208;1;4;210;no;no
75;mujer;2;primaria;rural;premium;975;1663;578;18;108;65;8;248;si;no
73;hombre;3;secundaria;rural;premium;130;561;182;36;258;86;5;439;no;si
20;hombre;1;primaria;urbana;premium;813;1165;236;40;190;52;7;344;no;si
39;mujer;6;educacion superior;urbana;medio;488;1196;1246;39;113;114;6;464;no;si
43;mujer;6;educacion superior;rural;basico;563;400;232;15;270;118;5;476;no;si
72;hombre;1;educacion superior;urbana;basico;390;846;956;49;283;75;6;192;no;si
60;hombre;4;secundaria;rural;premium;422;966;1409;54;248;46;6;127;no;si
22;hombre;1;primaria;rural;premium;858;1051;746;31;142;30;3;100;no;si
24;hombre;5;secundaria;rural;medio;852;680;979;16;74;30;8;62;no;no
22;mujer;2;primaria;urbana;premium;847;1465;1079;55;100;4;5;135;no;si
77;mujer;6;secundaria;rural;medio;219;1263;1460;19;105;74;6;149;no;si
60;hombre;5;secundaria;rural;basico;204;915;1439;7;221;70;1;319;si;no
59;mujer;3;educacion superior;rural;premium;507;1964;292;53;262;31;10;81;no;si
68;mujer;3;secundaria;urbana;basico;732;1164;246;26;213;36;4;478;no;si
19;mujer;1;primaria;rural;premium;944;58;1134;25;184;48;5;304;no;si
48;hombre;4;educacion superior;rural;medio;882;1808;1003;14;251;26;10;155;no;no
67;hombre;5;educacion superior;urbana;premium;811;1562;871;25;220;82;1;154;si;no
61;hombre;6;educacion superior;urbana;medio;683;283;1500;15;69;61;1;350;si;no
64;hombre;3;educacion superior;rural;basico;521;459;129;4;177;118;5;128;no;no
65;hombre;5;primaria;urbana;medio;287;1731;1427;45;199;50;5;401;no;si
40;mujer;2;educacion superior;urbana;medio;917;962;942;36;173;21;3;299;no;si
69;hombre;3;educacion superior;urbana;medio;252;1654;607;43;143;5;8;228;no;si
19;hombre;6;educacion superior;rural;premium;408;1568;241;29;94;49;2;190;si;no
29;mujer;6;educacion superior;rural;premium;349;1691;1305;42;148;111;10;322;no;no
73;mujer;1;educacion superior;rural;basico;484;771;1243;56;241;91;3;477;no;no
62;hombre;4;educacion superior;rural;medio;566;950;774;25;11;95;5;24;no;no
40;mujer;3;primaria;rural;premium;710;1033;900;53;59;59;8;119;no;si
17;mujer;1;primaria;rural;medio;786;146;103;57;68;108;0;81;si;no
35;hombre;5;primaria;urbana;basico;664;1325;254;28;86;49;2;0;si;no
53;hombre;4;primaria;rural;premium;645;1843;395;18;145;43;8;430;no;si
63;hombre;3;secundaria;urbana;premium;685;1131;936;4;257;105;0;172;no;no
65;mujer;6;secundaria;urbana;medio;861;1991;1329;32;150;8;8;106;si;no
48;hombre;3;educacion superior;urbana;medio;790;1258;1094;51;274;32;3;383;no;si
25;hombre;2;secundaria;rural;medio;743;1066;1286;29;166;4;6;473;no;si
36;mujer;3;secundaria;rural;medio;188;365;944;13;245;107;1;224;si;no
58;hombre;1;secundaria;rural;medio;687;1785;1054;19;198;37;2;262;no;no
30;hombre;5;secundaria;urbana;medio;827;690;582;17;217;96;5;225;no;si
21;hombre;1;secundaria;rural;basico;20;1058;970;17;239;97;8;63;no;si
65;hombre;2;educacion superior;urbana;medio;64;828;909;17;43;68;5;407;no;no
77;mujer;4;primaria;rural;premium;45;312;1489;16;116;104;10;325;no;si
34;hombre;5;primaria;urbana;medio;596;228;1211;59;84;3;4;60;no;no
69;hombre;1;educacion superior;urbana;medio;28;1801;464;27;1;48;8;421;si;no
48;mujer;6;secundaria;rural;premium;547;601;703;3;140;54;10;289;no;no
44;hombre;2;secundaria;urbana;medio;112;122;542;48;272;5;9;335;no;si
17;hombre;3;primaria;urbana;medio;121;1780;942;44;124;4;4;74;no;si
66;hombre;5;secundaria;rural;medio;909;1932;885;51;277;80;6;109;si;no
25;hombre;5;primaria;rural;medio;848;643;1025;26;156;113;7;158;no;si
36;mujer;3;primaria;urbana;medio;547;398;828;12;67;3;4;372;si;no
70;mujer;2;educacion superior;rural;medio;171;1507;766;44;151;41;4;412;si;no
30;hombre;4;primaria;rural;medio;274;336;1328;45;219;45;4;64;no;si
65;hombre;3;primaria;rural;basico;721;181;976;45;210;96;6;464;no;si
31;hombre;1;primaria;rural;premium;442;654;791;27;155;45;5;75;no;si
68;mujer;5;primaria;urbana;premium;902;1730;663;59;7;44;2;168;no;no
62;hombre;3;educacion superior;rural;premium;586;1860;1189;52;291;112;4;492;no;si
53;hombre;6;educacion superior;urbana;medio;931;1265;1391;40;177;67;2;76;si;no
47;mujer;4;educacion superior;rural;medio;36;1636;1302;19;188;117;3;85;no;si
22;hombre;6;secundaria;urbana;basico;689;351;283;25;210;69;8;122;no;si
59;mujer;3;secundaria;rural;premium;653;1454;685;48;2;119;0;151;no;no
68;mujer;5;educacion superior;urbana;premium;900;898;1225;19;125;30;10;242;no;si
58;mujer;5;educacion superior;urbana;basico;428;1781;516;60;237;34;6;176;no;si
37;hombre;1;secundaria;rural;basico;477;1254;713;22;48;14;6;234;si;no
52;mujer;2;primaria;rural;premium;979;1033;1330;17;88;26;4;399;no;si
64;hombre;1;educacion superior;rural;basico;711;691;39;52;153;20;3;486;no;no
28;hombre;2;primaria;urbana;basico;388;1763;496;57;13;78;1;480;no;no
33;hombre;6;educacion superior;rural;premium;979;337;113;8;165;8;5;321;no;no
51;mujer;4;primaria;urbana;medio;328;1894;1239;46;196;39;10;68;no;no
33;mujer;1;primaria;urbana;basico;408;1639;1047;18;75;22;1;279;no;no
39;hombre;4;educacion superior;rural;basico;706;1558;601;54;134;47;5;213;no;si
57;hombre;1;secundaria;rural;premium;945;1671;962;17;102;90;1;19;no;no
69;hombre;4;secundaria;urbana;medio;489;254;204;31;191;67;9;199;no;si
22;mujer;1;primaria;urbana;basico;486;1668;42;34;263;11;3;246;no;si
78;mujer;4;primaria;rural;basico;910;1909;267;22;139;115;2;443;no;no
67;mujer;6;secundaria;rural;basico;947;1636;1308;35;241;52;7;198;no;no
59;hombre;4;secundaria;rural;medio;678;415;39;42;274;86;1;451;no;no
49;mujer;2;primaria;urbana;medio;528;467;840;40;197;94;10;352;no;si
28;mujer;3;educacion superior;urbana;medio;546;275;29;23;184;51;2;219;si;no
40;hombre;5;educacion superior;urbana;medio;59;1688;1115;15;157;29;8;90;no;si
27;mujer;4;secundaria;rural;medio;161;1425;133;60;121;19;8;448;no;si
23;mujer;3;secundaria;rural;premium;223;1621;539;7;184;78;1;384;si;no
33;mujer;1;secundaria;rural;basico;322;618;298;18;111;53;10;59;no;si
19;hombre;3;educacion superior;rural;basico;376;928;1019;22;52;82;3;392;no;si
23;mujer;5;primaria;rural;medio;669;1535;404;39;19;38;5;213;no;no
56;mujer;4;educacion superior;rural;basico;519;1449;583;56;257;15;10;56;no;si
16;mujer;4;secundaria;urbana;basico;231;1609;1464;39;76;5;7;234;no;si
19;mujer;5;educacion superior;rural;basico;449;230;686;21;80;90;8;257;no;si
55;mujer;6;educacion superior;urbana;medio;532;1324;1305;40;172;76;6;466;no;si
42;hombre;4;primaria;urbana;basico;639;707;1437;43;232;86;10;338;no;no
48;mujer;3;educacion superior;rural;basico;289;1135;401;20;298;75;5;483;no;si
56;mujer;6;educacion superior;rural;basico;251;791;998;49;272;59;3;154;no;si
71;hombre;2;educacion superior;urbana;premium;338;1249;683;53;171;34;8;0;si;no
70;hombre;2;primaria;urbana;basico;257;1153;539;32;100;92;5;252;si;no
44;mujer;3;secundaria;rural;premium;728;725;848;35;179;79;8;334;no;no
17;mujer;5;primaria;rural;basico;914;1746;349;23;122;108;7;212;no;si
23;mujer;3;educacion superior;rural;premium;83;947;1397;48;81;1;2;109;si;no
28;hombre;1;educacion superior;rural;medio;160;192;140;55;195;115;8;430;no;si
80;hombre;4;primaria;rural;medio;660;1679;916;41;269;65;10;220;no;si
72;mujer;1;primaria;rural;premium;999;903;1326;27;254;21;3;452;no;si
25;mujer;2;secundaria;urbana;medio;580;1721;1206;16;234;17;2;185;si;no
61;mujer;4;primaria;urbana;medio;746;225;514;58;250;9;1;99;si;no
60;mujer;5;educacion superior;rural;premium;115;210;629;26;79;46;3;302;no;si
69;mujer;6;educacion superior;rural;premium;770;406;507;2;286;50;9;78;no;no
34;hombre;2;primaria;rural;basico;856;1562;1291;11;197;100;3;396;si;no
32;hombre;6;primaria;urbana;premium;915;986;735;18;111;79;7;413;no;si
30;hombre;5;educacion superior;rural;medio;564;162;1143;10;287;107;7;428;si;no
54;mujer;5;educacion superior;urbana;basico;870;578;1160;43;147;109;8;188;no;si
21;hombre;4;secundaria;urbana;premium;221;1731;825;22;64;63;6;179;no;si
54;mujer;5;educacion superior;rural;basico;406;130;963;36;288;15;6;392;no;si
54;hombre;3;secundaria;rural;medio;303;16;941;47;102;79;6;498;no;si
69;mujer;5;educacion superior;urbana;premium;242;1403;1285;23;121;119;3;79;no;si
65;mujer;5;primaria;rural;basico;389;1518;697;40;91;107;6;430;no;si
80;mujer;4;educacion superior;rural;medio;845;414;771;38;68;117;5;459;no;no
22;mujer;3;primaria;urbana;premium;599;1438;1115;41;59;68;6;496;no;si
54;hombre;4;educacion superior;urbana;premium;961;337;834;52;154;44;2;23;no;no
61;mujer;1;primaria;urbana;premium;527;35;1270;34;215;21;3;182;no;si
43;mujer;2;primaria;urbana;basico;743;1863;13;40;299;101;10;226;no;si
58;mujer;6;educacion superior;urbana;basico;608;1710;1033;49;76;84;5;140;no;no
16;mujer;6;secundaria;urbana;premium;770;694;1499;52;228;31;8;485;no;si
50;mujer;2;primaria;urbana;medio;179;1362;289;38;122;84;7;78;no;no
41;mujer;5;primaria;urbana;premium;997;214;1451;50;160;11;8;190;no;si
75;hombre;4;primaria;rural;premium;84;755;1263;51;244;103;4;115;no;si
45;mujer;3;educacion superior;urbana;basico;394;489;776;9;79;41;4;93;si;no
19;hombre;5;educacion superior;urbana;premium;269;253;1347;40;78;12;4;78;no;si
43;mujer;3;educacion superior;rural;premium;201;782;842;33;215;56;5;364;no;si
66;mujer;6;primaria;urbana;medio;670;407;1358;41;217;67;4;148;no;no
28;hombre;1;educacion superior;urbana;basico;236;628;1446;47;96;11;3;496;no;si
20;hombre;2;primaria;rural;premium;826;1426;515;36;212;8;1;120;no;no
64;hombre;1;secundaria;rural;basico;511;1032;177;32;76;55;10;103;no;si
78;mujer;4;educacion superior;urbana;medio;66;573;1446;42;102;105;5;319;no;si
74;mujer;4;educacion superior;rural;premium;181;1788;206;60;123;112;4;441;no;si
77;mujer;4;primaria;urbana;premium;890;699;1360;59;135;36;5;50;no;no
61;hombre;2;educacion superior;urbana;medio;645;1265;1218;24;55;67;1;281;no;no
24;mujer;2;educacion superior;rural;basico;13;616;1135;33;23;89;2;57;no;no
37;hombre;6;educacion superior;rural;basico;287;453;673;22;62;84;3;239;no;si
70;mujer;4;secundaria;rural;premium;89;1412;12;42;287;64;10;476;si;no
59;mujer;3;secundaria;urbana;basico;333;776;958;24;278;97;4;295;no;si
43;hombre;4;secundaria;urbana;basico;820;1401;372;27;278;109;8;103;no;si
55;hombre;4;primaria;rural;premium;806;854;396;47;126;59;10;437;si;no
77;mujer;3;educacion superior;urbana;medio;238;173;769;41;89;55;8;89;no;si
64;mujer;2;primaria;rural;basico;367;969;1197;19;229;85;2;315;no;no
40;mujer;1;primaria;rural;basico;864;173;573;31;136;73;4;91;no;no
35;mujer;3;primaria;urbana;basico;77;926;1073;59;199;76;8;332;no;si
24;mujer;1;primaria;rural;medio;483;1169;195;17;37;101;4;468;si;no
56;mujer;6;secundaria;rural;medio;311;1929;711;32;88;96;6;177;no;si
63;mujer;3;secundaria;urbana;basico;161;1195;770;47;293;72;7;193;no;si
36;hombre;2;primaria;rural;medio;372;1727;1233;35;202;118;7;160;no;si
31;mujer;5;primaria;rural;premium;483;1645;984;44;253;55;6;21;no;no
35;hombre;1;educacion superior;urbana;medio;947;902;491;15;279;18;5;315;si;no
56;hombre;3;secundaria;urbana;medio;58;1951;1254;13;90;23;9;106;si;no
62;mujer;4;primaria;rural;medio;940;1727;570;60;297;26;5;255;no;si
40;mujer;3;educacion superior;urbana;medio;50;109;483;58;273;21;8;85;no;si
80;mujer;6;educacion superior;urbana;basico;65;1555;317;5;0;95;2;83;si;no
41;hombre;2;educacion superior;rural;premium;992;340;1186;32;239;82;8;219;no;si
47;mujer;1;primaria;rural;basico;485;1169;15;57;87;100;3;413;si;no
48;hombre;5;secundaria;urbana;basico;297;469;413;47;231;51;8;329;no;si
32;mujer;2;educacion superior;rural;premium;992;1404;337;37;198;48;10;247;no;si
79;mujer;6;secundaria;rural;premium;259;1941;1029;58;221;112;3;156;no;si
79;hombre;4;educacion superior;urbana;medio;849;1778;972;49;206;103;1;339;si;no
16;mujer;6;primaria;urbana;basico;141;800;122;34;71;60;10;336;no;no
48;mujer;2;educacion superior;urbana;premium;132;380;84;51;106;60;9;455;no;no
23;hombre;3;secundaria;urbana;premium;166;799;510;20;180;90;5;411;no;no
64;mujer;1;primaria;rural;basico;370;1416;1132;51;213;1;8;394;no;si
34;hombre;1;secundaria;urbana;premium;781;1727;446;27;89;6;6;298;no;si
58;mujer;2;educacion superior;urbana;medio;170;623;1165;59;91;54;1;385;si;no
31;hombre;4;secundaria;rural;premium;323;1772;580;17;79;114;7;143;si;no
49;mujer;2;secundaria;urbana;premium;754;594;208;44;74;5;3;274;si;no
35;hombre;4;educacion superior;rural;basico;83;233;664;37;248;2;9;411;no;no
45;hombre;2;educacion superior;urbana;medio;711;1736;157;24;117;88;8;479;no;si
74;hombre;5;educacion superior;urbana;premium;154;1056;285;16;163;103;10;468;no;si
27;hombre;1;educacion superior;urbana;basico;510;1675;530;28;3;12;5;359;no;no
68;mujer;5;secundaria;rural;premium;416;372;1253;50;252;66;5;115;no;si
16;mujer;3;primaria;rural;premium;666;1433;178;36;67;17;5;362;no;si
18;hombre;4;educacion superior;rural;basico;675;146;371;54;221;62;2;334;si;no
46;mujer;1;educacion superior;rural;medio;210;1673;168;3;84;89;8;99;no;no
48;mujer;5;educacion superior;urbana;medio;160;720;1260;21;176;14;5;282;no;si
80;hombre;6;secundaria;rural;premium;34;1678;1226;41;295;51;3;172;no;si
80;mujer;2;secundaria;rural;medio;358;909;844;27;247;70;4;26;no;no
16;hombre;3;secundaria;urbana;basico;688;760;1419;55;210;81;7;222;no;si
74;mujer;4;secundaria;rural;premium;215;1744;780;8;192;21;1;407;si;no
73;mujer;6;secundaria;rural;basico;715;831;375;26;208;29;8;111;no;si
78;mujer;2;educacion superior;urbana;premium;519;1188;1480;21;124;86;4;377;no;no
61;mujer;3;educacion superior;rural;medio;456;1276;754;31;91;113;5;368;si;no
50;mujer;6;primaria;urbana;premium;142;1734;638;44;199;94;6;264;si;no
26;mujer;1;secundaria;rural;basico;44;1434;32;8;251;40;6;322;no;no
69;hombre;1;primaria;urbana;medio;559;578;1443;59;257;25;4;366;no;si
66;hombre;3;secundaria;urbana;premium;416;247;650;36;144;55;9;312;no;si
74;hombre;6;primaria;rural;basico;89;1932;0;46;227;109;0;184;si;no
29;mujer;5;secundaria;rural;premium;882;964;237;25;140;111;10;345;no;no
74;mujer;2;educacion superior;urbana;premium;119;1005;55;27;174;87;8;58;no;si
47;hombre;5;primaria;rural;basico;9;1991;1015;32;27;24;8;70;si;no
19;mujer;1;secundaria;urbana;medio;744;1664;94;50;103;68;7;390;no;si
78;mujer;3;secundaria;rural;basico;226;1406;1387;33;177;2;5;401;si;no
16;mujer;4;secundaria;rural;premium;917;932;863;43;162;31;5;359;no;si
75;mujer;5;secundaria;urbana;premium;77;1888;1285;12;138;81;1;354;si;no
24;hombre;1;educacion superior;rural;basico;821;1836;1377;28;150;4;8;419;no;si
51;hombre;3;secundaria;urbana;basico;339;1058;1172;18;264;119;8;373;no;si
30;mujer;5;educacion superior;urbana;medio;224;340;1186;53;156;46;5;282;no;si
29;hombre;4;primaria;urbana;medio;553;1647;702;30;100;91;4;189;no;si
73;mujer;1;primaria;rural;premium;103;261;696;52;194;80;4;92;no;si
19;mujer;3;educacion superior;urbana;basico;723;22;1045;19;124;35;8;265;no;si
72;mujer;4;educacion superior;rural;basico;121;1649;1499;58;127;94;4;174;no;si
66;mujer;5;educacion superior;urbana;premium;101;313;490;49;164;95;9;412;no;si
61;mujer;4;secundaria;rural;premium;940;1326;1279;38;247;115;0;350;si;no
69;hombre;5;educacion superior;rural;medio;476;282;694;47;200;72;2;169;si;no
32;mujer;4;primaria;rural;premium;574;141;1291;17;80;76;8;174;no;no
52;mujer;1;primaria;urbana;premium;397;1239;1057;57;282;69;4;249;no;si
46;hombre;4;secundaria;urbana;premium;864;1885;360;29;270;118;9;479;no;si
16;hombre;6;primaria;rural;premium;130;296;110;53;12;17;1;392;no;no
77;mujer;4;secundaria;rural;medio;931;493;370;12;112;102;2;356;si;no
58;hombre;6;secundaria;urbana;medio;47;41;1400;33;15;64;3;307;si;no
78;hombre;6;primaria;rural;basico;499;635;490;42;120;115;3;185;no;si
60;mujer;1;primaria;urbana;basico;227;222;873;48;208;29;4;8;no;no
66;hombre;2;educacion superior;rural;medio;132;1505;515;56;197;59;5;445;no;si
34;mujer;1;educacion superior;rural;medio;376;219;1161;54;257;35;3;255;no;si
38;hombre;1;secundaria;urbana;medio;612;1251;890;28;137;28;5;214;no;si
27;mujer;4;educacion superior;urbana;medio;160;550;337;56;125;60;6;192;no;si
54;hombre;3;secundaria;urbana;basico;991;3;934;6;151;39;5;121;si;no
62;mujer;4;educacion superior;rural;premium;356;299;468;27;155;77;2;420;no;no
32;mujer;1;educacion superior;rural;premium;430;1286;188;30;135;80;4;485;no;si
17;mujer;6;secundaria;rural;medio;796;1205;1497;32;257;63;4;58;no;si
25;hombre;6;primaria;urbana;premium;398;1659;1273;43;221;87;4;172;no;no
35;hombre;6;primaria;rural;medio;603;1931;624;20;44;3;1;371;si;no
60;hombre;2;secundaria;rural;basico;345;66;580;28;67;34;6;393;no;si
18;hombre;4;primaria;rural;medio;372;1953;428;45;127;55;7;222;si;no
28;mujer;1;secundaria;rural;basico;864;453;877;23;218;3;3;473;no;si
69;mujer;1;educacion superior;urbana;basico;808;1475;667;48;77;20;3;423;no;si
23;mujer;3;educacion superior;urbana;medio;707;201;583;52;101;93;0;215;si;no
39;hombre;3;secundaria;rural;medio;28;1766;1018;29;120;38;6;79;no;si
76;mujer;1;primaria;urbana;premium;15;197;915;30;273;28;5;58;no;si
30;mujer;1;educacion superior;urbana;premium;623;1978;1441;25;90;94;10;223;no;no
57;hombre;6;educacion superior;urbana;basico;517;1333;841;52;56;69;10;327;no;si
35;hombre;4;primaria;rural;medio;614;1169;253;25;143;86;10;408;no;si
26;mujer;4;primaria;urbana;basico;746;1933;864;30;121;72;8;168;no;si
42;mujer;4;educacion superior;urbana;medio;627;1362;518;39;123;65;4;106;no;no
74;hombre;1;secundaria;rural;premium;100;1080;1236;45;55;89;4;260;no;si
24;hombre;5;secundaria;urbana;premium;756;408;1410;5;287;105;5;267;si;no
33;hombre;4;primaria;urbana;medio;136;240;236;28;203;45;3;178;no;si
41;mujer;1;primaria;urbana;medio;386;1596;1489;42;292;9;6;500;no;si
31;mujer;4;educacion superior;rural;premium;669;1056;1180;30;162;68;4;183;no;no
63;mujer;5;educacion superior;urbana;basico;139;1849;814;1;143;77;10;23;no;no
66;mujer;1;educacion superior;rural;basico;429;65;790;4;234;92;6;335;no;no
59;hombre;5;secundaria;rural;medio;535;438;1123;42;238;103;8;394;no;si
49;mujer;5;secundaria;rural;basico;38;1556;196;35;54;40;3;91;no;si
51;mujer;6;educacion superior;urbana;premium;43;750;1307;1;113;87;6;433;si;no
31;hombre;6;educacion superior;urbana;premium;610;1583;793;36;195;108;8;315;no;si
29;hombre;3;educacion superior;rural;basico;816;1099;800;19;217;17;3;160;no;si
19;mujer;2;secundaria;urbana;medio;732;1454;1055;26;129;64;9;283;no;si
54;mujer;6;educacion superior;urbana;medio;961;1983;940;51;77;6;5;426;si;no
23;mujer;5;educacion superior;urbana;basico;104;1504;634;30;228;21;5;374;no;si
23;mujer;6;secundaria;urbana;premium;694;582;243;60;256;36;10;322;no;si
65;mujer;1;secundaria;urbana;medio;374;840;55;38;244;54;2;46;si;no
26;mujer;2;educacion superior;urbana;premium;110;1211;427;13;22;20;8;93;no;no
16;mujer;5;primaria;rural;medio;697;1303;854;59;284;37;9;105;no;si
31;mujer;1;primaria;urbana;basico;25;986;1486;19;276;98;8;232;no;si
22;hombre;2;primaria;rural;basico;435;170;1203;53;41;68;3;216;si;no
25;mujer;2;secundaria;urbana;premium;694;614;787;17;116;41;1;243;si;no
68;mujer;2;primaria;urbana;premium;538;1023;1280;37;295;113;10;222;no;no
78;mujer;3;secundaria;rural;basico;91;1600;595;53;292;13;4;346;no;si
78;hombre;4;secundaria;rural;premium;462;45;1259;12;296;59;5;102;si;no
32;mujer;4;educacion superior;rural;premium;283;1046;124;2;175;111;5;82;no;no
46;mujer;6;primaria;rural;basico;69;1077;1456;47;186;76;5;26;no;no
21;hombre;2;primaria;urbana;medio;372;794;569;43;152;29;5;414;no;si
80;hombre;2;secundaria;rural;medio;4;1461;283;23;175;66;9;300;no;no
53;mujer;4;primaria;rural;medio;861;53;266;17;148;32;4;172;si;no
27;mujer;2;secundaria;rural;premium;973;1111;1375;31;298;102;5;436;no;no
20;mujer;2;secundaria;urbana;basico;936;249;132;45;104;24;8;440;no;si
27;mujer;3;primaria;urbana;premium;959;503;362;22;87;16;10;448;si;no
61;hombre;2;primaria;rural;premium;552;755;1370;22;257;27;4;444;no;si
64;mujer;6;primaria;rural;basico;580;1109;985;23;185;38;9;186;no;no
66;mujer;6;secundaria;rural;basico;500;1154;886;48;157;42;5;148;no;si
68;mujer;3;educacion superior;rural;premium;137;1444;1491;16;90;91;0;211;no;no
55;hombre;6;primaria;urbana;medio;236;789;1288;8;266;43;0;354;si;no
18;mujer;6;secundaria;rural;basico;650;1955;32;15;198;2;9;396;no;si
50;mujer;5;primaria;rural;basico;753;219;640;58;300;80;8;430;no;si
67;hombre;2;primaria;rural;premium;944;1860;17;46;200;114;10;183;no;si
53;mujer;1;educacion superior;urbana;medio;923;813;1260;26;193;12;10;500;no;si
65;mujer;4;primaria;rural;premium;667;1957;408;44;223;83;4;348;no;si
30;hombre;3;primaria;urbana;premium;393;1768;1012;53;54;54;5;468;no;si
37;mujer;3;secundaria;urbana;medio;839;892;1414;34;140;3;2;357;si;no
23;hombre;1;educacion superior;urbana;premium;293;1303;1383;46;203;30;4;457;no;si
37;mujer;3;educacion superior;urbana;medio;891;1447;322;47;251;8;7;85;si;no
27;hombre;2;secundaria;rural;medio;612;448;1089;43;78;85;10;198;no;si
32;mujer;2;primaria;rural;medio;163;566;859;28;110;65;4;227;no;no
78;hombre;2;educacion superior;urbana;medio;856;848;181;54;266;45;7;322;no;si
38;hombre;2;primaria;rural;premium;447;913;891;20;208;20;10;226;no;si
77;hombre;2;secundaria;rural;basico;144;1006;270;56;258;44;6;329;no;si
58;mujer;6;secundaria;rural;medio;557;1620;620;56;221;82;8;65;no;si
23;mujer;3;educacion superior;urbana;medio;428;1086;959;54;205;41;7;467;no;no
55;hombre;5;primaria;rural;medio;983;1064;726;44;197;92;5;83;si;no
64;mujer;6;secundaria;urbana;medio;168;1442;1239;58;286;78;4;163;si;no
75;hombre;3;secundaria;rural;premium;139;61;1077;1;148;91;10;267;si;no
55;mujer;4;primaria;urbana;basico;672;176;1208;53;98;107;4;226;no;si
74;mujer;5;educacion superior;rural;basico;349;121;1191;36;66;68;8;291;no;no
20;hombre;3;primaria;urbana;medio;757;242;235;4;217;34;5;201;no;no
79;mujer;2;primaria;rural;premium;335;1613;752;24;151;96;6;262;si;no
49;mujer;1;educacion superior;urbana;medio;927;563;613;16;117;53;6;493;no;si
72;hombre;5;primaria;urbana;premium;764;160;1489;2;227;72;5;499;no;no
22;mujer;4;secundaria;urbana;premium;90;1066;98;37;267;1;3;342;si;no
19;mujer;4;primaria;rural;medio;253;508;653;59;40;48;2;469;si;no
57;mujer;2;educacion superior;rural;basico;350;1474;215;14;261;23;8;334;si;no
80;mujer;1;primaria;urbana;premium;884;430;1036;30;267;36;1;215;no;no
76;hombre;5;secundaria;rural;basico;152;1179;480;33;84;44;9;181;no;no
55;mujer;3;educacion superior;rural;medio;448;1482;132;30;209;54;7;152;no;si
77;hombre;1;primaria;urbana;premium;582;157;943;6;285;79;7;272;no;no
29;mujer;3;secundaria;urbana;medio;334;1976;503;18;64;67;9;71;no;si
67;hombre;6;educacion superior;urbana;basico;66;750;134;43;255;39;7;172;no;si
62;hombre;6;educacion superior;rural;medio;365;468;838;40;84;49;7;411;no;si
55;hombre;1;secundaria;rural;premium;114;75;1061;60;294;47;4;299;no;si
21;hombre;3;educacion superior;urbana;medio;709;1296;1389;57;270;84;5;55;no;si
18;hombre;5;educacion superior;urbana;premium;638;407;689;48;60;12;6;81;no;si
44;mujer;1;secundaria;urbana;medio;612;1139;1259;53;53;102;6;396;no;si
79;hombre;2;primaria;rural;medio;224;551;935;47;295;81;6;497;no;si
37;hombre;6;primaria;rural;medio;710;695;94;34;146;81;9;486;no;si
24;hombre;6;secundaria;urbana;medio;529;408;1335;49;243;36;1;95;si;no
50;mujer;3;educacion superior;rural;medio;407;734;321;12;234;3;7;353;no;no
61;mujer;5;secundaria;urbana;premium;229;363;910;55;169;37;8;246;no;si
35;hombre;1;secundaria;rural;medio;985;522;1253;33;81;72;3;227;no;si
59;mujer;2;secundaria;rural;medio;473;620;15;15;115;118;5;458;no;si
41;mujer;4;secundaria;rural;premium;648;1040;1398;35;225;51;4;214;si;no
42;mujer;6;primaria;urbana;premium;594;852;0;23;75;53;2;115;si;no
60;hombre;2;primaria;rural;premium;435;1627;1228;19;250;15;7;389;si;no
22;hombre;5;primaria;urbana;basico;688;1949;813;24;188;94;10;452;no;si
78;mujer;2;secundaria;rural;medio;220;1463;49;51;264;47;4;272;no;si
50;mujer;6;secundaria;rural;premium;315;389;695;37;136;114;3;208;no;si
74;mujer;4;educacion superior;urbana;medio;129;365;156;16;283;17;2;238;si;no
26;mujer;2;secundaria;rural;basico;982;452;859;16;200;4;8;261;no;si
19;mujer;2;educacion superior;rural;basico;232;1482;1484;55;113;62;3;100;no;si
34;mujer;6;primaria;rural;basico;707;627;546;49;52;107;4;463;no;si
75;hombre;4;secundaria;rural;medio;612;1406;608;55;87;83;10;9;no;no
45;mujer;6;secundaria;rural;medio;746;1021;396;23;209;52;7;360;no;si
26;mujer;3;educacion superior;urbana;premium;92;1663;1037;6;68;28;2;497;no;no
65;mujer;2;educacion superior;rural;medio;793;1073;785;55;106;18;4;450;no;no
27;hombre;6;educacion superior;urbana;medio;356;287;368;36;233;111;8;493;no;no
66;mujer;5;educacion superior;urbana;medio;691;773;1206;18;134;5;5;63;si;no
72;mujer;5;primaria;rural;premium;508;148;575;59;284;33;7;206;si;no
46;mujer;3;secundaria;urbana;premium;320;487;562;58;79;89;10;214;no;si
73;mujer;6;primaria;urbana;basico;816;1598;768;54;215;22;3;21;si;no
47;hombre;1;primaria;rural;medio;811;1579;1241;27;186;49;9;7;no;no
54;mujer;1;educacion superior;rural;premium;325;515;1333;55;267;94;4;20;si;no
21;mujer;2;primaria;urbana;basico;360;1002;1169;33;156;84;9;354;no;si
62;mujer;1;secundaria;urbana;medio;691;171;941;50;297;107;10;171;no;si
79;mujer;2;educacion superior;rural;basico;164;38;1101;16;243;53;9;380;no;si
55;hombre;1;educacion superior;rural;basico;390;1648;272;29;87;52;8;331;no;si
19;mujer;2;primaria;rural;premium;344;721;1285;45;287;86;4;51;no;si
78;mujer;6;educacion superior;rural;basico;806;640;456;24;277;94;3;64;no;si
70;hombre;2;educacion superior;urbana;basico;323;88;1194;59;206;24;6;441;no;si
34;mujer;5;secundaria;urbana;premium;111;1152;442;44;85;92;5;250;no;si
75;mujer;5;secundaria;urbana;premium;79;1541;1322;21;252;117;8;235;no;si
45;hombre;6;primaria;rural;basico;110;1368;721;53;115;64;1;135;no;no
54;mujer;6;primaria;rural;medio;476;1942;325;29;76;62;1;374;si;no
39;mujer;6;primaria;rural;basico;803;71;1305;30;44;112;7;54;no;no
34;hombre;2;educacion superior;urbana;premium;526;413;27;56;185;8;9;111;no;si
66;mujer;3;educacion superior;urbana;premium;930;1999;295;27;157;12;10;246;no;si
48;hombre;1;secundaria;rural;basico;719;432;1391;53;93;104;3;312;no;si
40;hombre;5;educacion superior;urbana;medio;250;174;611;43;207;96;4;396;no;si
19;mujer;1;primaria;rural;basico;765;1803;261;24;202;81;3;61;no;si
29;hombre;2;secundaria;rural;medio;308;1682;938;1;75;23;0;388;si;no
64;hombre;6;secundaria;rural;premium;294;305;307;53;263;18;4;326;si;no
34;hombre;3;secundaria;rural;basico;768;1867;412;21;258;15;4;488;no;si
40;mujer;3;secundaria;urbana;premium;8;66;298;55;290;52;10;194;no;si
54;hombre;5;primaria;urbana;medio;517;1661;653;15;208;15;9;264;no;si
44;hombre;6;primaria;rural;premium;578;97;564;10;260;45;3;191;si;no
58;mujer;6;educacion superior;urbana;premium;871;223;930;43;143;72;9;408;no;si
30;hombre;3;educacion superior;urbana;basico;1000;143;1476;12;26;96;2;434;si;no
31;hombre;1;educacion superior;urbana;premium;514;1040;416;38;238;68;7;129;no;si
37;hombre;2;primaria;urbana;basico;308;567;87;35;280;97;2;141;si;no
16;hombre;6;educacion superior;rural;premium;27;698;594;26;190;51;6;361;no;si
67;mujer;5;secundaria;rural;medio;865;26;315;35;270;18;2;441;si;no
48;mujer;4;educacion superior;rural;basico;157;285;719;41;30;60;1;307;no;no
68;mujer;2;secundaria;urbana;premium;677;120;652;38;272;24;9;185;no;si
68;mujer;4;primaria;urbana;medio;870;1456;1210;30;148;17;8;90;si;no
24;mujer;4;primaria;urbana;basico;335;1745;860;28;178;15;9;426;no;si
44;mujer;4;educacion superior;rural;medio;291;2000;467;10;125;27;1;169;no;no
79;hombre;5;secundaria;urbana;basico;986;1734;1408;2;78;57;3;469;si;no
70;mujer;6;secundaria;urbana;basico;419;982;766;32;99;7;9;485;si;no
62;mujer;3;primaria;rural;medio;674;1178;58;1;223;82;1;248;si;no
74;mujer;4;educacion superior;rural;medio;516;1233;78;56;245;23;10;73;no;si
16;mujer;2;primaria;urbana;basico;151;1390;136;37;68;1;7;241;no;si
62;mujer;2;primaria;urbana;premium;732;14;531;11;213;14;4;159;no;no
17;hombre;3;primaria;rural;premium;936;76;21;58;127;104;10;361;no;si
80;mujer;2;educacion superior;urbana;medio;792;666;518;38;100;89;3;263;si;no
26;mujer;6;secundaria;urbana;medio;495;1572;888;38;154;113;3;458;no;si
28;hombre;1;secundaria;urbana;basico;584;726;1401;35;260;57;1;417;no;no
34;mujer;3;primaria;urbana;medio;941;355;1183;27;39;43;5;430;si;no
66;hombre;4;primaria;urbana;medio;533;87;1119;43;83;71;8;433;no;si
38;mujer;2;educacion superior;rural;medio;309;1073;225;23;247;4;5;289;no;si
60;hombre;3;secundaria;urbana;medio;128;809;1038;38;113;100;10;327;si;no
61;mujer;1;secundaria;rural;premium;661;1046;211;3;268;44;3;378;si;no
70;mujer;5;educacion superior;rural;premium;775;886;1251;19;53;71;0;469;si;no
78;mujer;1;primaria;rural;basico;87;1318;777;28;217;53;6;97;si;no
42;mujer;5;primaria;rural;medio;11;1012;116;10;238;28;8;468;no;no
56;mujer;2;secundaria;rural;premium;26;1171;1042;54;103;31;1;275;no;no
51;hombre;1;primaria;rural;premium;210;1556;334;40;75;65;3;141;no;no
59;hombre;5;primaria;urbana;medio;467;1871;1262;20;137;28;10;207;no;si
64;mujer;3;educacion superior;rural;basico;284;1592;186;50;60;62;10;202;no;si
46;mujer;6;secundaria;urbana;medio;759;411;997;38;138;53;9;131;no;si
72;hombre;4;secundaria;urbana;premium;706;1241;307;39;220;53;6;392;no;si
48;hombre;4;secundaria;rural;premium;114;1443;59;43;76;41;3;267;no;si
53;mujer;1;educacion superior;urbana;medio;579;379;691;18;288;105;9;331;no;no
62;hombre;4;secundaria;rural;medio;824;925;8;0;222;78;0;74;si;no
78;mujer;5;primaria;rural;premium;204;1556;1262;31;177;13;10;123;si;no
43;mujer;3;educacion superior;rural;basico;653;57;229;45;160;103;7;241;no;si
59;mujer;5;secundaria;rural;premium;421;406;189;21;259;56;5;130;si;no
49;hombre;6;educacion superior;urbana;basico;186;804;1445;22;238;119;5;318;si;no
31;mujer;3;secundaria;urbana;premium;43;178;1238;49;254;71;5;136;no;si
80;mujer;3;secundaria;rural;premium;478;1958;523;17;122;89;1;141;si;no
44;mujer;2;secundaria;urbana;basico;673;1553;1314;32;159;2;7;373;no;no
78;mujer;3;secundaria;rural;medio;328;713;1309;0;290;110;7;77;si;no
50;mujer;1;primaria;urbana;premium;178;1612;359;22;267;47;8;209;no;si
77;mujer;4;educacion superior;urbana;medio;422;1859;688;36;285;64;7;170;si;no
51;mujer;3;primaria;rural;premium;881;1651;850;44;181;25;4;433;si;no
17;mujer;2;primaria;rural;basico;412;1817;626;54;134;52;10;493;no;si
71;mujer;2;primaria;urbana;basico;369;1832;1293;33;154;60;10;430;si;no
19;hombre;5;primaria;urbana;basico;277;1956;1182;1;95;50;10;58;si;no
74;hombre;6;primaria;urbana;basico;146;398;1141;19;104;78;2;359;no;no
37;hombre;2;secundaria;rural;premium;653;0;177;16;84;18;6;289;no;si
24;mujer;3;secundaria;urbana;medio;709;1411;499;50;78;99;2;432;no;no
24;mujer;4;educacion superior;rural;basico;330;1202;1313;46;9;83;3;394;no;no
24;mujer;3;primaria;urbana;premium;56;1250;252;10;69;7;3;17;no;no
36;mujer;6;secundaria;urbana;premium;452;1996;689;19;116;108;8;438;no;si
25;mujer;2;secundaria;rural;medio;493;349;306;59;15;82;6;324;si;no
42;mujer;5;educacion superior;urbana;basico;261;1643;1092;57;87;39;9;426;si;no
59;mujer;2;secundaria;rural;basico;667;396;1164;1;38;59;8;99;no;no
40;mujer;3;primaria;rural;premium;96;1276;1323;30;274;33;8;290;no;si
68;mujer;1;secundaria;urbana;medio;121;1177;822;6;236;104;2;125;no;no
23;mujer;3;primaria;rural;medio;881;358;791;35;86;81;5;179;no;no
63;mujer;1;educacion superior;urbana;premium;265;1495;728;23;271;86;5;429;no;si
48;mujer;3;secundaria;urbana;medio;950;1031;1409;0;82;24;7;495;no;no
68;mujer;6;primaria;urbana;medio;979;1162;390;25;131;58;4;418;no;si
64;mujer;4;educacion superior;rural;basico;367;839;915;33;251;57;4;414;no;no
46;mujer;1;primaria;urbana;medio;893;165;139;33;297;25;7;126;no;si
80;hombre;6;secundaria;rural;basico;66;944;841;6;207;57;10;333;no;no
55;mujer;5;primaria;urbana;medio;677;1946;1162;50;33;104;6;105;si;no
45;mujer;5;educacion superior;urbana;premium;323;1676;1258;27;267;38;3;324;no;si
64;hombre;6;educacion superior;urbana;premium;381;1014;1340;21;57;72;0;15;si;no
66;mujer;4;secundaria;rural;medio;997;671;378;51;227;5;5;296;no;si
18;hombre;5;secundaria;rural;premium;343;1551;507;34;23;5;9;171;no;no
29;mujer;6;secundaria;urbana;basico;828;33;249;46;92;99;7;436;no;si
62;hombre;2;secundaria;rural;basico;562;303;737;37;100;32;7;425;no;si
51;mujer;3;secundaria;urbana;basico;379;1990;1099;42;154;91;5;398;no;si
77;mujer;6;secundaria;urbana;medio;231;1183;520;31;210;119;4;199;no;si
41;hombre;6;primaria;urbana;medio;934;1393;376;33;121;15;4;268;no;si
72;mujer;2;educacion superior;rural;basico;675;1069;226;41;203;63;9;279;no;si
65;hombre;4;primaria;urbana;basico;21;1461;646;38;121;50;3;114;no;si
38;hombre;5;secundaria;rural;medio;193;58;1358;31;183;43;4;38;si;no
24;hombre;3;primaria;rural;medio;902;1241;631;54;143;85;4;121;no;si
53;hombre;1;primaria;rural;basico;747;30;111;21;291;114;3;419;no;si
32;mujer;5;secundaria;rural;medio;235;1071;244;48;291;96;4;281;si;no
56;hombre;5;primaria;urbana;basico;107;321;1350;22;192;45;8;486;no;si
68;hombre;3;secundaria;urbana;medio;399;640;677;42;287;47;5;311;no;no
37;mujer;1;primaria;rural;medio;508;579;605;54;219;44;10;233;no;si
75;hombre;4;primaria;urbana;medio;930;551;1418;13;175;72;2;128;si;no
17;mujer;3;educacion superior;rural;premium;729;1947;1020;47;64;52;3;481;no;si
52;mujer;3;secundaria;urbana;premium;419;1560;1390;45;5;34;2;278;no;no
74;mujer;6;secundaria;urbana;premium;168;1230;1033;8;196;9;7;39;no;no
73;hombre;2;educacion superior;urbana;premium;112;757;721;8;34;35;6;359;si;no
79;hombre;4;primaria;urbana;premium;480;432;21;25;212;94;8;104;no;si
59;mujer;2;educacion superior;urbana;medio;79;1695;769;30;127;28;5;461;no;si
42;mujer;6;primaria;urbana;medio;902;632;1387;9;292;89;0;332;si;no
51;mujer;6;educacion superior;rural;basico;329;642;1024;31;294;119;7;93;no;si
76;mujer;5;primaria;rural;premium;402;131;641;35;161;40;10;368;no;si
65;mujer;4;secundaria;urbana;premium;554;1931;533;37;77;43;4;374;no;si
21;mujer;5;secundaria;rural;premium;557;1529;351;7;153;31;2;132;si;no
47;hombre;4;secundaria;urbana;premium;778;655;346;20;94;86;5;379;no;si
41;hombre;4;primaria;urbana;basico;707;1323;830;20;117;84;8;177;no;si
28;mujer;6;primaria;rural;basico;5;1780;964;1;280;32;6;72;si;no
44;mujer;6;secundaria;urbana;medio;716;167;978;17;277;49;5;198;no;si
22;mujer;6;educacion superior;rural;premium;226;20;994;57;223;15;7;224;no;si
49;mujer;4;primaria;urbana;premium;389;1971;1418;59;175;12;8;213;no;no
50;mujer;4;primaria;urbana;basico;234;780;875;30;77;53;7;452;no;si
29;mujer;3;secundaria;urbana;medio;513;1958;1074;8;47;24;7;83;si;no
55;mujer;1;educacion superior;rural;medio;75;288;306;52;241;106;9;398;si;no
34;mujer;6;educacion superior;rural;basico;696;372;672;57;231;49;9;307;no;si
29;mujer;6;secundaria;urbana;medio;473;438;656;59;264;15;0;332;si;no
27;mujer;3;educacion superior;rural;basico;158;691;552;50;98;48;4;333;no;no
53;hombre;6;educacion superior;rural;medio;546;917;1323;24;92;25;9;345;no;si
50;mujer;4;primaria;rural;basico;234;376;653;29;77;64;7;58;no;no
74;hombre;3;secundaria;urbana;medio;545;1683;136;60;156;77;1;374;si;no
23;hombre;5;primaria;rural;basico;381;824;1190;47;280;22;3;439;no;si
75;mujer;5;secundaria;urbana;basico;593;872;566;23;93;24;3;481;si;no
50;mujer;3;primaria;urbana;premium;564;2000;417;36;99;42;9;159;no;si
41;mujer;6;secundaria;urbana;basico;613;706;900;0;186;115;8;122;si;no
38;mujer;1;primaria;rural;premium;566;1855;1220;15;229;21;6;242;no;si
70;hombre;6;secundaria;urbana;medio;80;950;129;49;47;80;1;285;no;no
28;mujer;6;educacion superior;rural;premium;271;396;780;8;158;89;7;317;no;no
38;hombre;4;primaria;urbana;medio;10;1742;945;45;84;56;8;483;no;si
61;mujer;2;educacion superior;urbana;premium;93;1180;450;12;268;98;2;125;no;no
42;mujer;3;secundaria;rural;medio;664;1017;693;47;135;114;5;225;no;si
31;hombre;1;educacion superior;rural;medio;857;15;681;51;157;55;5;240;no;si
37;hombre;1;secundaria;urbana;premium;729;380;567;17;114;116;10;427;no;si
25;hombre;2;secundaria;urbana;premium;295;1475;945;37;223;68;8;149;no;si
56;hombre;2;educacion superior;rural;medio;112;1808;582;31;79;29;7;211;no;si
72;hombre;1;secundaria;urbana;medio;628;1321;1010;24;216;2;5;238;no;si
48;hombre;6;educacion superior;rural;basico;868;278;93;11;147;38;4;30;si;no
19;mujer;3;secundaria;rural;premium;162;875;86;18;55;17;4;75;no;si
21;hombre;5;educacion superior;rural;basico;93;1223;910;53;131;105;7;322;si;no
74;hombre;4;primaria;rural;basico;762;539;1126;39;207;94;8;488;no;si
80;mujer;5;educacion superior;rural;basico;2;1062;1048;48;198;61;7;414;no;no
40;mujer;5;secundaria;urbana;premium;739;1926;1057;25;80;5;6;404;no;si
65;mujer;3;primaria;urbana;medio;113;167;94;19;97;36;4;236;no;no
73;mujer;3;educacion superior;rural;basico;910;887;908;17;4;4;10;323;no;no
65;hombre;6;educacion superior;rural;premium;705;1989;994;44;104;106;9;59;no;no
68;mujer;6;primaria;urbana;medio;392;663;868;12;295;5;6;48;si;no
71;mujer;1;educacion superior;urbana;medio;576;1515;1202;60;241;112;10;480;no;si
75;mujer;1;secundaria;urbana;premium;627;364;1404;27;210;83;2;60;no;no
56;mujer;6;educacion superior;rural;premium;542;538;323;42;286;51;6;209;no;si
62;mujer;1;secundaria;urbana;premium;877;1142;1297;10;64;98;7;209;no;no
22;mujer;2;educacion superior;urbana;basico;766;1775;128;37;76;34;3;360;no;si
40;mujer;5;educacion superior;rural;medio;647;1051;1364;32;143;45;8;323;no;si
43;mujer;3;educacion superior;urbana;premium;445;1819;1267;55;241;85;9;76;no;si
25;hombre;1;secundaria;urbana;premium;166;1829;1174;56;31;77;0;264;si;no
68;mujer;6;primaria;urbana;basico;132;1797;1231;44;133;36;9;187;no;si
25;mujer;3;educacion superior;urbana;premium;694;306;754;40;121;97;4;204;si;no
67;hombre;1;secundaria;urbana;premium;681;816;1434;12;203;118;2;28;si;no
63;hombre;4;primaria;urbana;basico;703;1284;127;30;228;6;8;367;no;si
24;mujer;4;primaria;urbana;medio;579;155;1283;21;64;3;8;239;no;si
33;hombre;4;educacion superior;rural;basico;461;1517;46;15;70;42;5;203;no;si
57;mujer;4;educacion superior;rural;premium;890;755;58;44;151;48;7;235;si;no
53;mujer;4;secundaria;rural;premium;201;1748;355;53;285;45;3;115;si;no
63;mujer;1;primaria;rural;basico;952;1317;157;52;111;24;0;312;si;no
62;hombre;5;primaria;rural;premium;316;98;908;49;4;88;0;366;no;no
23;hombre;1;primaria;urbana;basico;145;829;485;23;60;99;3;178;si;no
52;mujer;2;secundaria;urbana;basico;911;1850;1340;59;124;2;6;208;no;si
35;mujer;6;secundaria;urbana;premium;157;970;900;48;298;112;1;215;si;no
59;hombre;5;primaria;rural;basico;847;1346;1268;36;145;101;4;51;no;si
35;hombre;6;educacion superior;rural;basico;443;523;315;41;106;64;8;474;no;si
31;hombre;4;educacion superior;urbana;basico;451;164;231;45;103;102;8;209;no;si
42;mujer;2;primaria;rural;medio;896;335;984;56;233;5;1;186;no;no
59;mujer;5;educacion superior;urbana;basico;222;1539;257;55;170;105;7;295;no;si
44;hombre;5;secundaria;urbana;basico;332;323;762;51;87;50;9;44;no;no
77;hombre;6;secundaria;urbana;premium;139;861;638;48;233;11;5;470;no;no
63;hombre;2;secundaria;rural;premium;723;413;653;24;108;97;5;432;no;si
47;mujer;5;secundaria;urbana;basico;530;145;1356;52;73;34;6;204;no;si
28;mujer;2;secundaria;urbana;basico;85;1789;427;27;167;113;5;314;no;si
57;mujer;1;primaria;rural;basico;500;1370;863;43;90;62;8;500;no;no
53;mujer;1;primaria;urbana;premium;602;1416;1372;60;254;82;10;250;no;si
50;hombre;3;secundaria;urbana;basico;958;766;970;5;102;81;6;25;no;no
38;mujer;1;primaria;rural;premium;192;1029;1069;13;112;30;2;207;si;no
31;hombre;4;primaria;rural;basico;326;1945;437;18;60;105;5;333;no;si
57;hombre;1;educacion superior;rural;basico;811;18;453;16;98;21;7;366;no;si
19;hombre;5;secundaria;urbana;premium;814;1303;99;50;140;112;10;329;no;si
33;mujer;2;primaria;rural;basico;372;789;642;43;121;110;2;344;si;no
30;mujer;1;secundaria;urbana;basico;213;1753;1086;11;295;29;0;307;si;no
39;mujer;4;educacion superior;rural;medio;63;172;1349;57;246;12;4;470;no;si
16;mujer;6;secundaria;urbana;medio;210;1184;1487;43;114;78;6;34;si;no
21;hombre;5;educacion superior;urbana;premium;499;1960;1010;48;163;88;10;151;no;si
68;mujer;3;educacion superior;rural;medio;35;1209;7;36;134;113;2;82;si;no
39;mujer;2;primaria;rural;basico;255;431;290;28;182;69;7;216;si;no
68;mujer;3;primaria;urbana;basico;737;1927;569;59;55;70;4;412;no;si
74;mujer;6;educacion superior;urbana;basico;228;1223;1268;47;112;83;8;357;no;si
48;mujer;6;secundaria;rural;medio;964;1182;991;23;170;113;4;176;no;si
47;hombre;5;primaria;urbana;premium;689;1999;538;57;234;28;6;84;no;si
57;mujer;2;educacion superior;urbana;medio;859;1640;221;37;51;42;5;274;no;si
63;mujer;4;secundaria;rural;medio;707;104;1379;5;157;96;0;466;no;no
68;mujer;5;primaria;rural;basico;149;1745;856;55;90;83;5;323;no;si
25;mujer;3;primaria;urbana;basico;964;171;1009;37;85;19;4;361;si;no
39;mujer;6;secundaria;rural;medio;977;1050;628;22;267;105;7;105;no;si
32;mujer;2;primaria;urbana;medio;228;769;869;30;264;83;9;96;no;no
36;hombre;6;secundaria;urbana;basico;352;17;940;37;274;113;8;156;no;si
57;hombre;3;secundaria;rural;basico;933;1432;818;47;145;54;3;398;no;si
16;mujer;4;secundaria;rural;basico;116;1971;940;22;116;36;3;76;si;no
67;hombre;1;primaria;rural;premium;30;1636;585;54;95;80;0;184;no;no
30;mujer;5;secundaria;urbana;premium;751;1196;672;16;76;115;10;324;no;no
27;mujer;6;primaria;urbana;medio;899;709;592;52;136;67;4;240;no;si
34;hombre;3;primaria;urbana;medio;364;1836;1128;5;207;108;2;422;no;no
74;mujer;4;educacion superior;rural;medio;978;1923;1229;56;252;75;9;481;no;si
36;mujer;3;secundaria;urbana;basico;552;1340;802;54;273;6;3;104;no;si
25;mujer;3;educacion superior;urbana;medio;1000;221;1325;44;141;66;10;341;si;no
73;hombre;5;secundaria;urbana;basico;730;1719;141;42;20;86;10;343;si;no
46;mujer;2;educacion superior;urbana;medio;911;27;956;58;168;31;10;350;no;si
41;hombre;3;primaria;urbana;basico;961;1828;427;58;257;99;7;363;no;si
63;hombre;3;secundaria;urbana;medio;368;421;150;19;251;58;3;121;no;si
80;hombre;6;secundaria;urbana;medio;914;517;1387;20;273;16;8;264;no;si
17;hombre;4;educacion superior;urbana;basico;775;254;1394;52;240;105;4;54;no;si
70;hombre;3;secundaria;urbana;basico;112;1475;15;16;298;14;8;45;si;no
16;mujer;3;secundaria;rural;premium;434;1050;1443;27;119;72;10;413;no;si
62;hombre;6;secundaria;rural;premium;167;947;1080;19;79;62;8;383;no;si
70;hombre;5;primaria;urbana;medio;257;1252;514;7;111;97;1;452;si;no
25;mujer;3;educacion superior;rural;medio;999;1619;162;34;34;102;5;337;si;no
56;mujer;3;secundaria;rural;premium;425;300;878;42;100;43;1;198;no;no
31;mujer;4;educacion superior;rural;premium;305;1004;713;34;203;71;7;436;si;no
50;mujer;6;primaria;urbana;premium;384;1428;1075;18;236;107;9;159;si;no
47;hombre;2;educacion superior;urbana;medio;108;574;1326;15;161;3;4;417;si;no
26;mujer;2;educacion superior;urbana;basico;276;927;1400;42;252;2;7;405;no;no
71;hombre;6;primaria;rural;basico;419;1666;386;54;132;37;4;230;no;si
68;mujer;2;educacion superior;rural;medio;883;202;1135;23;32;6;6;467;no;no
56;mujer;5;secundaria;rural;premium;727;983;207;20;144;116;5;384;si;no
79;hombre;5;educacion superior;rural;medio;631;255;1009;13;31;93;0;138;si;no
21;hombre;3;primaria;rural;medio;446;694;197;35;47;23;8;479;si;no
68;mujer;6;primaria;urbana;medio;452;19;577;2;22;52;8;77;no;no
79;mujer;4;primaria;rural;basico;467;1326;760;29;85;84;5;120;no;si
30;hombre;2;educacion superior;rural;premium;34;999;1462;24;99;87;4;70;no;si
70;mujer;6;educacion superior;urbana;premium;935;586;377;43;252;38;10;110;no;si
20;mujer;2;secundaria;urbana;premium;526;1889;967;25;90;115;8;302;si;no
20;hombre;6;secundaria;rural;basico;155;1668;424;39;127;86;9;153;no;si
35;hombre;6;primaria;rural;premium;361;1709;1197;18;118;35;0;307;si;no
42;mujer;2;secundaria;urbana;premium;788;1521;144;55;208;8;3;358;no;no
47;hombre;3;primaria;rural;basico;259;1311;305;51;37;91;4;319;no;no
37;mujer;3;primaria;urbana;basico;812;1226;545;21;139;82;5;114;no;si
68;hombre;6;primaria;rural;medio;526;867;1071;2;263;11;6;46;no;no
41;mujer;3;primaria;rural;basico;448;704;1212;23;237;9;10;271;no;si
28;hombre;1;secundaria;urbana;premium;880;173;1486;46;277;20;10;347;no;si
20;mujer;2;educacion superior;rural;premium;981;1337;65;2;91;3;10;16;si;no
45;mujer;1;primaria;urbana;premium;241;1089;1301;42;11;13;2;402;no;no
41;mujer;1;primaria;urbana;medio;568;913;576;10;287;98;0;181;si;no
64;hombre;5;educacion superior;urbana;basico;74;1391;151;18;268;11;4;55;no;si
47;mujer;4;primaria;rural;premium;712;389;552;12;93;32;5;148;no;no
57;mujer;1;secundaria;rural;medio;586;1953;91;21;183;107;1;408;no;no
35;mujer;1;educacion superior;rural;medio;9;1343;1224;57;176;51;4;287;no;si
44;mujer;3;primaria;rural;medio;163;461;354;47;54;61;10;365;no;si
38;hombre;6;educacion superior;urbana;premium;647;15;1115;0;74;79;1;252;si;no
45;hombre;4;educacion superior;urbana;medio;789;677;608;32;174;75;5;180;no;si
42;mujer;6;educacion superior;urbana;basico;661;749;290;24;110;11;7;373;no;si
39;mujer;3;secundaria;rural;basico;29;1968;858;37;158;16;8;319;no;no
47;mujer;2;primaria;rural;medio;574;1748;534;35;127;48;4;370;no;si
53;mujer;4;educacion superior;rural;basico;370;85;59;18;110;89;3;500;no;no
59;mujer;6;primaria;rural;premium;807;1714;192;9;94;63;0;51;si;no
35;mujer;3;educacion superior;urbana;medio;275;1241;772;58;191;116;5;490;si;no
65;mujer;3;primaria;urbana;basico;597;1717;737;38;91;57;6;72;no;si
47;hombre;4;secundaria;urbana;basico;232;1169;736;44;199;33;6;97;no;si
72;mujer;5;secundaria;rural;basico;363;205;948;23;122;13;3;443;no;si
44;mujer;5;primaria;urbana;medio;56;595;499;22;246;62;6;295;si;no
77;mujer;3;secundaria;rural;medio;885;1480;1356;16;140;59;7;112;no;si
67;hombre;6;primaria;urbana;basico;313;455;19;4;220;37;5;311;no;no
70;mujer;6;educacion superior;urbana;medio;771;913;1445;53;120;53;9;237;no;no
21;mujer;1;primaria;rural;basico;527;1502;650;52;56;90;3;251;no;si
22;mujer;4;primaria;rural;basico;773;1811;312;51;80;69;4;290;no;si
43;mujer;1;secundaria;rural;medio;656;1522;931;25;175;43;10;278;no;si
16;mujer;2;educacion superior;urbana;basico;97;46;1341;51;264;33;10;110;no;si
35;mujer;2;secundaria;urbana;premium;36;423;873;38;297;70;2;196;no;no
51;hombre;2;educacion superior;urbana;basico;639;363;1441;37;219;20;1;264;no;no
35;mujer;2;secundaria;urbana;premium;474;601;533;31;182;116;5;140;no;si
16;hombre;1;educacion superior;urbana;premium;688;1537;1005;16;192;85;6;200;no;si
62;hombre;5;educacion superior;urbana;medio;737;1048;804;43;88;2;6;436;no;si
80;mujer;4;educacion superior;rural;basico;587;1336;695;34;40;114;10;14;si;no
38;mujer;1;educacion superior;urbana;medio;635;1585;280;17;287;17;4;377;no;si
71;hombre;6;educacion superior;rural;basico;586;440;516;7;68;25;0;424;no;no
66;hombre;1;educacion superior;urbana;basico;692;2000;1328;27;81;8;2;146;si;no
33;mujer;6;primaria;rural;medio;302;1233;1223;28;257;34;7;206;no;si
34;hombre;2;secundaria;rural;medio;962;114;1026;42;153;101;7;100;no;si
32;mujer;4;educacion superior;rural;basico;12;1593;448;7;1;33;1;491;si;no
24;hombre;3;educacion superior;rural;medio;141;1451;457;34;58;66;6;129;no;no
56;mujer;2;secundaria;urbana;basico;330;280;413;53;194;119;9;419;no;no
54;mujer;5;primaria;rural;basico;103;310;1496;19;230;65;3;92;no;si
17;mujer;3;primaria;urbana;basico;93;1934;1041;58;280;5;5;171;no;si
40;hombre;1;primaria;urbana;premium;327;1743;430;24;206;3;5;325;no;si
65;mujer;5;secundaria;rural;premium;706;1933;802;38;281;22;2;157;si;no
77;mujer;1;educacion superior;urbana;premium;497;1895;676;24;81;32;10;484;no;si
36;hombre;3;educacion superior;rural;premium;691;827;1418;54;158;8;9;420;no;no
34;mujer;3;educacion superior;rural;basico;504;1689;325;31;210;11;2;393;si;no
43;mujer;6;primaria;urbana;basico;399;847;1230;27;282;86;5;137;no;si
71;mujer;5;primaria;rural;basico;726;1788;279;28;223;63;9;280;no;si
62;hombre;5;primaria;rural;medio;311;1693;58;25;178;21;5;217;no;si
79;hombre;2;primaria;rural;medio;325;1119;876;50;53;18;9;246;no;si
56;mujer;3;primaria;rural;basico;640;1324;1073;11;224;17;10;424;si;no
41;mujer;1;primaria;rural;medio;104;471;1286;24;183;70;8;0;si;no
35;hombre;4;educacion superior;rural;medio;318;1064;1185;38;271;101;3;469;no;no
22;hombre;2;primaria;rural;medio;262;1439;374;41;217;109;7;65;no;no
49;hombre;2;educacion superior;urbana;premium;471;1126;994;38;177;29;4;53;no;si
19;hombre;2;educacion superior;urbana;basico;29;350;589;21;221;17;10;441;no;si
74;hombre;2;primaria;urbana;medio;246;940;363;27;270;117;8;367;no;si
36;mujer;4;primaria;urbana;basico;957;446;401;16;199;1;9;305;no;si
35;mujer;5;primaria;urbana;basico;246;377;753;30;261;81;9;400;no;si
48;mujer;5;educacion superior;urbana;medio;833;126;1462;20;121;61;7;133;no;si
56;mujer;1;secundaria;rural;basico;811;983;493;58;180;41;5;157;no;si
19;mujer;6;primaria;urbana;medio;828;1788;761;44;149;96;10;331;no;si
53;hombre;4;secundaria;rural;basico;768;194;1067;42;269;36;6;77;si;no
54;mujer;2;educacion superior;urbana;medio;146;210;1483;39;101;100;8;161;no;si
37;mujer;3;educacion superior;urbana;medio;221;153;504;42;196;41;3;330;no;si
55;mujer;2;primaria;urbana;basico;745;1512;1486;44;63;6;4;210;no;si
47;mujer;4;primaria;rural;basico;632;766;210;34;118;34;8;410;no;si
56;hombre;6;secundaria;rural;basico;643;81;1278;41;223;73;4;80;no;si
41;mujer;1;primaria;urbana;medio;820;1439;1341;39;75;18;5;74;no;si
71;mujer;4;secundaria;urbana;premium;941;1158;916;15;136;21;7;184;no;si
65;mujer;6;educacion superior;urbana;medio;155;519;852;34;285;52;9;383;no;si
75;hombre;4;secundaria;urbana;medio;3;1096;1377;37;289;17;6;336;no;no
54;mujer;6;secundaria;rural;premium;947;581;1031;33;232;79;5;434;no;si
19;mujer;1;primaria;urbana;basico;222;1948;566;41;209;61;10;392;no;si
73;mujer;1;secundaria;urbana;basico;671;374;1390;25;275;74;10;304;no;no
31;mujer;6;secundaria;rural;premium;384;873;968;46;5;24;4;211;no;no
18;hombre;6;secundaria;rural;basico;790;1740;56;16;177;7;3;409;no;no
49;mujer;5;primaria;rural;premium;511;36;452;57;64;75;6;218;no;si
44;mujer;5;secundaria;rural;basico;276;968;1400;17;38;119;1;94;si;no
68;mujer;4;secundaria;rural;basico;620;997;546;48;166;101;3;250;si;no
28;mujer;1;primaria;urbana;premium;441;1616;560;18;148;26;5;94;si;no
28;hombre;2;secundaria;urbana;basico;786;921;485;42;76;15;8;214;si;no
25;mujer;6;secundaria;rural;premium;908;559;537;34;206;21;3;447;no;si
54;mujer;3;educacion superior;urbana;basico;568;1342;941;29;159;72;7;97;no;si
45;hombre;1;educacion superior;rural;basico;990;1772;1310;24;63;55;7;447;no;si
55;mujer;5;primaria;rural;premium;994;53;1157;57;161;56;10;475;no;si
49;hombre;4;primaria;rural;basico;381;563;709;24;182;76;8;72;no;si
45;mujer;2;primaria;urbana;basico;395;1009;1109;25;249;50;6;162;no;no
77;hombre;5;educacion superior;urbana;premium;655;1827;235;24;39;93;1;85;no;no
40;hombre;6;educacion superior;urbana;medio;734;246;766;42;293;39;3;92;no;si
23;hombre;4;educacion superior;rural;premium;832;998;64;15;77;41;4;452;no;si
79;mujer;5;primaria;rural;medio;859;1482;612;9;9;120;7;25;no;no
79;mujer;5;secundaria;rural;premium;728;1362;173;60;5;13;2;61;no;no
38;mujer;3;secundaria;urbana;premium;418;1778;1174;60;205;73;7;139;no;si
45;mujer;1;educacion superior;rural;basico;692;1560;259;42;297;2;6;47;no;no
52;hombre;5;educacion superior;rural;medio;177;1140;502;4;219;21;2;223;no;no
69;hombre;2;primaria;rural;medio;513;1191;1119;2;235;70;9;169;si;no
72;mujer;4;primaria;urbana;medio;75;1222;380;38;280;57;8;285;si;no
40;mujer;2;secundaria;rural;premium;728;1592;646;11;227;40;0;173;no;no
37;mujer;2;secundaria;rural;medio;376;278;540;28;189;22;9;68;no;si
73;mujer;5;secundaria;rural;medio;431;236;311;30;261;35;5;342;si;no
60;mujer;3;secundaria;rural;basico;715;761;1222;10;73;35;7;162;si;no
58;mujer;2;primaria;rural;premium;622;1032;680;3;274;94;10;293;si;no
69;hombre;5;secundaria;rural;medio;709;859;401;25;112;21;0;293;no;no
71;hombre;1;secundaria;urbana;basico;561;1694;568;3;297;118;6;0;si;no
75;hombre;4;educacion superior;urbana;medio;74;1703;128;28;275;111;5;226;no;si
23;hombre;6;secundaria;urbana;medio;570;1768;1414;35;137;36;4;101;si;no
28;mujer;4;secundaria;urbana;premium;557;1272;1105;55;54;41;10;300;si;no
53;mujer;2;educacion superior;rural;basico;639;1292;1366;36;112;85;3;318;no;si
36;mujer;4;secundaria;rural;basico;508;1487;785;19;283;116;10;247;no;si
23;mujer;4;educacion superior;urbana;basico;290;594;1308;43;135;81;4;113;no;si
33;mujer;2;secundaria;urbana;premium;122;51;1165;18;290;20;7;109;no;si
52;mujer;1;secundaria;urbana;premium;666;319;225;48;156;45;9;50;no;si
45;hombre;1;secundaria;rural;premium;83;381;1262;33;134;31;4;100;no;si
50;mujer;2;educacion superior;rural;basico;62;1211;277;15;133;60;5;489;si;no
16;hombre;1;secundaria;rural;basico;908;580;1372;37;287;119;7;50;no;si
35;mujer;2;primaria;urbana;basico;643;72;696;14;220;91;10;175;si;no
56;hombre;5;educacion superior;urbana;premium;273;400;74;34;256;82;2;32;si;no
52;hombre;2;educacion superior;rural;medio;289;1031;698;50;216;27;4;467;no;si
69;mujer;6;secundaria;rural;premium;308;742;97;43;35;118;6;315;no;no
30;hombre;1;primaria;rural;medio;507;1740;292;16;155;97;5;473;no;si
67;mujer;4;primaria;urbana;basico;883;1866;928;6;90;119;2;20;no;no
69;mujer;1;secundaria;rural;premium;882;1142;1219;15;214;116;8;321;no;si
57;mujer;5;educacion superior;rural;medio;928;1254;1133;40;93;13;0;484;no;no
59;hombre;6;primaria;urbana;medio;684;889;754;53;97;87;8;370;no;si
64;hombre;4;primaria;urbana;basico;519;1368;1412;55;202;100;2;247;si;no
29;mujer;1;primaria;rural;premium;434;968;1312;29;92;35;0;85;no;no
40;hombre;6;secundaria;urbana;premium;698;1422;1346;30;120;80;10;415;no;si
39;mujer;6;educacion superior;rural;premium;571;1636;380;18;295;120;3;381;no;si
20;mujer;5;secundaria;urbana;medio;61;1248;603;30;234;5;5;308;no;si
25;mujer;2;primaria;rural;medio;353;1702;273;18;3;120;8;40;si;no
59;mujer;4;educacion superior;rural;premium;766;1508;332;8;268;31;3;302;no;no
17;hombre;5;primaria;urbana;basico;579;1454;1119;43;82;40;2;80;si;no
19;mujer;2;primaria;rural;medio;854;1944;867;56;53;60;5;454;no;si
56;mujer;6;secundaria;urbana;medio;457;686;1236;23;284;75;8;68;no;si
47;hombre;4;educacion superior;rural;medio;743;1922;342;53;226;54;6;2;no;no
55;hombre;5;primaria;urbana;basico;670;1058;200;53;224;52;3;476;no;si
67;mujer;6;educacion superior;urbana;premium;431;1940;1124;13;270;37;2;99;si;no
35;hombre;4;primaria;urbana;medio;631;1876;1134;35;289;116;5;103;no;si
62;mujer;5;secundaria;rural;medio;925;573;470;40;36;77;0;118;si;no
35;mujer;5;educacion superior;rural;premium;689;1443;1412;33;162;76;8;71;si;no
79;mujer;1;educacion superior;urbana;basico;60;168;144;55;287;97;8;135;no;si
38;mujer;5;secundaria;urbana;premium;77;1207;690;32;152;64;5;53;no;si
46;hombre;5;educacion superior;rural;basico;687;1632;867;10;231;109;2;399;no;no
70;hombre;3;secundaria;urbana;medio;596;498;216;43;133;32;7;256;no;si
72;hombre;3;primaria;urbana;medio;210;702;807;57;274;10;7;312;si;no
47;mujer;3;primaria;urbana;medio;23;986;312;32;64;6;6;206;no;si
52;hombre;3;educacion superior;urbana;medio;940;790;1436;27;243;68;0;231;no;no
17;mujer;1;primaria;rural;premium;918;161;645;59;80;41;3;52;no;si
74;mujer;6;secundaria;urbana;basico;180;1249;706;11;168;16;10;40;si;no
17;mujer;5;secundaria;rural;basico;221;1318;49;27;237;69;8;376;no;si
79;mujer;3;primaria;urbana;premium;814;1572;685;24;168;16;3;484;si;no
25;mujer;5;primaria;urbana;premium;230;428;649;27;289;108;9;367;no;si
16;hombre;3;educacion superior;urbana;basico;666;1438;752;56;143;83;8;496;si;no
17;mujer;4;secundaria;urbana;basico;872;575;766;31;191;103;1;394;no;no
77;mujer;4;secundaria;rural;medio;873;205;430;18;73;91;7;50;no;si
51;mujer;4;primaria;urbana;premium;350;755;121;18;240;50;3;398;no;si
46;mujer;4;primaria;urbana;basico;922;567;1361;15;280;75;5;91;no;si
56;mujer;2;educacion superior;urbana;medio;963;228;801;51;101;98;3;281;no;si
31;mujer;5;educacion superior;rural;basico;394;1137;1053;41;83;13;8;482;no;si
33;hombre;5;primaria;urbana;medio;437;547;153;2;216;113;3;32;si;no
75;mujer;1;primaria;urbana;medio;499;1989;413;26;213;46;1;480;si;no
59;hombre;4;educacion superior;rural;basico;188;708;273;30;74;18;6;385;no;no
66;mujer;5;secundaria;rural;basico;583;1854;815;2;263;105;2;476;no;no
29;hombre;6;secundaria;urbana;medio;263;1316;893;34;206;85;5;265;no;si
17;mujer;5;educacion superior;urbana;premium;304;236;901;58;27;56;4;453;no;no
59;hombre;2;educacion superior;urbana;premium;198;879;281;51;27;81;8;475;si;no
45;hombre;2;primaria;rural;basico;262;1532;1419;16;99;101;8;464;no;si
58;hombre;4;educacion superior;rural;basico;116;1821;883;42;139;27;10;408;si;no
26;mujer;2;secundaria;urbana;premium;51;1385;1020;15;76;117;6;145;no;si
23;mujer;6;secundaria;rural;premium;90;1518;265;32;250;94;3;462;no;si
73;mujer;1;primaria;urbana;medio;834;1936;214;21;0;75;3;180;si;no
24;mujer;4;primaria;urbana;premium;213;881;27;19;49;63;1;152;si;no
79;hombre;5;educacion superior;rural;premium;569;1587;205;14;49;12;10;124;si;no
40;hombre;5;secundaria;urbana;medio;158;161;639;23;146;27;4;338;si;no
26;hombre;6;primaria;urbana;premium;421;1178;1302;9;205;64;8;236;no;no
71;hombre;4;secundaria;urbana;medio;350;926;65;43;282;87;10;326;no;si
71;hombre;4;primaria;rural;medio;143;1255;793;40;72;101;7;483;no;si
65;hombre;1;primaria;rural;premium;864;988;15;53;290;53;6;413;no;si
56;hombre;3;educacion superior;urbana;medio;278;124;577;41;125;80;5;166;no;si
23;hombre;3;educacion superior;rural;premium;26;996;353;48;200;29;2;30;no;no
41;hombre;1;secundaria;urbana;premium;177;1963;757;26;55;41;2;450;no;no
31;hombre;4;secundaria;rural;basico;714;1021;1086;7;73;118;0;215;no;no
38;mujer;4;secundaria;urbana;medio;910;770;581;18;238;19;3;251;no;si
17;hombre;6;educacion superior;urbana;medio;918;1857;528;49;96;14;9;357;no;si
28;mujer;5;primaria;urbana;premium;791;1942;330;50;114;114;9;80;no;si
47;mujer;1;primaria;rural;basico;205;238;219;24;137;57;0;148;si;no
76;mujer;1;secundaria;rural;medio;518;1930;381;41;297;90;9;99;si;no
42;mujer;5;educacion superior;urbana;medio;249;1480;1115;55;91;41;3;345;no;si
64;hombre;4;secundaria;urbana;premium;365;414;1231;46;294;27;1;353;si;no
61;mujer;2;secundaria;urbana;premium;169;1800;186;53;147;48;5;325;no;si
46;mujer;2;educacion superior;rural;basico;176;916;313;27;13;99;2;307;si;no
62;mujer;6;secundaria;rural;basico;92;1409;975;26;184;81;6;112;no;si
53;mujer;1;primaria;urbana;basico;828;1418;226;41;290;81;7;294;no;si
21;mujer;3;secundaria;urbana;medio;211;1767;731;31;284;107;4;471;no;si
56;hombre;4;secundaria;rural;premium;859;893;420;23;250;107;7;267;no;si
36;hombre;3;educacion superior;urbana;medio;214;7;325;42;62;114;4;87;no;si
62;hombre;2;educacion superior;rural;medio;790;284;1412;21;282;9;0;139;si;no
52;mujer;3;secundaria;urbana;premium;995;1715;176;21;159;39;8;205;no;si
56;mujer;2;primaria;rural;premium;955;508;627;53;57;79;4;363;no;no
61;hombre;4;secundaria;rural;basico;169;772;746;33;142;28;3;464;no;si
34;mujer;6;secundaria;urbana;premium;434;919;1165;35;262;61;6;202;si;no
45;mujer;1;educacion superior;rural;premium;462;1207;1460;12;186;83;2;309;si;no
68;mujer;2;secundaria;urbana;basico;92;705;345;37;185;15;8;116;no;si
57;hombre;4;secundaria;rural;basico;96;573;592;51;298;18;6;166;no;no
66;mujer;1;secundaria;urbana;basico;323;331;116;42;282;12;8;277;no;si
44;hombre;5;primaria;rural;medio;791;1776;867;49;164;74;10;302;no;si
16;hombre;5;primaria;urbana;basico;567;1109;217;46;77;69;9;202;si;no
72;hombre;1;educacion superior;rural;medio;820;1039;382;55;297;58;8;419;no;si
30;mujer;3;primaria;urbana;basico;886;856;505;58;243;89;7;435;si;no
45;mujer;3;secundaria;rural;medio;947;864;1364;37;78;38;4;189;si;no
36;hombre;4;secundaria;urbana;medio;119;1553;137;55;87;92;7;259;no;si
18;mujer;1;secundaria;urbana;premium;134;432;666;54;179;55;7;85;no;si
31;mujer;1;secundaria;rural;basico;926;339;1324;18;111;55;8;177;no;si
76;mujer;6;secundaria;rural;basico;111;1132;1249;26;61;114;2;177;si;no
55;hombre;5;secundaria;urbana;medio;101;1053;172;48;64;113;8;358;no;no
50;hombre;4;educacion superior;rural;medio;59;1602;1496;43;72;96;4;230;no;no
38;mujer;4;primaria;rural;basico;99;676;219;25;223;46;9;292;no;si
54;hombre;4;educacion superior;urbana;premium;173;1858;1494;43;181;44;8;444;no;si
73;hombre;4;secundaria;urbana;basico;916;460;1265;45;217;66;7;176;no;si
76;hombre;5;educacion superior;urbana;medio;942;1975;1262;46;38;16;10;48;no;no
51;mujer;1;secundaria;rural;premium;766;698;128;18;33;91;2;389;si;no
55;mujer;2;educacion superior;urbana;medio;751;1943;90;56;177;39;7;291;no;si
31;mujer;1;educacion superior;rural;medio;751;1457;826;3;221;107;7;84;no;no
20;mujer;5;educacion superior;urbana;medio;791;1790;282;29;120;40;4;121;no;si
72;mujer;2;secundaria;urbana;medio;253;971;754;32;119;36;9;99;si;no
49;mujer;3;secundaria;rural;basico;310;1196;229;44;163;96;8;386;no;si
34;hombre;4;educacion superior;urbana;premium;617;740;376;11;110;26;3;31;no;no
43;mujer;1;primaria;urbana;medio;127;850;1031;49;263;67;9;485;no;si
40;hombre;1;primaria;rural;premium;899;581;1185;40;188;76;6;472;no;si
54;hombre;1;secundaria;urbana;premium;660;1361;1370;57;97;23;10;26;si;no
24;hombre;6;primaria;rural;medio;418;855;781;44;77;108;3;314;no;si
45;mujer;1;primaria;rural;basico;817;16;1435;9;245;114;8;97;si;no
80;hombre;1;secundaria;rural;medio;682;592;844;27;97;61;2;73;si;no
78;mujer;2;educacion superior;rural;basico;443;1332;14;40;241;20;8;402;no;no
55;mujer;1;secundaria;urbana;basico;568;1590;963;33;249;18;5;268;si;no
37;hombre;1;secundaria;rural;basico;22;1898;533;25;124;15;0;459;no;no
67;mujer;6;secundaria;urbana;premium;565;823;586;24;273;31;8;315;si;no
16;hombre;4;primaria;urbana;premium;315;452;1111;26;56;90;10;109;no;si
68;mujer;3;educacion superior;urbana;premium;129;1084;1067;51;96;41;7;57;si;no
64;mujer;5;educacion superior;urbana;medio;298;931;753;39;259;91;1;417;no;no
48;mujer;3;primaria;rural;premium;824;535;562;34;215;20;10;56;no;si
26;mujer;3;primaria;rural;premium;804;1025;433;56;162;54;3;323;no;no
38;mujer;6;secundaria;urbana;premium;145;931;505;42;177;81;2;437;si;no
40;mujer;6;educacion superior;rural;basico;575;1870;496;4;167;16;3;144;si;no
35;hombre;3;educacion superior;rural;medio;1000;460;1326;24;67;86;5;236;no;no
30;hombre;2;primaria;rural;medio;939;1476;314;30;271;52;3;56;no;si
45;mujer;5;primaria;rural;medio;614;1836;748;58;194;12;9;295;no;si
80;hombre;1;secundaria;urbana;medio;500;1451;671;48;274;81;7;57;no;si
31;mujer;1;primaria;urbana;medio;283;1073;876;16;224;40;2;71;si;no
38;hombre;3;educacion superior;rural;basico;849;842;1471;47;155;41;5;497;no;si
61;hombre;4;primaria;urbana;premium;873;1690;851;36;183;10;7;460;no;si
16;hombre;5;primaria;urbana;basico;802;656;995;0;142;45;2;408;si;no
30;mujer;2;secundaria;rural;premium;805;1660;329;12;259;59;10;205;si;no
68;mujer;3;secundaria;rural;basico;923;1561;1477;28;257;29;1;410;si;no
26;hombre;4;educacion superior;urbana;basico;202;1768;81;21;177;102;7;324;no;no
54;hombre;4;educacion superior;urbana;basico;429;1490;1392;44;195;19;5;499;si;no
50;hombre;4;primaria;urbana;premium;954;766;108;38;230;84;5;61;no;si
58;mujer;3;primaria;rural;premium;762;1466;944;45;140;71;10;158;no;si
30;hombre;6;educacion superior;rural;premium;264;160;169;31;153;78;3;377;no;si
41;mujer;6;primaria;urbana;medio;0;479;428;43;202;20;5;178;si;no
21;mujer;1;secundaria;rural;medio;869;820;122;59;111;93;10;449;si;no
51;hombre;4;primaria;rural;premium;865;621;806;34;220;2;6;230;no;si
71;mujer;2;primaria;urbana;premium;609;1174;681;38;218;10;4;412;no;si
34;mujer;6;secundaria;urbana;basico;631;1266;1046;60;225;28;5;357;no;si
34;mujer;5;educacion superior;rural;premium;561;519;455;45;164;80;10;412;no;si
68;hombre;1;primaria;rural;medio;791;1732;1087;42;115;32;8;208;no;si
35;hombre;6;primaria;rural;basico;54;1000;232;41;63;5;9;93;no;si
66;mujer;1;primaria;rural;premium;7;1339;325;46;211;55;6;343;si;no
64;mujer;3;secundaria;rural;premium;158;453;1298;30;249;14;9;290;no;si
75;mujer;5;educacion superior;urbana;medio;809;1925;191;50;149;21;6;332;no;si
77;hombre;3;secundaria;rural;medio;443;829;870;35;172;46;10;261;no;si
54;mujer;6;primaria;urbana;premium;107;1114;1196;52;120;19;0;292;si;no
33;mujer;5;educacion superior;rural;basico;135;1485;512;52;246;13;5;185;no;no
20;hombre;4;primaria;rural;basico;595;164;1479;32;240;28;7;425;no;si
44;mujer;1;secundaria;rural;premium;9;1058;1073;1;224;106;4;383;no;no
30;hombre;5;educacion superior;rural;premium;380;292;870;27;35;10;8;27;si;no
67;mujer;3;educacion superior;urbana;premium;281;527;663;14;212;65;0;83;no;no
20;mujer;3;primaria;rural;medio;301;1241;425;40;37;110;10;241;si;no
52;mujer;6;educacion superior;urbana;basico;717;1419;333;15;172;115;8;123;no;si
42;mujer;2;educacion superior;rural;basico;385;1213;1268;25;138;64;3;353;no;si
72;mujer;2;primaria;urbana;medio;68;1373;852;22;135;39;4;459;si;no
71;hombre;4;educacion superior;urbana;basico;102;652;1000;45;299;5;5;295;no;si
42;mujer;5;primaria;rural;premium;181;1246;710;14;109;92;1;301;no;no
23;mujer;5;primaria;urbana;basico;846;1083;1076;21;120;83;8;272;si;no
62;mujer;1;secundaria;urbana;basico;48;1725;83;39;248;109;8;160;no;si
36;mujer;4;educacion superior;urbana;premium;723;1518;254;26;63;89;6;391;no;si
39;hombre;4;primaria;rural;premium;316;573;1237;47;282;26;6;227;no;no
60;mujer;4;secundaria;urbana;basico;137;1317;743;22;56;7;7;459;no;si
49;mujer;5;primaria;urbana;medio;689;1394;1390;13;45;47;0;249;si;no
70;mujer;2;secundaria;rural;premium;335;47;1387;36;51;3;9;369;si;no
52;mujer;6;primaria;rural;basico;996;616;514;9;274;33;9;119;si;no
67;hombre;3;secundaria;rural;medio;142;692;1206;59;199;111;8;446;no;si
64;mujer;5;secundaria;urbana;basico;273;1511;1017;27;50;54;5;443;no;no
27;mujer;4;secundaria;rural;basico;861;530;657;30;179;66;4;337;no;si
16;mujer;3;educacion superior;rural;basico;422;514;1069;5;171;60;2;259;si;no
31;mujer;1;primaria;urbana;medio;394;331;604;25;89;112;6;92;si;no
35;mujer;6;educacion superior;urbana;basico;825;458;772;41;258;16;5;238;si;no
70;mujer;1;primaria;rural;premium;497;1446;547;22;218;53;3;4;no;no
79;mujer;6;secundaria;urbana;medio;741;1798;1258;45;176;40;7;364;si;no
56;hombre;3;secundaria;urbana;premium;537;86;1074;38;221;65;4;362;si;no
80;mujer;5;secundaria;urbana;premium;125;223;1324;41;201;32;1;384;si;no
16;mujer;6;educacion superior;rural;premium;134;1446;197;48;100;85;3;492;no;si
49;hombre;3;secundaria;rural;premium;605;1881;750;27;237;14;7;472;si;no
34;mujer;1;educacion superior;rural;premium;879;1250;824;35;285;70;6;364;no;si
73;mujer;3;secundaria;rural;premium;865;1782;1060;43;82;37;6;392;no;si
20;mujer;6;primaria;urbana;premium;421;720;858;11;194;5;4;229;no;no
60;mujer;2;secundaria;urbana;medio;456;1227;69;12;297;17;2;55;si;no
24;hombre;1;secundaria;urbana;medio;71;395;828;24;82;12;7;385;no;si
66;hombre;2;primaria;rural;premium;628;428;84;53;167;29;9;486;no;si
24;mujer;5;secundaria;urbana;basico;72;624;911;34;196;61;4;204;no;si
19;mujer;4;primaria;rural;basico;603;993;373;0;152;77;10;128;no;no
46;hombre;6;educacion superior;urbana;medio;129;36;890;57;102;46;7;438;no;si
66;hombre;4;primaria;rural;medio;988;495;1327;31;102;18;1;429;si;no
50;mujer;4;educacion superior;rural;basico;412;254;177;25;167;116;8;122;no;si
70;mujer;3;secundaria;rural;premium;489;546;442;18;154;69;8;85;no;si
74;hombre;1;primaria;urbana;medio;303;1986;945;26;137;76;7;73;no;si
34;mujer;3;primaria;rural;medio;149;1904;629;48;121;107;6;432;no;si
77;mujer;2;primaria;rural;premium;960;736;1090;18;157;32;3;405;no;si
24;mujer;2;primaria;urbana;basico;248;481;267;12;134;62;4;392;no;no
50;hombre;6;educacion superior;rural;basico;115;1679;218;16;291;104;8;240;no;si
62;mujer;5;primaria;urbana;medio;96;1601;1152;23;4;115;7;482;si;no
67;mujer;6;primaria;rural;medio;546;1002;512;7;111;98;3;145;si;no
23;mujer;3;primaria;urbana;medio;639;398;1007;52;289;71;3;429;si;no
41;mujer;1;secundaria;urbana;medio;654;1454;1145;58;175;29;4;373;no;no
68;mujer;6;primaria;rural;medio;668;1892;1362;55;292;86;2;81;no;no
59;mujer;6;educacion superior;rural;premium;630;1997;1155;37;59;40;3;323;si;no
60;hombre;4;primaria;rural;premium;638;1263;194;31;43;53;9;433;no;no
80;mujer;3;educacion superior;urbana;medio;439;1511;1147;49;90;8;8;203;no;si
69;mujer;1;educacion superior;urbana;basico;934;638;722;40;257;92;9;403;no;si
65;hombre;3;educacion superior;rural;medio;565;1851;1393;37;113;1;5;104;no;si
35;mujer;4;educacion superior;rural;premium;632;481;734;38;202;70;7;26;no;no
16;mujer;6;secundaria;urbana;medio;495;733;787;42;187;15;2;208;si;no
52;hombre;3;educacion superior;urbana;medio;286;1351;776;11;142;18;0;179;no;no
75;mujer;5;primaria;urbana;basico;876;1645;315;6;111;15;10;320;no;no
43;hombre;6;secundaria;urbana;medio;112;994;59;17;184;51;9;491;no;si
19;mujer;4;educacion superior;rural;premium;611;1591;940;17;293;116;8;402;no;si
37;mujer;3;primaria;urbana;medio;261;199;1289;43;38;53;9;363;no;no
21;hombre;2;secundaria;rural;medio;875;621;749;51;297;9;9;405;no;si
38;mujer;6;educacion superior;urbana;basico;269;332;962;59;244;32;9;451;no;si
16;mujer;5;secundaria;rural;medio;76;995;630;47;184;90;1;35;si;no
52;mujer;6;primaria;urbana;medio;704;528;1079;55;134;113;7;138;no;si
41;mujer;4;primaria;urbana;basico;697;941;1247;46;281;26;4;91;no;si
79;mujer;2;educacion superior;rural;medio;242;371;638;57;197;62;7;382;no;si
50;mujer;4;secundaria;rural;basico;734;801;59;16;227;11;10;59;no;si
39;mujer;1;primaria;urbana;basico;20;323;952;39;163;58;6;308;no;no
27;mujer;2;secundaria;urbana;premium;200;463;814;55;166;40;6;172;no;si
46;mujer;1;secundaria;urbana;basico;219;599;1036;11;146;104;10;376;si;no
76;hombre;2;secundaria;rural;basico;72;468;162;38;116;92;8;235;si;no
25;hombre;5;educacion superior;rural;medio;646;1175;850;20;119;7;0;294;no;no
32;mujer;1;secundaria;urbana;premium;825;777;1152;47;134;96;10;211;si;no
28;mujer;6;educacion superior;rural;medio;396;1365;1407;30;147;55;2;58;no;no
35;mujer;3;secundaria;urbana;premium;823;1405;1487;42;246;71;3;195;si;no
61;hombre;6;educacion superior;rural;medio;841;933;1211;38;108;13;7;67;no;si
70;mujer;3;secundaria;rural;premium;573;1520;733;42;163;45;7;286;no;si
35;mujer;4;secundaria;rural;medio;663;1024;1024;45;86;18;10;307;si;no
61;mujer;5;educacion superior;urbana;medio;496;1598;686;24;176;51;5;77;no;si
51;mujer;6;primaria;rural;medio;446;876;746;52;228;32;5;332;no;si
80;mujer;6;educacion superior;rural;basico;790;748;1361;52;180;98;4;277;no;si
50;mujer;6;secundaria;urbana;medio;292;1944;600;7;198;56;6;44;no;no
61;mujer;6;primaria;urbana;basico;105;1040;446;15;23;58;6;185;no;no
42;hombre;2;secundaria;urbana;medio;108;7;1115;48;289;10;5;319;no;si
24;hombre;6;educacion superior;rural;medio;833;254;1176;34;224;86;7;343;no;si
20;mujer;6;primaria;rural;basico;477;1830;1223;11;269;83;3;39;no;no
64;mujer;6;primaria;rural;basico;260;1828;709;45;180;70;3;119;no;si
62;mujer;5;educacion superior;rural;premium;434;1132;932;18;241;7;7;469;no;si
76;mujer;3;educacion superior;rural;basico;938;1160;709;18;198;52;9;15;si;no
45;mujer;2;secundaria;rural;medio;589;1718;724;24;9;55;4;413;no;no
80;mujer;6;primaria;urbana;medio;125;1215;494;50;133;38;4;484;no;si
26;hombre;2;secundaria;rural;basico;627;1063;409;15;9;105;6;469;si;no
77;mujer;6;primaria;urbana;medio;213;878;96;9;93;42;3;456;si;no
52;hombre;1;primaria;rural;basico;857;142;624;36;104;81;7;63;no;si
68;mujer;3;secundaria;urbana;medio;232;1338;999;28;242;68;2;484;si;no
28;mujer;3;secundaria;urbana;basico;682;1165;1276;44;286;62;3;216;no;si
62;hombre;2;primaria;rural;basico;805;1712;45;45;30;46;8;178;si;no
64;mujer;4;educacion superior;rural;basico;125;1810;290;23;106;86;10;456;no;si
72;mujer;5;educacion superior;urbana;premium;672;651;333;21;71;90;5;113;no;si
65;mujer;1;secundaria;rural;basico;321;1467;1276;47;274;107;0;4;no;no
33;mujer;1;educacion superior;urbana;medio;346;1563;720;12;244;10;7;369;si;no
74;mujer;4;primaria;urbana;basico;528;1636;1101;40;292;40;6;167;no;si
69;hombre;6;primaria;rural;premium;109;1595;961;13;68;90;4;307;si;no
26;mujer;5;secundaria;urbana;premium;227;1998;729;29;194;37;2;0;no;no
62;mujer;5;primaria;urbana;basico;908;179;878;55;239;91;7;107;si;no
77;hombre;5;educacion superior;urbana;medio;16;1873;488;25;126;37;10;270;no;si
53;mujer;1;secundaria;urbana;medio;925;302;809;56;207;111;6;173;no;no
76;mujer;4;primaria;rural;medio;561;1263;173;60;266;118;6;417;no;si
30;mujer;3;secundaria;urbana;medio;643;202;1292;44;121;102;3;389;no;si
35;mujer;3;primaria;urbana;premium;610;400;808;27;108;68;3;123;no;si
16;hombre;5;educacion superior;rural;basico;593;21;1048;37;160;85;1;1;si;no
48;hombre;4;primaria;rural;medio;196;605;68;24;220;102;4;116;no;si
18;hombre;4;secundaria;urbana;medio;121;575;1449;47;80;105;6;453;no;si
22;mujer;6;primaria;urbana;basico;350;1817;1059;27;115;69;7;398;no;si
21;mujer;1;primaria;urbana;premium;146;1361;942;50;206;76;5;344;no;si
39;mujer;5;primaria;rural;medio;984;567;100;3;253;64;3;438;si;no
30;mujer;5;secundaria;rural;basico;876;1096;438;51;117;88;5;169;si;no
41;mujer;3;secundaria;rural;basico;523;313;20;30;102;62;7;287;no;si
25;mujer;3;primaria;rural;premium;78;1098;172;32;36;76;3;484;no;no
65;hombre;1;educacion superior;rural;basico;189;1978;73;60;291;50;4;367;no;si
62;mujer;2;secundaria;rural;medio;316;1108;1151;26;292;69;3;23;no;no
57;mujer;4;primaria;rural;medio;837;927;1094;21;277;98;5;410;no;si
79;hombre;5;primaria;rural;basico;958;1647;853;24;131;42;3;397;no;si
42;mujer;2;educacion superior;rural;basico;533;1968;906;22;146;6;6;223;si;no
24;mujer;3;secundaria;urbana;basico;197;216;892;43;276;23;8;96;no;si
39;hombre;1;primaria;rural;basico;352;493;146;39;53;46;4;133;no;si
26;mujer;3;primaria;urbana;medio;229;155;1157;31;81;110;5;111;no;no
46;mujer;5;educacion superior;rural;basico;273;1600;1305;13;14;75;7;244;no;no
48;mujer;4;educacion superior;urbana;basico;399;173;617;46;176;46;9;291;no;si
36;hombre;3;secundaria;rural;medio;57;692;411;60;120;19;4;394;no;no
63;mujer;2;secundaria;urbana;basico;785;709;807;24;70;23;9;159;no;si
37;mujer;1;secundaria;rural;basico;857;1033;326;47;153;49;1;161;no;no
69;mujer;4;primaria;rural;basico;822;1712;1449;8;280;33;3;208;no;no
60;mujer;1;secundaria;rural;premium;161;571;325;15;245;48;10;395;no;no
18;mujer;3;secundaria;urbana;basico;147;1567;655;35;108;118;8;83;no;si
47;hombre;5;primaria;rural;medio;287;1561;1066;4;82;83;0;460;no;no
55;mujer;4;primaria;rural;basico;210;1511;406;37;88;55;7;115;no;si
56;hombre;4;secundaria;urbana;basico;883;1305;195;45;60;67;10;263;no;si
22;mujer;1;primaria;rural;medio;479;35;225;57;138;102;4;374;no;si
44;hombre;3;primaria;urbana;basico;124;1898;657;54;124;42;7;85;no;no
41;hombre;3;secundaria;rural;premium;194;655;955;16;101;23;4;413;si;no
46;mujer;4;educacion superior;urbana;medio;567;1104;1239;20;112;68;6;384;no;si
61;mujer;6;educacion superior;urbana;basico;864;1010;1310;44;241;78;4;481;no;si
70;hombre;4;secundaria;urbana;premium;235;324;922;24;132;77;10;407;no;si
73;mujer;2;primaria;urbana;medio;611;1287;1399;58;73;92;4;388;si;no
55;mujer;1;educacion superior;rural;medio;597;76;17;37;263;84;10;306;no;si
26;hombre;3;educacion superior;urbana;medio;197;334;1265;45;202;28;8;417;si;no
19;mujer;4;educacion superior;rural;basico;860;1993;1176;6;168;26;0;61;no;no
26;mujer;4;secundaria;rural;premium;806;765;1494;23;271;63;7;79;no;no
27;mujer;5;secundaria;urbana;medio;453;1952;698;48;158;21;4;317;no;si
44;hombre;5;secundaria;rural;basico;52;1199;130;29;197;112;8;472;no;si
77;mujer;6;primaria;urbana;medio;625;1074;409;3;100;13;2;313;si;no
23;mujer;3;secundaria;rural;premium;24;79;1490;18;263;97;10;283;no;si
48;mujer;6;educacion superior;rural;medio;657;1609;1175;23;107;72;5;216;si;no
67;mujer;5;primaria;rural;premium;293;832;368;39;190;66;10;158;si;no
23;mujer;2;secundaria;urbana;basico;565;683;986;18;162;9;3;138;no;no
75;hombre;1;primaria;rural;medio;106;267;16;38;64;86;3;409;no;si
65;mujer;2;educacion superior;urbana;basico;372;603;402;33;105;39;6;279;si;no
22;hombre;2;primaria;urbana;premium;145;1272;286;12;155;18;3;424;no;no
36;mujer;3;secundaria;rural;premium;981;1270;759;44;71;51;3;178;no;no
42;mujer;6;secundaria;urbana;premium;666;730;537;54;201;104;3;180;si;no
43;hombre;5;primaria;rural;premium;576;455;648;50;212;72;10;287;no;si
23;mujer;2;educacion superior;urbana;premium;858;468;878;55;108;91;1;150;no;no
38;mujer;2;educacion superior;urbana;medio;399;66;1350;49;202;75;0;65;si;no
18;mujer;5;primaria;rural;medio;51;605;311;32;73;5;10;321;no;si
47;hombre;2;educacion superior;rural;premium;17;1182;315;40;225;32;2;148;no;no
58;hombre;4;educacion superior;rural;premium;315;1620;673;26;288;42;6;202;no;si
77;mujer;6;educacion superior;rural;premium;534;1533;1104;46;300;57;7;486;no;si
65;mujer;3;educacion superior;urbana;premium;710;953;1367;34;99;103;9;218;no;no
63;hombre;5;primaria;rural;medio;10;1605;1242;49;29;52;5;65;si;no
19;mujer;3;primaria;rural;basico;534;960;62;55;186;30;4;264;no;si
34;mujer;5;educacion superior;rural;medio;22;630;1102;52;294;112;3;451;si;no
76;mujer;1;secundaria;urbana;premium;746;398;1343;41;141;10;9;493;no;si
28;mujer;1;educacion superior;urbana;medio;998;1760;1011;46;199;48;8;203;no;si
27;hombre;5;primaria;rural;premium;356;1157;17;59;287;23;10;177;no;si
47;mujer;3;primaria;urbana;premium;674;1101;790;56;256;66;6;418;no;si
42;mujer;2;secundaria;rural;medio;109;1866;1279;25;287;100;9;166;no;si
48;hombre;2;secundaria;rural;medio;549;647;713;32;259;52;9;485;no;si
75;mujer;3;secundaria;rural;premium;850;549;794;13;101;70;1;494;no;no
38;mujer;2;primaria;rural;premium;186;1400;113;28;64;82;6;418;no;si
68;mujer;2;secundaria;rural;premium;906;1231;1277;51;236;30;5;421;no;si
40;hombre;3;primaria;rural;premium;659;436;1412;34;3;39;5;212;si;no
80;mujer;6;educacion superior;urbana;medio;646;702;566;25;141;89;3;420;no;si
78;mujer;1;primaria;urbana;basico;158;236;645;33;112;48;8;494;no;si
50;mujer;4;educacion superior;rural;basico;626;1256;42;39;208;68;10;201;no;si
70;hombre;3;educacion superior;rural;premium;536;1941;1483;41;98;41;7;132;no;no
72;mujer;5;primaria;rural;premium;252;804;749;50;71;100;4;216;no;si
67;hombre;3;educacion superior;urbana;medio;491;67;721;23;277;17;2;334;si;no
53;mujer;3;secundaria;rural;premium;706;36;549;17;81;30;8;372;si;no
62;mujer;1;secundaria;rural;premium;427;1411;428;49;265;91;6;469;no;si
33;mujer;5;primaria;rural;basico;329;918;68;53;220;37;6;421;no;si
70;mujer;6;secundaria;rural;medio;129;1143;1092;26;261;9;2;480;si;no
51;mujer;6;educacion superior;urbana;basico;121;1266;10;1;257;61;6;353;si;no
77;hombre;4;educacion superior;rural;premium;159;772;729;24;290;70;5;385;no;si
76;mujer;5;primaria;urbana;medio;462;740;1475;52;274;100;10;71;no;si
50;hombre;3;secundaria;rural;premium;263;609;1376;56;115;26;5;184;no;si
29;mujer;2;primaria;urbana;premium;509;513;758;44;146;44;7;290;no;si
31;hombre;6;secundaria;rural;basico;437;1783;402;1;200;73;1;13;si;no
64;hombre;2;educacion superior;urbana;medio;899;152;687;50;237;49;5;127;no;si
23;mujer;1;educacion superior;urbana;medio;936;1811;891;16;83;29;5;357;no;si
40;mujer;3;educacion superior;rural;basico;269;20;891;44;298;78;8;314;no;si
50;mujer;4;educacion superior;urbana;basico;102;260;119;52;205;72;3;276;no;si
66;mujer;5;educacion superior;urbana;premium;265;615;984;51;75;96;4;182;no;si
41;mujer;3;educacion superior;rural;medio;540;793;1293;49;252;55;3;290;no;no
50;hombre;5;primaria;rural;basico;858;212;1395;21;182;50;7;177;no;si
16;mujer;5;educacion superior;urbana;basico;329;376;98;16;215;37;4;391;no;no
54;mujer;3;primaria;urbana;premium;298;700;776;23;181;4;4;130;no;no
45;hombre;5;secundaria;urbana;premium;700;1929;1246;0;114;47;4;373;si;no
43;mujer;1;educacion superior;urbana;medio;115;711;378;12;207;47;3;348;no;no
69;mujer;6;primaria;rural;medio;46;1567;211;48;238;93;9;84;no;si
38;mujer;1;primaria;urbana;premium;936;1683;361;26;125;83;9;301;si;no
29;hombre;3;secundaria;urbana;medio;653;461;43;26;273;67;9;450;no;si
54;hombre;4;secundaria;urbana;basico;136;739;1344;20;211;103;1;140;no;no
21;mujer;5;educacion superior;rural;basico;561;775;23;3;282;47;1;256;no;no
63;mujer;5;secundaria;rural;basico;858;371;354;40;205;79;4;279;no;si
36;mujer;6;educacion superior;urbana;premium;599;111;850;10;17;87;7;338;si;no
76;mujer;6;primaria;rural;basico;360;854;502;7;236;9;0;361;no;no
30;mujer;1;primaria;urbana;basico;953;136;959;57;156;106;3;141;no;si
34;mujer;6;primaria;rural;premium;416;1984;1214;16;274;2;10;381;si;no
71;mujer;2;educacion superior;urbana;medio;110;799;1482;49;266;23;8;413;no;si
74;mujer;5;educacion superior;rural;basico;421;1254;89;21;257;43;7;70;no;si
31;hombre;4;secundaria;urbana;medio;501;1516;713;23;163;32;5;109;no;si
54;mujer;6;primaria;urbana;basico;998;1241;63;5;4;6;9;391;si;no
21;mujer;4;primaria;urbana;premium;510;967;1187;49;140;17;8;164;no;no
79;hombre;6;secundaria;rural;medio;787;1984;1496;47;210;71;6;341;no;si
76;hombre;5;educacion superior;urbana;basico;154;549;751;39;47;22;1;472;no;no
53;mujer;4;educacion superior;urbana;basico;628;881;158;54;174;95;7;199;no;si
26;hombre;1;primaria;rural;medio;885;1444;131;15;184;92;4;136;no;si
16;hombre;3;educacion superior;rural;medio;519;45;1484;59;107;64;7;171;no;si
79;mujer;6;primaria;urbana;medio;673;708;808;30;241;6;9;251;no;si
54;mujer;3;secundaria;urbana;basico;175;748;1481;18;192;31;8;259;no;no
20;mujer;6;educacion superior;urbana;basico;22;1669;694;33;51;4;6;163;no;si
61;mujer;2;educacion superior;urbana;basico;252;1237;499;31;91;58;4;249;no;si
80;hombre;2;educacion superior;urbana;premium;460;524;282;42;157;73;5;98;no;si
57;mujer;2;primaria;rural;premium;601;1495;801;26;128;47;7;337;no;si
23;mujer;4;primaria;urbana;medio;96;401;889;33;290;34;3;455;no;si
34;mujer;2;educacion superior;rural;premium;105;1323;581;40;238;68;8;425;no;si
60;hombre;3;secundaria;urbana;basico;177;1330;471;11;274;97;5;329;no;no
65;hombre;5;educacion superior;urbana;basico;281;1490;977;34;229;88;9;415;no;si
44;hombre;1;secundaria;rural;medio;242;951;20;40;56;38;0;489;no;no
29;mujer;1;educacion superior;rural;medio;83;671;1398;36;232;60;9;21;no;no
43;hombre;4;educacion superior;rural;basico;48;338;202;56;83;54;10;402;no;no
66;mujer;2;primaria;rural;premium;16;120;857;25;241;112;9;142;no;si
54;mujer;4;primaria;urbana;medio;829;408;1024;27;64;3;7;323;no;si
58;hombre;1;secundaria;rural;basico;378;707;1014;40;240;115;6;154;no;si
59;mujer;4;secundaria;rural;medio;123;1027;1465;0;131;97;0;234;si;no
51;mujer;1;educacion superior;rural;basico;666;534;71;53;249;102;6;178;no;si
18;hombre;3;secundaria;urbana;premium;964;1089;28;35;187;23;9;262;no;si
27;mujer;4;secundaria;urbana;premium;584;1379;1419;46;257;78;3;447;si;no
51;mujer;3;educacion superior;urbana;medio;175;591;832;31;284;61;10;159;no;si
62;mujer;3;primaria;rural;medio;410;707;1462;36;148;90;5;43;no;no
80;mujer;3;primaria;rural;premium;960;1716;7;1;61;14;7;397;no;no
78;mujer;6;primaria;rural;basico;210;727;498;15;272;111;3;362;no;si
55;hombre;5;educacion superior;urbana;basico;326;816;511;44;277;63;6;353;no;si
66;hombre;2;secundaria;rural;medio;102;270;723;28;140;82;9;59;no;si
28;hombre;4;secundaria;urbana;premium;21;1712;1317;38;179;11;7;258;no;si
68;mujer;2;educacion superior;rural;premium;11;1657;979;37;165;94;4;52;no;si
27;hombre;5;primaria;urbana;medio;872;1025;1387;51;284;24;4;128;no;si
28;hombre;3;secundaria;rural;medio;229;455;1159;7;181;80;3;483;si;no
61;mujer;6;primaria;urbana;medio;536;265;24;15;130;56;3;120;no;si
52;mujer;6;educacion superior;rural;premium;126;259;352;49;206;99;6;436;no;si
22;hombre;6;educacion superior;urbana;premium;47;273;882;50;175;29;6;487;no;si
29;mujer;5;educacion superior;rural;premium;192;1030;755;36;75;6;4;247;no;si
60;mujer;1;secundaria;urbana;basico;115;166;797;14;154;34;6;136;no;no
50;hombre;3;educacion superior;urbana;medio;881;1810;103;55;256;46;6;196;si;no
30;mujer;2;educacion superior;urbana;medio;762;825;1467;5;210;14;10;65;si;no
31;hombre;3;educacion superior;urbana;basico;657;1473;767;10;231;70;4;172;no;no
31;hombre;2;primaria;rural;basico;754;1916;120;20;136;62;5;292;no;si
34;mujer;5;educacion superior;urbana;basico;354;826;607;27;225;9;4;426;no;si
24;mujer;2;educacion superior;urbana;premium;590;1309;1290;60;198;33;7;10;no;no
35;mujer;3;educacion superior;rural;premium;576;686;1222;42;231;87;5;451;no;si
68;hombre;2;primaria;rural;premium;144;129;1343;56;296;13;7;89;no;no
78;mujer;4;educacion superior;urbana;premium;147;801;793;53;179;61;8;213;no;si
51;hombre;5;educacion superior;urbana;basico;260;1854;1098;60;258;88;5;478;si;no
69;mujer;5;educacion superior;urbana;medio;662;383;1466;12;182;28;5;34;no;no
60;hombre;4;educacion superior;rural;medio;674;965;535;23;275;68;4;497;no;si
45;hombre;1;educacion superior;urbana;medio;602;54;897;60;220;56;5;443;no;si
80;hombre;1;primaria;urbana;premium;519;1611;508;41;12;39;10;249;si;no
17;hombre;3;secundaria;rural;premium;402;1639;147;58;210;47;3;249;no;si
76;mujer;2;educacion superior;rural;basico;662;1146;635;45;136;59;6;269;si;no
36;hombre;3;educacion superior;rural;premium;495;386;1051;53;158;65;5;309;no;si
32;mujer;4;educacion superior;urbana;medio;227;496;615;29;24;49;6;470;no;no
77;mujer;5;secundaria;urbana;premium;255;992;1265;15;156;111;7;479;no;si
38;mujer;2;educacion superior;rural;medio;989;449;1480;52;30;114;1;244;si;no
41;mujer;4;primaria;urbana;medio;837;774;1265;50;72;23;1;37;no;no
37;mujer;6;educacion superior;rural;medio;915;201;1317;18;206;115;9;418;no;si
66;mujer;4;primaria;rural;premium;146;685;715;27;65;8;9;423;no;no
67;mujer;2;primaria;rural;medio;659;1948;104;27;92;29;6;161;no;si
53;mujer;2;educacion superior;urbana;basico;324;916;914;54;215;89;4;166;no;si
58;hombre;2;educacion superior;rural;medio;40;922;1235;36;255;29;4;233;no;si
59;hombre;1;educacion superior;urbana;premium;504;1139;1332;13;23;36;10;123;si;no
44;hombre;1;primaria;urbana;premium;54;377;1168;24;185;100;3;267;no;si
30;mujer;2;secundaria;rural;premium;921;1797;400;46;117;79;3;56;no;si
39;mujer;1;secundaria;urbana;medio;402;127;1361;60;32;97;9;215;si;no
44;mujer;1;primaria;urbana;basico;494;1455;552;19;90;80;4;413;no;si
29;mujer;2;secundaria;urbana;premium;410;1212;141;58;165;50;1;217;si;no
63;mujer;1;educacion superior;urbana;premium;277;259;633;17;279;60;8;169;si;no
68;mujer;3;primaria;rural;medio;474;1441;540;59;48;90;2;153;no;no
41;mujer;5;educacion superior;rural;medio;830;1493;155;44;163;6;5;400;no;si
52;hombre;2;primaria;rural;premium;405;1033;397;2;298;103;8;340;si;no
59;mujer;6;secundaria;urbana;basico;345;1355;1106;54;107;36;3;103;no;si
20;hombre;5;secundaria;urbana;basico;1000;112;271;25;254;36;3;441;no;si
36;hombre;6;secundaria;rural;basico;249;1305;142;41;68;61;8;464;si;no
26;mujer;3;secundaria;urbana;medio;484;218;316;29;86;107;4;471;no;no
67;mujer;1;educacion superior;rural;premium;934;343;1428;39;146;109;9;405;no;si
76;mujer;5;primaria;rural;premium;44;1567;552;37;112;69;0;153;no;no
62;hombre;4;educacion superior;rural;medio;663;1142;897;24;166;55;6;239;no;si
57;hombre;5;educacion superior;urbana;basico;210;1587;50;24;116;76;8;60;si;no
26;mujer;4;educacion superior;urbana;premium;113;1123;163;22;31;3;1;392;si;no
36;hombre;4;educacion superior;urbana;medio;720;240;768;54;221;28;2;299;no;no
67;mujer;3;primaria;urbana;basico;211;1407;634;55;51;64;9;281;no;si
38;mujer;1;primaria;urbana;premium;765;448;1241;13;263;85;4;358;si;no
51;hombre;4;primaria;urbana;medio;630;350;184;42;98;47;4;452;no;si
27;mujer;6;educacion superior;urbana;basico;17;1431;192;27;124;112;5;260;no;si
58;mujer;2;educacion superior;urbana;medio;112;628;123;19;161;36;7;26;no;no
31;hombre;4;secundaria;rural;basico;4;1383;728;16;84;33;6;295;no;no
75;mujer;2;educacion superior;urbana;basico;212;850;1007;39;54;39;8;430;no;si
17;hombre;6;educacion superior;rural;medio;425;680;866;27;105;71;6;184;si;no
60;mujer;4;secundaria;urbana;basico;173;586;368;18;149;17;8;190;no;si
19;mujer;3;primaria;rural;premium;393;108;1104;38;285;77;3;130;no;si
58;mujer;6;educacion superior;urbana;medio;997;1638;465;9;134;87;9;94;no;no
52;mujer;6;secundaria;urbana;basico;26;456;391;27;54;99;9;429;si;no
18;mujer;5;educacion superior;urbana;basico;532;167;1033;25;165;89;0;276;si;no
37;hombre;1;educacion superior;urbana;basico;177;1873;991;37;170;32;6;254;no;si
39;mujer;6;educacion superior;urbana;basico;306;1239;469;29;4;20;6;302;si;no
29;mujer;6;educacion superior;urbana;basico;185;1220;1292;31;132;62;7;385;no;no
59;hombre;5;secundaria;rural;premium;310;1732;596;15;242;68;8;193;no;no
25;mujer;1;secundaria;urbana;premium;528;847;627;46;57;112;8;474;no;si
30;mujer;3;secundaria;rural;medio;490;512;769;1;121;69;8;440;si;no
50;mujer;3;secundaria;rural;premium;972;1961;839;29;268;17;6;285;no;si
25;mujer;6;primaria;urbana;medio;572;1566;1418;55;249;4;10;226;no;si
67;mujer;6;secundaria;urbana;basico;28;1489;850;34;52;46;8;122;no;si
33;hombre;4;educacion superior;urbana;premium;561;193;504;54;280;10;10;427;no;no
47;hombre;6;secundaria;urbana;premium;253;1269;1154;22;67;92;7;256;no;si
59;mujer;6;secundaria;rural;basico;354;1047;1255;42;111;47;2;35;si;no
29;mujer;6;educacion superior;urbana;medio;948;192;1008;58;130;59;10;217;no;si
72;mujer;2;primaria;rural;basico;853;1369;149;9;300;37;7;485;no;no
56;mujer;6;educacion superior;urbana;basico;260;411;1334;17;119;27;10;75;si;no
33;mujer;5;educacion superior;rural;premium;105;1698;1125;53;38;115;5;415;si;no
75;hombre;4;secundaria;urbana;medio;535;1246;910;30;299;1;7;365;no;si
50;mujer;1;primaria;rural;medio;347;916;1236;28;230;59;5;266;si;no
64;mujer;6;secundaria;urbana;premium;74;355;997;13;229;68;3;16;si;no
53;mujer;2;primaria;urbana;basico;27;739;885;11;154;69;6;374;si;no
68;hombre;1;secundaria;urbana;premium;245;1873;1417;10;99;100;0;161;si;no
29;mujer;2;primaria;urbana;basico;909;960;827;44;95;67;0;442;no;no
28;mujer;6;primaria;rural;medio;235;980;666;42;278;71;5;288;no;si
31;mujer;5;educacion superior;rural;basico;648;1866;1203;56;82;56;9;360;no;si
34;mujer;4;primaria;rural;medio;939;1590;549;19;126;37;5;269;no;si
63;hombre;4;primaria;urbana;medio;281;1474;1400;28;32;56;3;458;si;no
34;mujer;5;secundaria;rural;premium;608;1581;1224;15;21;90;4;425;no;no
75;mujer;3;educacion superior;rural;premium;60;1584;124;19;170;61;1;86;no;no
18;hombre;1;educacion superior;rural;premium;743;1487;1260;43;246;65;4;447;no;si
47;hombre;2;secundaria;rural;medio;836;1366;402;3;214;42;3;55;si;no
22;mujer;5;primaria;urbana;basico;901;741;1193;23;226;44;5;372;no;si
16;mujer;1;primaria;rural;medio;734;1625;1275;49;285;7;9;325;no;si
51;mujer;1;primaria;rural;basico;497;326;697;6;238;108;1;29;no;no
69;mujer;4;secundaria;urbana;medio;344;1363;727;40;298;99;2;292;no;no
17;mujer;1;primaria;urbana;premium;167;1199;1213;56;3;53;8;165;no;no
60;mujer;6;primaria;rural;medio;251;1940;523;22;264;116;7;261;no;si
28;mujer;5;secundaria;rural;premium;640;699;278;37;179;79;10;84;no;si
38;mujer;6;secundaria;urbana;premium;534;1628;826;43;72;35;2;121;si;no
68;mujer;2;secundaria;urbana;basico;538;1944;1329;42;272;73;5;152;no;si
40;hombre;3;educacion superior;rural;premium;314;1793;1089;19;75;83;3;111;si;no
77;mujer;5;secundaria;urbana;medio;494;1240;1309;16;235;12;9;117;no;si
55;mujer;3;primaria;urbana;premium;839;89;411;29;83;117;10;189;no;si
32;mujer;5;primaria;urbana;medio;818;686;1128;25;193;8;6;486;no;si
21;hombre;2;secundaria;rural;premium;233;1517;475;57;188;46;1;289;si;no
23;hombre;3;educacion superior;urbana;medio;982;971;780;56;204;29;10;155;no;no
72;hombre;2;secundaria;urbana;premium;213;272;15;60;33;12;9;171;si;no
56;mujer;2;educacion superior;urbana;premium;502;915;532;27;90;31;9;371;no;si
78;hombre;2;secundaria;urbana;premium;158;414;1312;49;269;75;5;388;no;si
39;mujer;2;primaria;urbana;medio;628;142;1420;31;55;79;5;468;no;si
50;hombre;5;secundaria;urbana;medio;981;1190;1483;47;80;90;3;51;no;si
26;hombre;6;primaria;urbana;medio;230;504;1356;1;177;22;10;472;si;no
54;mujer;6;secundaria;urbana;premium;44;923;1465;24;22;111;3;318;no;no
79;hombre;5;secundaria;urbana;medio;777;1877;892;56;156;70;6;299;no;si
16;hombre;3;primaria;urbana;basico;546;878;1042;32;25;107;7;462;no;no
80;mujer;6;secundaria;rural;medio;268;583;12;60;277;8;5;347;no;no
39;hombre;5;secundaria;urbana;premium;765;1087;1077;41;122;102;0;269;no;no
64;mujer;2;secundaria;rural;basico;221;1865;1122;29;126;5;8;66;no;si
57;hombre;1;secundaria;urbana;basico;438;1061;1314;42;95;71;5;3;no;no
23;hombre;6;secundaria;rural;medio;183;1320;518;0;119;17;10;137;si;no
48;mujer;5;educacion superior;rural;medio;122;1658;999;18;278;90;9;189;si;no
77;mujer;5;secundaria;urbana;basico;218;879;261;50;127;41;4;142;no;si
45;hombre;6;educacion superior;urbana;basico;717;1011;626;48;60;2;5;220;no;si
35;hombre;5;primaria;urbana;premium;905;201;1455;55;109;71;6;495;no;si
28;hombre;4;primaria;urbana;premium;339;446;479;4;251;48;9;448;no;no
69;mujer;4;primaria;urbana;medio;808;1402;1425;31;152;97;6;390;no;si
50;hombre;4;primaria;urbana;basico;319;960;1335;9;195;45;0;248;no;no
76;mujer;5;educacion superior;urbana;medio;879;418;684;57;219;23;3;433;no;si
65;mujer;1;primaria;rural;premium;420;967;992;33;37;16;7;5;no;no
67;hombre;2;primaria;rural;medio;448;337;656;29;237;37;8;205;no;si
80;mujer;4;secundaria;rural;medio;527;894;255;36;278;100;9;370;no;si
16;hombre;3;secundaria;rural;premium;55;356;1320;33;214;109;5;236;no;si
34;hombre;2;secundaria;rural;basico;150;42;464;30;138;65;2;456;no;no
62;hombre;4;educacion superior;urbana;basico;108;1145;1019;19;203;16;10;105;no;si
66;hombre;2;primaria;rural;medio;752;1851;1246;21;203;36;9;141;no;si
70;hombre;4;educacion superior;urbana;basico;448;783;825;24;122;42;2;322;no;no
40;hombre;1;educacion superior;urbana;premium;876;800;785;58;109;78;7;380;no;no
26;mujer;3;primaria;urbana;basico;859;1258;552;41;123;1;9;137;no;si
26;mujer;1;secundaria;rural;premium;938;1384;385;38;210;63;8;162;no;si
46;mujer;2;primaria;urbana;basico;125;1862;1047;36;294;16;7;139;no;si
70;mujer;2;educacion superior;urbana;medio;254;440;748;22;173;97;4;303;no;si
42;mujer;5;educacion superior;rural;premium;563;28;1447;58;277;48;9;288;no;si
25;mujer;5;educacion superior;urbana;premium;958;908;1455;26;222;38;4;424;no;si
55;mujer;2;educacion superior;rural;basico;784;525;1372;35;60;110;3;76;no;no
47;hombre;2;primaria;rural;medio;959;1512;305;53;145;28;0;118;no;no
57;mujer;6;secundaria;rural;medio;221;1765;495;12;200;99;6;499;no;no
60;mujer;2;primaria;rural;basico;14;1114;887;16;131;99;3;468;no;no
45;hombre;2;educacion superior;urbana;premium;124;447;832;13;77;109;5;15;no;no
51;mujer;5;educacion superior;rural;medio;523;1694;1132;27;160;101;7;175;no;no
18;mujer;5;secundaria;rural;medio;41;307;994;27;219;69;5;317;no;si
56;mujer;4;primaria;urbana;medio;422;933;1336;34;265;107;8;417;no;no
58;hombre;5;secundaria;urbana;premium;341;285;1369;30;140;79;10;463;no;no
76;mujer;2;educacion superior;urbana;premium;989;1524;359;49;216;23;7;267;no;si
77;mujer;2;primaria;urbana;premium;487;1120;83;57;212;60;8;239;no;si
47;hombre;4;primaria;rural;premium;946;250;347;53;116;22;4;211;no;si
20;mujer;4;secundaria;rural;premium;117;1312;1120;49;216;10;1;349;no;no
72;mujer;3;educacion superior;urbana;basico;788;1634;1182;39;212;31;10;379;no;si
53;mujer;6;primaria;rural;premium;926;729;148;47;82;12;8;267;no;si
21;hombre;4;secundaria;urbana;premium;49;1850;841;57;36;49;9;373;si;no
30;hombre;5;educacion superior;rural;basico;318;1959;2;30;282;99;7;359;si;no
58;mujer;4;primaria;urbana;basico;23;987;898;19;117;57;5;91;no;no
33;hombre;3;primaria;urbana;medio;586;1640;434;47;142;110;4;109;si;no
20;mujer;6;secundaria;rural;basico;341;1681;696;19;221;92;2;395;no;no
66;hombre;2;educacion superior;urbana;medio;946;1055;1160;2;3;30;9;139;si;no
50;mujer;3;secundaria;rural;medio;385;1423;797;7;243;97;1;318;si;no
28;mujer;3;primaria;urbana;basico;498;968;1183;52;151;12;7;216;no;si
54;hombre;3;primaria;urbana;medio;162;1994;1301;20;163;44;8;267;no;si
47;mujer;3;primaria;rural;medio;725;63;598;31;20;48;7;12;si;no
19;hombre;4;educacion superior;urbana;basico;389;481;1500;55;293;24;5;272;no;si
43;hombre;2;educacion superior;rural;premium;930;1725;1202;15;243;72;7;236;no;no
61;hombre;5;primaria;urbana;medio;381;150;1093;34;193;35;1;314;si;no
29;hombre;3;primaria;rural;premium;695;1276;428;57;244;17;10;312;no;si
69;mujer;3;primaria;rural;basico;383;279;981;34;187;36;9;421;no;no
23;hombre;5;educacion superior;urbana;basico;371;911;705;34;182;41;8;248;no;si
42;mujer;4;educacion superior;urbana;basico;757;1486;554;9;179;6;6;352;no;no
24;mujer;4;primaria;urbana;medio;627;757;1473;20;188;67;9;295;no;si
26;mujer;1;educacion superior;rural;premium;918;1142;141;20;207;50;6;90;no;si
49;hombre;2;primaria;urbana;premium;427;136;236;44;282;22;10;289;no;si
25;mujer;6;educacion superior;urbana;basico;308;650;1140;9;28;98;10;336;no;no
22;hombre;2;primaria;urbana;basico;812;483;920;24;283;106;4;212;no;si
18;hombre;2;primaria;urbana;medio;468;1974;298;22;288;42;8;207;no;no
34;hombre;5;secundaria;urbana;basico;180;221;913;44;124;117;3;159;no;no
61;mujer;6;educacion superior;rural;basico;959;1235;179;54;228;12;5;362;no;si
65;hombre;6;secundaria;rural;basico;432;229;346;15;149;12;7;172;no;si
56;mujer;6;primaria;urbana;basico;637;581;265;33;150;117;8;350;no;si
62;mujer;5;secundaria;urbana;medio;478;1943;555;26;224;43;9;158;no;si
76;mujer;3;primaria;rural;medio;628;362;126;45;124;25;9;271;no;no
73;mujer;5;educacion superior;urbana;basico;699;571;11;18;191;113;5;303;no;si
36;mujer;1;secundaria;urbana;medio;96;1744;1109;27;288;26;9;298;no;si
52;mujer;6;educacion superior;urbana;premium;803;1565;919;36;298;83;9;494;no;si
25;hombre;6;educacion superior;urbana;medio;448;1552;1162;25;60;67;8;408;no;si
43;mujer;5;primaria;urbana;premium;375;818;753;8;13;31;6;225;si;no
43;mujer;4;secundaria;urbana;premium;901;573;341;42;154;31;6;82;no;si
48;hombre;1;secundaria;urbana;premium;698;323;163;17;74;61;5;465;no;si
67;mujer;1;secundaria;urbana;premium;109;510;1470;60;178;63;5;196;no;no
69;mujer;2;secundaria;rural;basico;408;1700;578;56;298;45;10;340;no;si
41;mujer;2;secundaria;rural;premium;605;774;833;1;288;112;9;318;no;no
34;mujer;3;educacion superior;urbana;premium;144;1503;1025;60;291;75;4;448;no;si
33;mujer;4;primaria;rural;basico;765;1526;817;46;64;83;3;173;no;si
26;hombre;5;educacion superior;urbana;basico;319;1811;1262;1;1;114;8;69;si;no
71;mujer;6;secundaria;rural;premium;688;1130;82;25;207;37;6;226;no;si
80;mujer;3;educacion superior;rural;basico;714;783;1333;20;72;37;6;296;no;no
70;mujer;1;secundaria;rural;basico;906;1155;1134;20;169;67;5;186;no;si
63;mujer;2;secundaria;urbana;basico;316;254;1491;35;218;57;0;45;si;no
77;mujer;2;secundaria;rural;medio;177;1767;295;9;204;108;1;91;no;no
61;hombre;1;secundaria;urbana;medio;856;831;1322;42;152;110;9;87;no;si
44;mujer;4;primaria;urbana;medio;20;1164;1280;13;251;67;9;234;no;no
47;hombre;6;secundaria;rural;medio;636;12;1288;25;114;80;5;398;no;si
25;mujer;2;educacion superior;urbana;premium;78;1226;1415;26;57;4;3;245;si;no
54;mujer;6;secundaria;urbana;basico;947;1525;781;22;187;101;6;177;no;no
51;mujer;4;secundaria;rural;basico;648;666;514;33;82;14;5;416;no;no
71;mujer;4;primaria;rural;medio;785;177;1283;48;47;83;7;51;si;no
41;hombre;1;secundaria;rural;medio;18;484;1346;42;216;118;5;144;no;no
54;hombre;4;primaria;urbana;medio;111;87;1149;25;160;10;8;454;no;si
23;hombre;3;primaria;rural;premium;607;1678;1008;43;247;71;6;417;no;si
58;mujer;2;educacion superior;urbana;basico;309;1925;1332;57;150;106;6;173;no;si
45;mujer;2;educacion superior;rural;premium;559;52;1264;39;88;36;4;150;no;si
45;mujer;5;secundaria;urbana;basico;282;1195;259;4;143;44;2;263;no;no
68;mujer;2;educacion superior;rural;premium;856;1240;541;35;256;61;5;468;no;no
70;mujer;5;educacion superior;urbana;basico;6;795;480;16;211;24;5;360;no;no
49;mujer;6;primaria;urbana;basico;209;245;626;11;163;105;6;180;no;no
48;hombre;2;educacion superior;rural;medio;988;589;1237;57;94;118;7;429;no;no
80;hombre;6;educacion superior;urbana;premium;300;825;683;41;228;112;10;445;si;no
41;mujer;3;primaria;urbana;premium;61;84;370;42;139;65;9;381;no;si
23;mujer;1;secundaria;urbana;medio;520;1729;560;48;108;103;4;391;no;si
23;mujer;5;primaria;urbana;basico;354;1742;595;38;176;90;6;377;no;no
27;mujer;4;secundaria;urbana;basico;758;490;328;57;191;58;5;218;no;si
52;mujer;2;secundaria;urbana;premium;962;1402;892;24;277;85;9;312;no;si
61;mujer;5;primaria;urbana;premium;823;160;1300;29;77;98;4;433;no;si
59;mujer;6;secundaria;urbana;premium;880;1976;451;28;192;60;0;230;no;no
24;hombre;1;secundaria;rural;medio;347;555;321;37;159;9;4;251;no;no
59;hombre;5;primaria;urbana;basico;664;1316;770;24;256;4;3;172;no;si
28;mujer;4;secundaria;rural;medio;306;585;1144;54;257;15;2;497;si;no
49;mujer;4;primaria;urbana;medio;905;523;1354;59;80;63;6;281;no;si
66;mujer;5;educacion superior;urbana;medio;128;587;299;16;58;30;2;245;no;no
76;hombre;2;educacion superior;urbana;medio;918;1775;1309;4;141;61;9;441;no;no
55;mujer;6;educacion superior;rural;premium;710;1853;1106;26;275;12;4;151;no;si
53;hombre;1;educacion superior;rural;basico;220;1919;821;1;263;45;2;74;no;no
52;hombre;5;educacion superior;urbana;basico;87;667;220;35;179;72;4;157;no;no
52;mujer;6;secundaria;urbana;premium;986;1203;453;25;62;92;0;176;si;no
20;mujer;2;educacion superior;rural;premium;280;768;1239;44;55;92;3;24;no;no
16;mujer;2;educacion superior;rural;premium;170;732;1140;48;134;46;5;265;no;si
25;mujer;1;secundaria;urbana;premium;461;455;1096;19;109;107;3;73;no;si
53;hombre;2;primaria;urbana;premium;240;1820;475;45;117;25;10;341;no;si
79;mujer;3;primaria;urbana;medio;367;1990;1217;35;112;20;6;163;no;si
61;mujer;6;educacion superior;urbana;premium;190;1072;1035;19;94;25;6;167;no;si
16;mujer;4;secundaria;rural;premium;371;480;1054;10;289;110;10;381;no;no
35;mujer;1;secundaria;urbana;medio;207;1155;224;38;35;5;0;25;no;no
18;mujer;6;secundaria;urbana;medio;98;1760;83;17;196;64;3;332;no;si
69;mujer;6;secundaria;rural;basico;427;335;82;47;88;88;2;152;no;no
30;mujer;4;secundaria;urbana;medio;436;1195;1368;19;185;67;10;398;no;si
53;mujer;6;primaria;urbana;medio;405;333;296;59;178;1;3;278;no;si
23;mujer;2;primaria;urbana;premium;772;936;1450;21;208;83;6;484;no;si
76;hombre;4;educacion superior;urbana;medio;169;365;1075;42;213;102;1;170;si;no
28;mujer;5;secundaria;urbana;basico;423;1451;39;37;9;116;8;288;si;no
58;mujer;3;educacion superior;rural;premium;627;1983;444;60;199;108;9;353;no;si
20;hombre;1;educacion superior;urbana;premium;912;203;755;15;250;44;2;445;si;no
43;mujer;4;educacion superior;rural;medio;750;464;735;7;22;73;2;452;no;no
57;mujer;4;primaria;urbana;medio;69;401;1150;30;94;96;9;56;no;si
61;mujer;6;primaria;urbana;medio;398;1399;1410;43;245;76;3;302;no;si
53;mujer;6;educacion superior;urbana;medio;785;1912;1294;34;295;30;4;451;no;si
76;hombre;5;educacion superior;urbana;premium;259;761;1413;43;80;81;10;424;no;si
19;mujer;3;primaria;rural;medio;926;824;108;38;14;95;2;324;no;no
42;mujer;3;secundaria;rural;premium;501;1179;1204;38;265;29;6;331;si;no
76;hombre;5;secundaria;urbana;premium;948;205;497;40;171;49;1;284;si;no
80;hombre;6;secundaria;rural;premium;690;301;867;1;111;22;2;464;no;no
45;mujer;5;primaria;urbana;basico;774;436;271;58;224;43;10;261;no;si
36;mujer;3;educacion superior;urbana;basico;421;1253;0;20;232;79;4;279;no;si
46;hombre;2;primaria;urbana;basico;807;1633;409;50;50;109;5;486;no;no
20;mujer;4;primaria;rural;medio;947;365;757;54;244;29;8;136;no;no
73;hombre;3;educacion superior;urbana;basico;234;257;191;1;89;71;9;153;si;no
29;mujer;2;secundaria;rural;basico;272;1949;1390;31;167;13;0;276;si;no
51;hombre;3;secundaria;urbana;premium;243;1961;520;54;21;116;0;33;si;no
66;hombre;1;educacion superior;rural;medio;7;49;1210;18;266;110;9;214;no;si
55;mujer;1;primaria;urbana;basico;704;1334;1099;59;276;120;7;500;no;si
27;mujer;3;educacion superior;urbana;medio;150;1004;221;19;271;14;5;162;no;no
79;hombre;3;educacion superior;urbana;premium;178;1473;1195;60;214;106;8;239;no;si
41;hombre;4;educacion superior;urbana;medio;296;92;1079;60;191;47;8;19;si;no
76;mujer;4;primaria;urbana;basico;556;1222;1437;38;159;29;8;313;no;si
51;hombre;2;secundaria;rural;medio;368;1626;996;41;93;40;3;315;no;si
76;mujer;1;secundaria;rural;basico;760;1522;1179;55;57;6;5;271;no;si
48;mujer;1;educacion superior;urbana;premium;609;1919;652;10;291;58;0;36;si;no
53;hombre;4;secundaria;urbana;basico;777;1253;31;47;226;90;10;373;no;si
74;mujer;4;secundaria;rural;premium;954;891;825;53;300;92;1;64;no;no
26;hombre;3;educacion superior;urbana;basico;900;1959;1148;31;132;98;7;167;no;si
49;mujer;6;secundaria;rural;basico;352;552;1162;43;226;38;9;393;no;si
58;mujer;3;educacion superior;urbana;basico;391;848;368;33;299;118;6;433;no;si
41;hombre;2;primaria;urbana;premium;343;1870;1348;41;192;73;8;142;si;no
53;mujer;2;educacion superior;rural;premium;1000;289;1207;18;274;114;2;310;no;no
27;hombre;6;secundaria;urbana;medio;96;1226;1109;12;247;11;2;75;si;no
39;hombre;1;primaria;rural;basico;174;1312;951;45;226;108;10;182;no;si
41;hombre;6;primaria;urbana;medio;62;1463;341;51;11;29;7;58;si;no
31;mujer;3;educacion superior;rural;medio;207;215;770;60;154;44;10;394;no;si
43;hombre;1;educacion superior;urbana;premium;484;946;185;28;208;33;7;49;no;no
69;hombre;2;secundaria;rural;premium;357;129;759;46;51;113;10;200;no;si
50;mujer;4;secundaria;rural;basico;481;395;163;0;67;110;2;335;no;no
71;mujer;6;secundaria;rural;basico;665;744;1177;48;164;42;8;301;no;si
16;mujer;2;educacion superior;rural;basico;665;1428;645;40;129;104;7;305;no;si
43;mujer;2;primaria;rural;medio;420;732;136;5;282;38;6;189;si;no
68;mujer;1;primaria;urbana;premium;432;1842;1366;56;291;93;3;66;no;si
16;mujer;1;primaria;rural;basico;768;1780;946;60;196;76;7;393;no;si
80;hombre;6;educacion superior;rural;premium;242;407;729;12;137;82;10;128;si;no
66;hombre;2;secundaria;urbana;basico;230;234;1475;19;124;55;0;330;no;no
54;hombre;6;educacion superior;urbana;basico;387;1409;1097;39;97;3;4;106;no;si
74;mujer;2;primaria;urbana;basico;423;259;255;32;274;20;10;287;no;si
38;hombre;5;secundaria;urbana;medio;40;899;1335;53;186;47;3;398;no;no
60;hombre;6;educacion superior;rural;medio;288;488;306;53;288;94;6;200;no;si
34;mujer;1;secundaria;rural;basico;28;1040;1056;57;139;15;2;366;si;no
29;hombre;4;secundaria;rural;basico;527;1256;937;55;178;98;7;201;no;si
39;hombre;4;secundaria;rural;medio;241;1268;302;12;264;79;8;262;si;no
50;hombre;6;secundaria;rural;premium;639;1776;796;16;136;102;10;112;no;si
44;mujer;5;secundaria;urbana;premium;764;1971;929;49;273;55;4;302;no;si
80;mujer;6;educacion superior;rural;premium;397;296;781;46;284;61;3;101;no;no
18;mujer;4;primaria;rural;medio;545;965;855;15;211;119;8;143;no;si
37;mujer;2;educacion superior;rural;basico;909;1554;146;60;3;112;1;89;si;no
25;hombre;3;primaria;urbana;medio;421;1083;528;51;67;120;3;209;no;si
61;mujer;4;primaria;urbana;medio;29;1821;894;49;114;6;5;331;no;si
66;mujer;6;primaria;urbana;premium;25;336;897;4;184;67;5;294;si;no
20;mujer;5;secundaria;urbana;premium;443;679;565;14;50;66;6;131;no;no
60;mujer;2;primaria;rural;basico;957;372;48;50;127;99;7;352;no;si
28;mujer;5;educacion superior;rural;basico;108;263;1242;23;148;111;9;389;no;si
42;hombre;5;primaria;rural;medio;315;1842;1237;38;187;112;7;426;no;no
76;mujer;1;secundaria;urbana;medio;994;111;741;52;284;89;3;249;no;si
17;mujer;4;educacion superior;rural;medio;752;53;1112;15;32;111;6;4;no;no
30;mujer;3;secundaria;rural;basico;528;1137;1171;36;290;104;0;49;no;no
32;mujer;6;secundaria;rural;medio;560;447;1282;28;235;48;4;270;no;no
75;hombre;2;primaria;urbana;premium;831;385;856;48;219;77;9;435;no;si
48;hombre;5;educacion superior;urbana;basico;170;940;1008;29;167;5;0;54;si;no
61;hombre;6;educacion superior;rural;basico;487;1012;1226;35;91;7;7;129;si;no
72;hombre;3;secundaria;rural;medio;394;924;1108;20;66;28;3;255;no;si
54;hombre;3;secundaria;urbana;premium;165;1178;1430;55;249;59;6;260;no;si
40;mujer;4;educacion superior;rural;premium;782;1957;266;57;250;47;8;52;no;si
22;hombre;1;primaria;rural;premium;817;1483;738;23;34;104;7;327;si;no
58;hombre;3;primaria;urbana;basico;95;266;46;47;43;61;10;363;si;no
31;mujer;3;primaria;rural;basico;955;339;1355;39;128;49;3;224;no;si
44;mujer;3;educacion superior;urbana;basico;552;1004;893;44;94;1;3;406;no;si
31;mujer;1;primaria;urbana;medio;649;214;1091;51;184;97;7;201;no;si
41;mujer;3;primaria;rural;medio;519;877;1010;38;71;112;4;499;no;si
72;mujer;5;primaria;urbana;medio;768;266;66;42;287;52;7;380;no;si
65;hombre;5;educacion superior;urbana;medio;944;914;853;4;73;104;8;486;si;no
42;hombre;1;secundaria;urbana;basico;679;83;579;32;119;86;3;135;no;si
80;hombre;6;educacion superior;rural;basico;802;1099;915;49;121;30;8;295;no;no
50;hombre;4;educacion superior;rural;basico;667;1960;645;21;250;64;3;138;no;si
16;mujer;4;secundaria;urbana;medio;858;596;35;34;297;77;3;168;no;si
54;hombre;5;secundaria;rural;medio;499;1057;747;55;216;67;4;421;no;si
51;mujer;6;educacion superior;rural;basico;551;1593;583;58;86;114;0;201;si;no
71;mujer;1;secundaria;urbana;premium;645;1340;186;50;296;48;10;168;si;no
24;hombre;1;primaria;urbana;medio;768;694;764;0;168;92;0;233;si;no
25;mujer;6;educacion superior;rural;premium;790;1220;554;36;228;31;9;285;no;si
80;hombre;6;educacion superior;urbana;premium;528;1430;143;47;52;62;8;415;no;no
16;mujer;1;secundaria;urbana;medio;311;1323;837;57;296;94;9;287;no;si
27;hombre;6;educacion superior;rural;basico;961;1756;928;37;238;87;10;366;no;si
58;mujer;1;secundaria;urbana;premium;399;1277;534;32;147;118;6;148;si;no
59;mujer;5;secundaria;rural;premium;698;1515;425;48;5;76;0;201;si;no
66;mujer;3;educacion superior;urbana;medio;517;931;22;58;121;18;6;83;si;no
38;hombre;3;primaria;urbana;basico;190;575;773;16;179;73;2;93;si;no
72;hombre;4;secundaria;rural;premium;955;1505;329;1;41;74;8;204;si;no
51;mujer;5;primaria;rural;basico;832;389;875;38;180;74;7;409;no;si
80;mujer;2;educacion superior;rural;medio;791;1761;771;36;189;64;6;92;no;no
76;mujer;2;secundaria;urbana;basico;470;1784;260;42;159;27;6;482;no;si
18;mujer;2;primaria;rural;medio;26;1597;1208;32;76;50;9;234;no;si
16;mujer;3;secundaria;rural;premium;845;952;1340;55;245;116;5;311;no;si
16;mujer;1;educacion superior;urbana;premium;797;1626;287;25;46;93;7;70;si;no
38;mujer;5;secundaria;urbana;premium;97;1006;136;46;228;12;6;288;no;si
59;mujer;1;secundaria;urbana;medio;509;1195;433;4;187;49;8;324;no;no
51;mujer;6;primaria;rural;basico;240;1327;211;26;190;62;6;151;no;si
25;mujer;5;educacion superior;rural;premium;68;1397;963;32;242;63;3;108;no;si
22;hombre;2;primaria;rural;medio;680;413;1300;23;116;74;5;175;no;no
58;mujer;2;secundaria;rural;premium;928;1949;1387;53;142;52;0;463;no;no
52;mujer;3;primaria;urbana;basico;372;861;1003;51;50;3;3;0;no;no
23;hombre;3;educacion superior;rural;medio;869;1910;1088;54;211;10;3;368;no;no
72;mujer;2;primaria;rural;premium;539;1405;836;22;123;30;4;183;no;si
66;mujer;2;primaria;rural;medio;812;978;243;6;36;118;6;146;no;no
63;hombre;5;educacion superior;rural;basico;834;1243;1155;14;233;71;5;243;si;no
76;hombre;5;primaria;rural;medio;791;826;1356;51;207;73;8;292;no;si
25;mujer;6;primaria;urbana;basico;745;1791;1370;31;247;49;4;92;no;si
72;hombre;5;educacion superior;urbana;premium;858;1671;1447;2;130;90;0;172;si;no
16;hombre;3;educacion superior;urbana;premium;565;390;1331;6;121;53;9;235;si;no
19;mujer;2;primaria;rural;medio;50;781;3;38;286;61;2;211;no;no
80;mujer;5;secundaria;urbana;medio;962;1555;790;20;197;109;9;184;no;no
29;hombre;4;educacion superior;rural;medio;236;1656;541;15;127;74;9;76;si;no
33;mujer;3;educacion superior;rural;medio;978;1702;62;27;154;119;10;142;no;si
43;mujer;1;primaria;rural;premium;84;1061;895;41;195;83;7;139;no;si
41;hombre;3;secundaria;rural;premium;104;1741;1268;31;143;106;8;59;no;si
52;mujer;1;educacion superior;urbana;basico;221;1725;1468;36;83;43;8;384;no;si
44;mujer;2;educacion superior;rural;basico;128;449;944;10;211;5;1;33;no;no
21;hombre;4;secundaria;rural;basico;614;1066;601;41;196;23;6;86;no;si
24;hombre;5;primaria;rural;premium;667;751;613;44;235;63;0;279;no;no
38;mujer;4;primaria;rural;medio;450;609;436;33;122;36;4;168;no;si
28;hombre;3;secundaria;rural;medio;457;532;931;60;147;120;7;441;no;si
43;mujer;6;primaria;urbana;basico;333;1658;978;29;293;70;10;493;no;si
79;hombre;3;primaria;rural;premium;203;949;795;24;112;37;7;272;no;si
45;hombre;4;secundaria;urbana;basico;55;756;987;8;258;17;1;144;no;no
40;mujer;5;secundaria;urbana;medio;847;514;855;60;125;118;6;325;no;si
18;mujer;2;secundaria;urbana;medio;322;1815;828;7;153;114;10;33;si;no
72;hombre;6;secundaria;rural;basico;106;282;1016;29;154;10;10;266;no;si
31;mujer;2;secundaria;rural;premium;371;236;705;34;274;37;8;329;no;no
52;hombre;4;secundaria;urbana;medio;916;257;393;57;111;96;4;247;no;si
50;mujer;1;primaria;urbana;basico;103;479;298;46;196;32;8;259;no;no
44;mujer;3;educacion superior;urbana;medio;33;407;549;33;152;17;4;345;no;si
60;mujer;3;primaria;rural;basico;789;938;603;23;101;83;8;279;no;si
76;mujer;4;primaria;urbana;medio;533;930;79;53;245;9;4;94;no;si
76;mujer;4;secundaria;urbana;basico;695;1321;423;21;218;13;10;65;no;si
80;mujer;6;educacion superior;rural;medio;846;982;664;44;134;23;4;147;no;no
80;mujer;1;secundaria;rural;premium;473;318;1023;19;136;78;10;53;no;si
41;mujer;4;primaria;urbana;premium;227;765;537;24;52;114;4;459;no;si
52;hombre;3;educacion superior;urbana;premium;171;818;892;60;95;3;9;47;no;no
63;mujer;4;primaria;urbana;premium;566;256;1168;36;273;77;8;101;no;si
58;mujer;6;educacion superior;urbana;basico;22;416;125;49;251;45;1;39;si;no
62;mujer;1;educacion superior;rural;premium;953;1472;1404;52;296;49;7;377;si;no
37;mujer;2;educacion superior;urbana;premium;92;1162;927;34;158;109;8;401;no;si
34;mujer;5;secundaria;rural;premium;582;359;1424;48;96;120;6;150;no;si
66;mujer;4;secundaria;urbana;medio;945;1519;461;24;247;6;4;109;no;si
50;mujer;5;secundaria;urbana;premium;830;676;422;57;143;72;6;123;no;si
51;mujer;1;primaria;urbana;medio;776;1295;557;4;130;16;7;473;si;no
44;hombre;6;educacion superior;rural;premium;559;477;739;60;90;23;6;76;no;si
23;mujer;1;primaria;rural;basico;195;1786;989;38;279;68;6;183;no;no
33;mujer;1;primaria;rural;medio;395;1552;1309;50;230;72;2;214;no;no
32;hombre;6;educacion superior;rural;medio;609;771;1207;53;206;61;7;234;no;si
40;hombre;3;secundaria;rural;premium;179;515;646;51;64;120;3;54;si;no
24;mujer;2;secundaria;urbana;basico;601;1820;21;21;123;89;8;458;no;no
62;mujer;4;primaria;rural;medio;280;1711;200;35;246;72;4;238;no;si
70;hombre;6;educacion superior;rural;medio;789;1416;1294;59;210;88;7;384;si;no
37;mujer;6;secundaria;urbana;premium;225;1410;1416;57;277;36;5;333;si;no
79;mujer;1;educacion superior;rural;medio;830;1251;332;39;222;118;6;476;no;si
34;mujer;6;primaria;rural;basico;245;1124;1322;39;28;42;8;392;si;no
16;mujer;2;secundaria;urbana;basico;899;1076;389;58;280;3;3;156;no;si
78;mujer;5;secundaria;rural;medio;561;891;1041;23;128;64;6;58;no;si
39;mujer;2;primaria;rural;premium;253;1989;920;2;206;71;4;334;si;no
23;mujer;2;primaria;rural;premium;110;1190;76;37;137;71;8;357;no;si
59;mujer;5;secundaria;rural;basico;507;171;305;3;32;10;4;182;si;no
17;hombre;2;educacion superior;urbana;medio;912;1668;355;47;285;94;7;327;no;si
56;hombre;1;primaria;urbana;basico;926;1557;799;49;276;98;10;326;no;no
16;hombre;2;primaria;rural;medio;767;1176;792;44;40;13;7;394;no;no
77;mujer;1;secundaria;rural;basico;801;896;403;10;58;64;6;235;no;no
47;mujer;4;primaria;rural;premium;304;396;517;8;240;85;2;80;si;no
33;hombre;6;secundaria;urbana;premium;640;1567;984;9;31;95;1;243;si;no
65;hombre;4;educacion superior;rural;medio;734;499;488;23;57;26;2;219;no;no
70;hombre;2;primaria;rural;premium;739;1695;1352;22;27;51;5;194;no;no
23;mujer;1;primaria;rural;basico;58;1780;960;6;175;38;4;338;si;no
61;mujer;5;primaria;rural;basico;307;1355;26;30;150;28;9;264;no;no
56;mujer;3;secundaria;rural;premium;55;1841;450;58;126;63;10;160;no;si
78;hombre;2;secundaria;urbana;basico;492;1711;966;27;157;35;3;401;no;si
24;mujer;2;educacion superior;rural;medio;561;418;824;55;165;30;2;395;si;no
76;mujer;6;secundaria;rural;basico;490;1973;1439;60;212;30;6;374;no;si
17;mujer;2;secundaria;urbana;premium;444;730;1162;59;163;82;7;279;no;si
51;mujer;6;secundaria;urbana;medio;865;725;1057;52;215;99;9;211;no;si
42;mujer;5;educacion superior;urbana;premium;205;572;1051;36;201;2;8;270;no;si
65;mujer;2;educacion superior;urbana;medio;804;571;729;45;285;34;0;40;si;no
23;hombre;6;educacion superior;rural;basico;159;1280;469;44;272;63;10;280;no;si
70;mujer;4;educacion superior;urbana;basico;686;1190;1326;47;66;26;3;252;si;no
43;hombre;4;primaria;rural;basico;121;1464;1010;32;241;56;8;52;no;no
38;hombre;2;primaria;rural;basico;757;140;348;9;152;58;2;464;si;no
78;mujer;6;primaria;urbana;basico;243;37;166;57;214;84;7;1;no;no
23;mujer;6;primaria;urbana;basico;279;1712;701;32;77;72;1;315;si;no
37;hombre;2;secundaria;rural;premium;405;1156;576;54;297;48;5;232;no;si
23;mujer;3;secundaria;rural;basico;606;1620;341;15;277;41;4;490;si;no
75;hombre;4;educacion superior;urbana;premium;723;235;776;49;300;25;10;255;no;no
72;mujer;5;educacion superior;urbana;medio;468;891;1149;21;159;105;4;223;no;si
26;mujer;1;primaria;urbana;medio;901;727;1006;52;232;84;7;337;no;si
35;mujer;6;educacion superior;rural;medio;610;1928;315;47;64;20;3;461;no;si
66;mujer;4;secundaria;rural;basico;929;143;635;44;95;19;9;55;si;no
40;mujer;4;secundaria;urbana;basico;827;1248;788;35;246;15;4;137;no;si
42;mujer;5;secundaria;rural;medio;672;1294;136;39;228;10;7;25;si;no
57;mujer;2;educacion superior;rural;premium;216;885;1483;37;109;48;4;395;no;si
43;hombre;1;educacion superior;urbana;medio;345;910;677;22;88;88;4;369;no;si
64;mujer;4;educacion superior;urbana;premium;19;4;930;24;62;96;3;459;no;si
59;mujer;6;secundaria;urbana;medio;339;191;145;58;81;97;10;46;si;no
31;hombre;6;secundaria;urbana;basico;210;150;533;15;56;77;3;173;no;si
16;mujer;2;educacion superior;urbana;premium;214;281;637;36;257;30;9;209;no;si
71;hombre;5;primaria;rural;premium;101;797;289;59;108;108;6;61;si;no
55;mujer;3;educacion superior;rural;medio;289;1099;306;17;126;43;3;115;no;si
44;hombre;5;secundaria;urbana;basico;842;367;271;58;263;19;10;480;no;si
55;mujer;6;secundaria;urbana;premium;786;1749;263;24;173;79;0;397;si;no
17;mujer;1;secundaria;rural;premium;891;1121;121;17;135;104;1;302;no;no
20;mujer;5;secundaria;urbana;premium;924;1554;1476;54;251;82;9;157;si;no
51;hombre;5;secundaria;rural;basico;963;1911;614;33;228;47;4;160;no;si
53;hombre;6;educacion superior;rural;basico;746;300;240;58;123;115;3;97;no;si
27;mujer;6;secundaria;rural;basico;183;1296;239;55;177;76;1;366;si;no
72;mujer;2;educacion superior;rural;basico;262;825;533;54;298;114;5;186;no;si
51;hombre;3;educacion superior;rural;basico;213;1519;1471;18;146;80;8;94;no;si
38;mujer;1;educacion superior;urbana;premium;95;1744;905;56;110;87;8;464;si;no
24;hombre;1;primaria;rural;basico;436;1033;733;0;10;39;10;98;si;no
19;hombre;3;primaria;rural;medio;292;297;1086;31;0;33;2;81;no;no
45;hombre;3;secundaria;rural;medio;449;438;720;45;136;63;2;328;si;no
22;mujer;4;educacion superior;urbana;basico;758;1175;853;15;194;4;5;235;no;si
78;hombre;6;secundaria;rural;basico;136;1309;38;10;0;53;10;127;no;no
51;mujer;1;secundaria;urbana;medio;871;581;1360;57;284;11;3;238;no;si
21;mujer;4;educacion superior;rural;premium;455;680;1193;19;274;65;4;112;no;si
29;mujer;3;secundaria;urbana;basico;502;1027;1414;25;196;40;7;264;no;si
17;mujer;2;educacion superior;rural;basico;124;1137;308;21;68;41;9;248;no;si
69;hombre;6;educacion superior;rural;basico;593;926;286;30;241;21;5;305;no;si
21;hombre;6;primaria;rural;basico;205;1804;4;39;219;51;1;33;si;no
75;mujer;5;secundaria;rural;basico;616;366;1105;21;178;18;7;222;no;si
68;hombre;1;secundaria;urbana;premium;509;126;932;50;203;60;4;466;no;si
80;mujer;4;secundaria;urbana;premium;199;599;848;34;76;14;8;319;no;si
45;mujer;6;secundaria;urbana;basico;209;922;568;20;250;109;5;193;no;no
77;hombre;3;primaria;urbana;medio;559;260;20;53;218;1;7;334;no;si
75;hombre;1;educacion superior;rural;basico;886;1375;579;41;171;76;9;250;no;si
59;mujer;5;secundaria;urbana;basico;448;531;730;28;70;107;8;145;no;si
71;hombre;4;secundaria;rural;medio;329;27;790;60;162;27;3;315;no;si
37;hombre;1;secundaria;urbana;medio;179;728;576;51;108;10;8;467;no;si
38;mujer;5;secundaria;urbana;premium;648;1761;1398;55;191;38;7;270;no;si
37;mujer;3;secundaria;urbana;medio;131;1269;963;4;213;114;3;32;si;no
80;hombre;1;primaria;rural;basico;358;1689;54;2;43;25;1;479;si;no
37;hombre;3;primaria;rural;medio;404;1674;129;42;110;74;4;226;si;no
42;mujer;2;educacion superior;rural;medio;327;1837;1137;7;96;23;3;198;no;no
63;mujer;1;educacion superior;urbana;premium;870;890;852;27;200;54;10;110;no;si
34;mujer;4;primaria;urbana;premium;89;1395;367;26;265;6;9;437;no;si
64;mujer;2;educacion superior;urbana;premium;606;1619;107;48;295;86;3;500;no;no
31;hombre;3;educacion superior;urbana;premium;654;531;661;10;150;106;2;479;si;no
16;hombre;5;educacion superior;urbana;basico;936;3;209;28;101;63;10;474;no;si
19;mujer;1;secundaria;rural;basico;790;10;545;29;149;98;9;55;no;si
16;mujer;2;educacion superior;rural;basico;553;567;174;53;185;115;10;446;no;no
71;mujer;3;secundaria;rural;premium;753;1002;694;20;230;99;10;167;no;si
64;hombre;4;primaria;urbana;medio;817;1533;728;53;58;24;5;410;no;si
78;mujer;1;educacion superior;urbana;medio;583;1217;1092;51;83;27;3;391;no;si
18;mujer;1;primaria;rural;basico;625;429;824;28;78;45;9;287;no;si
74;mujer;1;educacion superior;urbana;medio;930;278;112;24;219;99;4;276;no;si
61;hombre;5;primaria;urbana;medio;373;1593;328;38;153;49;8;270;si;no
33;mujer;4;secundaria;rural;basico;785;1310;271;29;140;52;9;217;no;no
77;mujer;6;educacion superior;rural;basico;413;838;1406;29;281;15;8;428;no;si
62;mujer;5;secundaria;rural;medio;746;1908;1042;49;284;116;8;216;no;si
34;mujer;2;educacion superior;rural;basico;291;1408;52;37;254;45;4;297;no;si
20;mujer;3;educacion superior;urbana;medio;371;1190;623;47;147;80;7;334;no;si
17;mujer;1;secundaria;rural;basico;695;1854;1399;58;108;107;9;321;no;no
53;hombre;1;educacion superior;urbana;premium;896;89;1059;37;69;86;0;180;no;no
39;hombre;1;primaria;urbana;premium;325;964;605;55;167;58;5;132;no;si
53;mujer;1;educacion superior;rural;medio;600;1898;1220;15;201;114;7;411;no;si
50;mujer;5;educacion superior;urbana;medio;923;247;633;55;41;59;10;82;no;no
38;mujer;6;educacion superior;rural;premium;346;1351;449;21;118;53;10;317;no;si
51;mujer;4;educacion superior;rural;premium;606;1893;94;24;89;5;4;445;no;si
42;mujer;5;primaria;urbana;basico;803;671;421;23;152;45;7;100;si;no
78;mujer;5;secundaria;rural;premium;550;1699;280;60;73;55;8;45;si;no
39;mujer;6;secundaria;urbana;basico;28;1339;1141;23;69;24;5;154;si;no
48;hombre;4;educacion superior;urbana;basico;918;241;1406;60;274;79;5;192;no;si
33;hombre;5;primaria;rural;premium;771;229;894;46;162;14;8;85;no;si
66;hombre;5;secundaria;rural;basico;769;749;668;35;64;69;7;298;no;si
31;mujer;6;educacion superior;rural;premium;494;1942;806;25;75;84;2;4;si;no
77;mujer;4;educacion superior;urbana;medio;139;463;1080;3;251;4;0;171;si;no
79;mujer;5;secundaria;rural;premium;709;94;1155;55;84;102;4;51;no;si
22;mujer;3;primaria;urbana;premium;520;205;1151;55;84;33;6;395;no;si
21;mujer;5;educacion superior;rural;medio;71;95;235;24;192;3;10;67;no;si
33;mujer;5;educacion superior;urbana;medio;702;651;724;7;71;90;6;110;si;no
36;mujer;1;secundaria;urbana;premium;494;61;98;57;220;65;4;69;no;si
23;mujer;6;educacion superior;rural;basico;555;432;729;27;253;3;9;141;no;si
39;mujer;4;primaria;urbana;premium;170;1026;1395;37;113;117;7;140;no;si
22;hombre;2;secundaria;urbana;basico;581;332;599;49;161;45;4;211;no;si
51;mujer;2;educacion superior;urbana;basico;107;1620;1190;43;185;87;4;119;si;no
58;mujer;2;educacion superior;rural;premium;978;814;821;23;55;19;10;282;no;si
76;mujer;4;primaria;urbana;medio;490;1673;81;38;244;54;6;96;no;si
35;mujer;3;secundaria;rural;premium;216;1154;1241;24;186;93;6;117;no;no
50;mujer;2;primaria;urbana;medio;173;1356;607;15;102;85;7;164;si;no
34;hombre;3;educacion superior;urbana;basico;487;395;759;14;262;22;8;354;no;no
38;mujer;4;primaria;rural;medio;796;1393;395;2;60;24;6;133;si;no
35;mujer;2;secundaria;urbana;medio;821;1334;1310;46;150;21;3;220;no;si
65;mujer;6;primaria;urbana;premium;225;380;107;16;56;80;5;70;no;si
79;hombre;5;secundaria;rural;premium;656;991;1154;7;231;82;8;450;no;no
50;hombre;6;educacion superior;urbana;medio;842;708;835;9;193;109;5;398;si;no
42;mujer;4;primaria;urbana;premium;738;1139;652;21;74;57;5;29;no;no
30;mujer;4;educacion superior;rural;basico;951;671;519;18;88;32;7;342;no;si
38;mujer;5;educacion superior;rural;premium;106;141;807;22;79;60;10;467;si;no
48;hombre;3;primaria;urbana;premium;332;601;518;44;137;106;6;152;si;no
77;mujer;1;educacion superior;urbana;medio;289;213;350;10;282;21;3;148;si;no
31;hombre;5;secundaria;urbana;medio;701;1140;1254;29;142;66;2;467;no;no
30;mujer;6;educacion superior;urbana;premium;709;849;29;50;30;93;7;32;no;no
72;mujer;3;secundaria;rural;basico;313;1023;74;53;229;78;3;121;si;no
29;mujer;4;primaria;urbana;premium;351;1155;987;50;168;66;5;326;no;si
58;hombre;2;primaria;urbana;medio;57;375;564;30;140;96;5;442;no;si
31;hombre;3;educacion superior;urbana;medio;969;1957;1307;59;53;39;6;225;no;si
67;mujer;5;educacion superior;rural;medio;951;43;618;47;35;14;7;117;no;no
51;mujer;6;secundaria;urbana;premium;12;1857;1139;31;180;55;3;175;no;no
32;hombre;6;educacion superior;urbana;medio;76;824;600;8;176;6;9;349;no;no
41;mujer;5;educacion superior;rural;basico;876;1258;526;14;38;32;3;222;si;no
54;hombre;5;primaria;urbana;medio;208;1569;1400;24;38;92;10;283;si;no
30;mujer;1;secundaria;urbana;basico;995;768;1080;54;296;114;8;349;no;si
18;mujer;2;primaria;urbana;medio;582;1745;745;38;166;52;9;41;no;no
59;mujer;1;educacion superior;urbana;basico;478;1890;1165;37;12;41;6;410;si;no
53;hombre;2;secundaria;urbana;premium;706;939;163;27;36;83;5;247;no;no
22;mujer;2;educacion superior;urbana;medio;734;341;1271;41;220;84;5;413;si;no
22;mujer;4;secundaria;rural;basico;791;996;954;6;191;94;7;458;si;no
59;mujer;5;primaria;rural;basico;521;259;846;29;286;87;6;201;no;no
48;mujer;1;secundaria;urbana;premium;601;616;700;23;226;93;4;463;no;no
20;mujer;5;educacion superior;rural;basico;210;1424;421;2;241;101;0;344;no;no
64;hombre;1;educacion superior;urbana;premium;673;768;696;23;253;37;8;54;no;si
79;mujer;1;primaria;rural;medio;663;1469;710;41;85;116;9;136;no;no
71;mujer;3;educacion superior;urbana;basico;723;1719;930;23;72;64;1;300;si;no
57;mujer;4;secundaria;urbana;medio;374;1618;1491;52;168;31;9;418;no;si
23;mujer;6;educacion superior;urbana;premium;674;1244;209;15;225;71;5;222;no;si
45;mujer;2;secundaria;rural;premium;788;1197;790;49;198;45;7;160;no;si
31;mujer;4;secundaria;rural;basico;909;288;1276;24;146;36;4;243;si;no
32;mujer;1;primaria;urbana;premium;202;309;1127;50;260;34;9;306;no;si
28;mujer;6;educacion superior;urbana;premium;708;1495;1177;29;89;93;9;447;no;si
29;mujer;2;primaria;urbana;medio;5;1965;832;26;74;33;8;469;no;si
40;mujer;1;educacion superior;urbana;premium;698;1972;1206;33;161;7;8;394;no;no
59;mujer;1;secundaria;rural;premium;510;1083;1414;30;141;55;9;186;no;si
69;mujer;4;primaria;urbana;premium;775;1970;745;40;203;24;8;347;no;no
79;mujer;1;secundaria;urbana;premium;966;848;372;3;101;34;1;110;si;no
36;mujer;3;primaria;urbana;medio;650;1684;65;57;171;82;5;257;no;si
25;mujer;1;secundaria;urbana;premium;9;34;783;16;33;98;6;494;si;no
33;mujer;5;primaria;urbana;medio;800;1576;1448;49;141;97;9;424;no;si
20;mujer;2;primaria;urbana;basico;166;1908;1326;60;279;37;6;365;no;si
32;hombre;4;primaria;urbana;medio;893;942;318;46;199;45;4;0;si;no
16;mujer;3;educacion superior;urbana;medio;353;592;1147;28;144;12;10;361;no;si
36;hombre;6;secundaria;urbana;premium;273;1208;918;38;289;36;2;488;si;no
34;mujer;2;primaria;rural;basico;522;1565;741;20;300;81;9;292;no;si
74;hombre;5;primaria;rural;premium;226;1891;427;37;66;97;4;177;no;no
50;hombre;6;secundaria;urbana;medio;277;1187;231;56;93;87;4;282;no;no
57;mujer;4;secundaria;rural;basico;819;11;895;40;265;31;1;197;no;no
41;mujer;4;secundaria;rural;premium;153;13;717;41;45;118;3;435;no;no
73;hombre;4;primaria;rural;medio;861;1036;691;17;280;21;7;440;si;no
65;mujer;1;secundaria;urbana;basico;969;890;17;3;279;74;5;70;no;no
18;mujer;2;secundaria;urbana;premium;515;1759;111;51;257;110;2;138;no;no
40;mujer;5;educacion superior;rural;premium;170;1910;1273;23;240;95;4;499;no;si
68;mujer;6;secundaria;rural;medio;837;873;63;56;291;74;4;410;no;si
65;mujer;5;primaria;rural;basico;961;1322;1349;49;53;83;6;114;no;si
66;mujer;3;primaria;urbana;premium;480;1572;819;36;117;94;1;425;si;no
39;hombre;4;secundaria;urbana;basico;818;1216;971;35;272;45;10;482;no;si
63;hombre;3;primaria;rural;premium;139;229;484;32;172;77;4;73;si;no
20;mujer;6;educacion superior;urbana;basico;788;112;1035;55;143;77;2;128;no;no
43;hombre;3;secundaria;rural;medio;930;1408;1465;58;164;97;7;127;no;si
36;hombre;2;secundaria;urbana;basico;722;401;103;18;177;16;6;332;si;no
26;mujer;2;primaria;urbana;medio;787;1151;539;52;135;102;8;57;no;si
75;mujer;6;secundaria;rural;premium;898;798;1413;33;39;106;6;2;no;no
33;hombre;5;educacion superior;urbana;medio;697;358;302;59;87;55;2;313;si;no
47;mujer;6;primaria;urbana;premium;229;957;1259;27;33;39;1;175;no;no
22;hombre;5;primaria;urbana;premium;987;1639;365;18;162;42;0;358;si;no
33;mujer;2;educacion superior;urbana;basico;688;106;1042;4;129;64;3;23;si;no
36;mujer;4;secundaria;rural;basico;299;1485;433;46;102;90;3;134;no;si
41;mujer;5;primaria;urbana;medio;687;1097;830;20;228;119;9;152;no;si
44;hombre;4;secundaria;urbana;medio;669;1567;917;23;149;52;4;252;no;si
25;hombre;1;primaria;urbana;medio;743;1277;859;35;159;79;6;433;no;si
56;mujer;6;primaria;rural;medio;990;301;1379;27;149;103;5;71;no;si
34;hombre;1;secundaria;urbana;premium;744;727;571;25;287;10;4;229;no;si
75;mujer;2;primaria;rural;premium;616;1985;668;7;201;81;10;355;no;no
18;hombre;6;secundaria;urbana;premium;150;1970;93;7;114;6;3;153;no;no
75;mujer;6;primaria;urbana;basico;313;1165;524;7;273;11;5;119;no;no
76;mujer;4;primaria;rural;basico;38;903;1356;42;201;81;9;118;si;no
23;hombre;4;educacion superior;urbana;premium;362;217;997;29;67;112;5;297;no;si
77;mujer;4;educacion superior;urbana;basico;750;512;537;38;194;14;9;134;no;si
71;hombre;1;primaria;rural;medio;210;1701;515;22;227;23;7;179;no;si
23;hombre;2;educacion superior;urbana;basico;865;1740;99;40;131;88;7;480;si;no
61;mujer;3;educacion superior;urbana;basico;474;311;1005;27;268;20;10;282;no;si
55;mujer;6;secundaria;urbana;basico;791;852;4;35;248;15;5;403;no;si
58;mujer;3;primaria;rural;premium;469;1904;633;45;179;32;3;318;no;si
32;mujer;1;educacion superior;rural;premium;838;715;1164;22;285;58;9;244;no;si
24;mujer;4;educacion superior;urbana;premium;573;1504;439;12;271;93;5;374;no;no
43;mujer;1;secundaria;rural;medio;741;1259;1253;50;219;104;8;144;no;no
78;mujer;6;primaria;rural;premium;548;618;601;55;79;51;7;305;no;si
23;mujer;4;primaria;rural;premium;431;483;1004;56;25;4;9;270;no;no
44;mujer;6;secundaria;urbana;basico;545;1700;102;48;84;77;7;56;no;si
53;mujer;6;educacion superior;rural;medio;696;203;162;15;187;74;7;498;no;si
70;mujer;6;educacion superior;rural;basico;247;1852;1285;54;215;101;6;163;no;si
74;mujer;1;secundaria;rural;medio;992;271;880;42;273;9;10;183;no;no
55;mujer;3;secundaria;urbana;medio;332;1619;35;59;237;59;4;399;no;si
72;mujer;2;primaria;urbana;basico;119;146;326;0;36;74;2;42;si;no
26;hombre;2;educacion superior;rural;premium;741;539;1438;44;101;105;8;120;si;no
32;hombre;1;primaria;urbana;medio;527;1869;501;57;235;113;4;215;si;no
22;hombre;6;educacion superior;urbana;premium;373;1812;582;53;278;94;4;315;no;si
58;hombre;1;primaria;rural;premium;885;989;1017;39;226;44;6;217;no;no
51;mujer;4;secundaria;rural;basico;904;1226;637;21;80;113;2;40;si;no
33;hombre;3;educacion superior;urbana;medio;863;615;368;27;56;41;10;364;no;si
55;hombre;1;educacion superior;rural;premium;681;13;954;47;131;77;3;234;no;si
16;mujer;2;educacion superior;urbana;basico;73;975;1491;60;264;77;7;222;no;si
50;mujer;4;educacion superior;urbana;basico;509;1591;389;23;208;95;3;439;no;si
21;hombre;4;primaria;rural;basico;603;940;173;30;114;36;0;276;no;no
35;mujer;5;secundaria;urbana;basico;626;1338;752;54;229;105;10;163;no;si
46;hombre;6;primaria;rural;premium;985;684;1019;60;171;11;9;483;no;si
16;mujer;3;primaria;rural;basico;432;1531;264;42;283;62;7;21;no;no
50;hombre;2;primaria;rural;basico;387;1913;1173;27;166;48;9;451;no;no
42;mujer;2;primaria;urbana;premium;825;1687;1309;58;132;81;3;105;no;no
17;hombre;4;educacion superior;urbana;medio;178;1304;1205;56;189;26;8;209;si;no
24;mujer;4;primaria;rural;premium;711;1303;920;58;270;99;10;257;no;si
58;mujer;6;educacion superior;rural;premium;534;1572;1234;22;173;105;10;255;no;si
17;hombre;4;secundaria;rural;basico;354;1256;246;38;111;107;6;154;no;si
36;mujer;2;primaria;rural;basico;589;1886;242;48;95;74;3;93;no;no
59;mujer;2;educacion superior;rural;basico;679;694;668;14;1;86;3;340;no;no
27;hombre;4;secundaria;rural;medio;772;1026;627;41;143;81;3;171;si;no
46;hombre;6;secundaria;rural;premium;184;970;1111;33;125;53;9;247;no;si
70;mujer;2;secundaria;urbana;premium;789;1878;946;59;226;25;3;298;no;no
80;hombre;4;educacion superior;rural;premium;638;890;171;60;72;83;10;86;no;si
62;mujer;5;primaria;rural;basico;850;1067;1350;19;231;4;10;293;no;no
36;mujer;3;educacion superior;urbana;premium;766;1830;1024;33;204;69;3;112;no;si
80;mujer;4;primaria;urbana;premium;669;591;1181;29;114;34;9;136;no;si
36;hombre;2;secundaria;urbana;premium;833;1548;427;57;73;10;7;298;no;si
41;mujer;6;educacion superior;rural;medio;773;507;463;49;102;28;8;212;no;si
39;mujer;5;primaria;urbana;basico;660;190;815;40;262;31;5;432;no;si
26;mujer;3;secundaria;urbana;medio;450;439;361;47;264;87;10;285;no;si
56;hombre;4;educacion superior;rural;basico;826;1730;139;20;203;36;4;496;no;si
33;mujer;3;educacion superior;urbana;premium;867;1753;868;17;207;82;3;124;no;si
72;mujer;6;primaria;urbana;basico;827;388;39;27;217;71;6;102;no;si
63;hombre;3;secundaria;rural;premium;913;811;615;54;185;56;4;324;no;si
76;mujer;4;educacion superior;rural;premium;123;740;509;55;223;78;9;164;si;no
26;hombre;6;secundaria;rural;medio;640;1499;46;14;200;25;5;10;si;no
54;mujer;4;secundaria;rural;medio;603;445;1266;23;91;29;4;101;no;si
49;hombre;2;secundaria;rural;basico;884;505;348;29;238;77;2;499;si;no
21;mujer;2;educacion superior;urbana;basico;897;1799;928;9;161;86;7;207;no;no
43;mujer;6;primaria;urbana;premium;582;1889;1417;38;60;26;10;135;no;si
37;mujer;1;primaria;rural;medio;659;296;500;0;29;64;0;56;si;no
59;mujer;6;secundaria;rural;basico;144;298;1331;5;227;41;7;133;si;no
21;hombre;6;educacion superior;urbana;medio;255;69;700;7;35;69;5;358;no;no
57;mujer;3;primaria;urbana;medio;356;652;589;39;234;118;0;213;si;no
27;mujer;5;secundaria;rural;premium;166;1884;731;14;221;48;6;47;si;no
49;hombre;2;secundaria;rural;medio;850;1125;113;21;181;23;4;409;no;si
31;hombre;1;secundaria;rural;medio;566;965;894;20;188;80;8;134;no;si
32;mujer;4;educacion superior;rural;basico;28;598;414;29;118;53;8;460;no;si
32;mujer;4;educacion superior;rural;premium;874;341;803;20;134;117;4;386;no;si
34;hombre;1;secundaria;urbana;medio;141;1598;530;28;68;85;1;113;no;no
35;mujer;2;secundaria;rural;medio;368;840;640;52;68;62;5;170;no;no
54;hombre;4;educacion superior;rural;basico;822;55;164;15;248;66;5;64;no;si
25;mujer;3;secundaria;urbana;medio;542;1330;635;48;51;45;9;151;no;si
44;hombre;1;primaria;rural;premium;384;26;1233;23;274;37;6;489;no;si
51;hombre;5;secundaria;rural;basico;612;856;912;54;132;57;8;467;no;si
34;mujer;4;educacion superior;rural;premium;604;1986;737;52;162;10;10;116;no;si
31;mujer;2;secundaria;urbana;basico;269;1977;151;38;85;59;9;293;no;si
48;mujer;3;secundaria;urbana;basico;137;517;687;1;255;109;2;348;si;no
32;mujer;3;secundaria;rural;premium;984;1645;1179;3;58;62;6;25;si;no
79;hombre;5;secundaria;urbana;premium;557;1601;1033;53;127;15;0;138;si;no
53;hombre;5;educacion superior;urbana;basico;961;428;903;41;192;67;6;346;si;no
20;mujer;1;primaria;rural;premium;617;957;559;57;215;3;10;188;no;si
28;hombre;5;educacion superior;rural;basico;827;443;1178;57;11;67;1;216;si;no
73;mujer;4;primaria;rural;basico;599;500;1037;37;176;7;7;155;no;si
56;mujer;3;educacion superior;urbana;basico;724;1634;1333;48;231;99;9;439;no;si
58;mujer;5;secundaria;rural;basico;246;215;182;4;219;36;6;495;no;no
25;mujer;6;educacion superior;rural;basico;137;1826;1037;42;229;118;9;319;no;si
61;hombre;3;educacion superior;urbana;basico;838;475;161;59;82;67;7;236;no;si
77;mujer;6;secundaria;urbana;basico;422;472;95;54;135;13;8;243;si;no
46;mujer;1;primaria;urbana;premium;468;1697;1071;10;295;70;5;461;si;no
40;mujer;5;educacion superior;rural;premium;292;1729;595;53;66;115;4;186;no;si
72;mujer;3;primaria;urbana;basico;749;1190;767;38;97;67;8;468;no;si
24;mujer;3;secundaria;urbana;basico;213;1634;1250;59;191;33;7;64;no;si
78;hombre;1;secundaria;urbana;premium;335;1695;1486;45;87;74;5;477;no;no
62;mujer;6;educacion superior;rural;basico;325;343;1370;47;255;105;5;229;no;si
52;mujer;3;secundaria;urbana;premium;883;994;1171;28;11;3;5;475;si;no
57;hombre;5;educacion superior;urbana;medio;463;436;213;47;80;98;4;222;si;no
21;hombre;6;primaria;urbana;premium;392;1729;1049;17;43;24;1;455;si;no
74;mujer;5;primaria;rural;medio;186;1858;203;49;177;87;8;185;no;si
49;mujer;2;secundaria;urbana;premium;661;1418;1390;21;114;53;6;468;no;si
51;mujer;4;educacion superior;rural;premium;451;1360;1240;21;235;95;5;486;no;si
72;hombre;2;primaria;rural;premium;660;708;1036;32;62;54;5;100;si;no
75;mujer;6;primaria;urbana;premium;693;1554;1083;60;275;74;8;71;no;si
32;mujer;1;secundaria;urbana;premium;788;1196;963;22;228;60;10;462;si;no
16;mujer;3;secundaria;urbana;basico;566;1005;1003;15;56;42;4;119;no;no
33;hombre;3;secundaria;rural;basico;157;1010;52;47;202;47;4;185;no;si
80;hombre;2;primaria;rural;premium;510;1352;70;50;114;111;9;434;no;si
57;mujer;5;secundaria;urbana;basico;656;272;497;38;113;38;1;409;no;no
66;mujer;1;primaria;rural;basico;297;1393;822;49;96;100;4;223;no;si
53;mujer;3;educacion superior;urbana;medio;940;1133;529;18;13;90;0;36;si;no
57;mujer;6;primaria;urbana;premium;35;1326;1097;51;230;86;9;499;no;si
62;hombre;5;secundaria;urbana;medio;362;1949;63;48;171;54;7;411;no;si
52;mujer;5;primaria;rural;basico;704;1444;1436;56;29;23;4;475;si;no
67;mujer;5;primaria;rural;basico;150;1157;328;19;244;60;3;71;no;si
30;mujer;3;educacion superior;rural;premium;868;740;1259;23;145;28;8;439;no;si
54;mujer;4;educacion superior;rural;basico;117;1341;772;59;229;107;10;115;no;si
35;hombre;3;educacion superior;rural;medio;57;1332;162;24;290;45;3;308;no;si
50;mujer;1;secundaria;rural;basico;736;493;182;24;55;13;9;341;no;si
46;hombre;3;educacion superior;urbana;premium;820;179;1323;8;50;65;8;45;no;no
61;hombre;3;educacion superior;rural;medio;167;1625;1348;43;125;10;4;199;no;si
44;hombre;1;primaria;urbana;premium;276;1022;486;25;240;109;10;472;no;si
51;mujer;2;educacion superior;rural;medio;148;1671;1218;43;130;61;0;494;si;no
47;mujer;3;educacion superior;urbana;medio;675;1598;1297;45;84;11;4;478;no;si
62;mujer;4;educacion superior;urbana;basico;821;1188;1201;0;52;36;8;41;si;no
22;mujer;6;secundaria;urbana;premium;292;716;1289;21;267;4;3;116;no;si
38;mujer;5;secundaria;urbana;premium;745;1099;628;15;72;62;9;431;no;si
43;hombre;4;primaria;rural;premium;866;1901;1050;58;290;120;7;282;no;si
46;mujer;6;primaria;rural;premium;972;1460;349;2;164;98;2;196;no;no
40;mujer;5;educacion superior;urbana;medio;148;357;1176;33;124;24;4;399;no;si
69;hombre;5;educacion superior;rural;basico;90;1207;1296;43;116;10;3;179;no;si
41;mujer;3;secundaria;rural;basico;883;1046;171;52;186;18;4;55;no;si
76;mujer;2;secundaria;urbana;basico;570;1823;1287;44;253;62;2;89;no;no
79;mujer;1;primaria;urbana;premium;18;1010;187;23;164;56;3;85;no;si
64;mujer;1;secundaria;rural;premium;575;772;1284;34;290;8;8;432;si;no
31;mujer;3;secundaria;urbana;basico;509;555;409;48;177;71;5;284;no;si
80;mujer;1;secundaria;urbana;basico;814;2;1093;19;286;26;0;7;no;no
56;mujer;2;primaria;urbana;medio;160;156;1247;32;204;30;9;228;si;no
68;mujer;5;educacion superior;urbana;medio;416;1533;288;55;204;62;5;40;no;no
41;mujer;6;secundaria;rural;medio;874;1350;866;9;178;62;1;421;no;no
75;mujer;1;primaria;urbana;premium;407;1620;986;60;156;111;8;479;no;si
18;mujer;1;primaria;urbana;premium;559;1641;1484;19;172;29;6;274;no;si
38;mujer;2;primaria;urbana;basico;447;903;1250;1;54;7;5;362;si;no
51;mujer;6;educacion superior;rural;premium;998;175;1444;5;91;1;7;393;no;no
45;hombre;2;secundaria;rural;basico;253;105;659;39;67;108;4;372;no;no
28;hombre;1;educacion superior;urbana;medio;772;133;1024;47;164;110;5;419;no;si
55;mujer;1;secundaria;rural;premium;932;104;1004;26;100;8;8;447;no;si
17;mujer;1;primaria;urbana;medio;782;1220;1439;40;57;98;9;199;si;no
68;hombre;3;primaria;rural;basico;737;1914;834;52;51;97;6;213;si;no
27;mujer;6;secundaria;rural;medio;34;848;1034;21;171;92;6;198;si;no
68;mujer;5;primaria;urbana;basico;493;1481;532;8;180;19;7;360;si;no
58;mujer;1;educacion superior;urbana;premium;207;894;461;2;295;48;1;399;no;no
35;mujer;4;primaria;rural;premium;901;1924;489;13;151;108;8;409;no;no
58;mujer;5;primaria;rural;medio;784;713;144;6;1;24;5;297;no;no
40;hombre;2;primaria;urbana;basico;740;378;1103;34;230;23;6;399;no;si
67;hombre;1;educacion superior;urbana;basico;2;347;905;15;77;14;2;251;no;no
65;mujer;4;primaria;rural;medio;444;1636;335;53;247;100;6;465;si;no
34;mujer;3;primaria;urbana;premium;497;1500;1301;31;260;27;6;225;no;si
22;mujer;1;secundaria;rural;basico;540;782;955;48;242;104;10;400;no;si
50;mujer;5;educacion superior;rural;basico;63;837;1091;21;137;82;6;333;no;si
24;mujer;4;secundaria;rural;basico;421;17;321;0;90;63;3;475;no;no
79;hombre;4;educacion superior;urbana;medio;697;1385;1262;19;91;106;3;252;si;no
30;mujer;1;educacion superior;rural;premium;303;924;791;35;219;42;7;390;no;si
50;mujer;3;secundaria;urbana;basico;667;603;1381;18;55;109;9;310;si;no
26;mujer;2;educacion superior;rural;medio;838;1725;765;35;77;77;6;469;no;no
49;mujer;1;secundaria;urbana;medio;949;854;513;27;228;53;1;374;no;no
27;hombre;1;educacion superior;rural;premium;194;1588;1475;52;277;53;3;222;no;si
25;mujer;1;educacion superior;urbana;medio;847;1374;708;42;286;91;9;86;no;no
39;mujer;1;primaria;rural;medio;90;1090;890;29;179;6;9;190;no;no
52;mujer;4;secundaria;urbana;medio;721;574;192;28;131;6;5;393;no;si
25;mujer;5;primaria;urbana;premium;314;1355;798;33;54;93;7;309;no;si
65;mujer;2;secundaria;urbana;premium;864;1996;1403;5;188;64;8;84;si;no
58;mujer;4;educacion superior;urbana;premium;126;1640;708;40;251;66;5;307;no;si
62;mujer;5;educacion superior;urbana;medio;957;1363;1496;28;289;78;6;185;no;si
22;hombre;1;secundaria;rural;premium;829;1381;736;34;292;79;7;215;si;no
55;mujer;1;secundaria;rural;medio;296;525;151;59;222;2;5;128;no;si
34;hombre;1;educacion superior;rural;premium;165;411;672;35;180;59;7;287;no;si
40;mujer;1;secundaria;urbana;basico;637;1696;1437;4;141;35;5;434;si;no
43;hombre;2;secundaria;urbana;basico;630;1946;650;10;86;114;8;40;si;no
59;mujer;1;primaria;urbana;premium;127;949;1290;52;101;54;8;463;no;si
48;mujer;6;educacion superior;rural;premium;124;444;66;22;95;63;5;352;no;si
71;hombre;1;primaria;rural;premium;540;1981;1422;55;214;35;10;360;no;si
68;mujer;3;educacion superior;urbana;basico;136;1169;1215;30;183;12;9;171;no;si
28;mujer;4;secundaria;urbana;medio;738;503;653;39;173;32;2;433;no;no
56;mujer;5;primaria;rural;basico;528;1916;1390;45;200;64;10;175;si;no
65;mujer;2;primaria;rural;premium;380;834;760;30;215;116;10;418;no;si
24;mujer;4;primaria;urbana;premium;241;1430;738;51;71;102;9;426;no;si
79;hombre;5;primaria;urbana;premium;674;1779;2;40;237;96;9;415;si;no
20;hombre;6;educacion superior;rural;premium;252;1866;201;40;74;69;10;430;no;si
52;mujer;2;secundaria;rural;basico;628;1545;1185;28;283;99;5;406;si;no
76;mujer;6;educacion superior;rural;medio;1;1041;1297;50;120;47;5;351;si;no
76;hombre;6;primaria;rural;premium;559;904;1376;46;4;90;9;324;no;no
31;mujer;6;educacion superior;rural;premium;730;1135;171;21;196;98;0;116;si;no
37;mujer;5;educacion superior;rural;premium;625;1292;1044;32;239;5;2;258;no;no
66;mujer;2;educacion superior;rural;premium;922;302;86;11;105;69;4;208;no;no
59;mujer;2;educacion superior;urbana;premium;481;1567;704;14;124;102;2;118;si;no
59;hombre;1;educacion superior;urbana;medio;239;1402;910;37;297;1;9;210;no;si
69;hombre;4;primaria;rural;basico;286;864;165;22;94;116;7;78;no;si
16;mujer;2;primaria;rural;medio;760;2000;884;27;274;66;8;402;no;no
34;mujer;2;educacion superior;urbana;medio;787;1565;1468;41;268;38;6;280;no;si
69;hombre;5;educacion superior;rural;basico;141;1496;1046;20;171;64;1;52;si;no
69;mujer;5;educacion superior;urbana;medio;699;62;482;50;285;36;3;217;no;si
80;mujer;4;secundaria;rural;premium;365;1899;302;37;258;87;5;428;no;si
23;mujer;4;educacion superior;urbana;premium;366;218;887;33;162;10;1;45;no;no
53;mujer;2;primaria;rural;medio;73;311;707;52;283;4;8;319;no;si
41;hombre;2;primaria;rural;basico;408;1805;1406;37;119;17;3;385;no;no
53;mujer;1;educacion superior;urbana;premium;440;1738;1398;29;189;81;2;270;no;no
70;mujer;4;educacion superior;rural;basico;882;476;1181;2;44;7;1;240;si;no
68;mujer;6;primaria;urbana;basico;931;1489;1293;30;20;33;10;344;no;no
78;mujer;6;secundaria;rural;basico;298;1298;1402;56;197;7;10;59;no;si
18;hombre;2;educacion superior;rural;basico;205;97;403;58;249;58;8;106;no;si
63;mujer;4;educacion superior;urbana;basico;73;41;719;29;0;46;9;209;no;no
51;mujer;4;primaria;urbana;basico;729;598;121;19;139;103;9;473;no;si
51;mujer;1;primaria;urbana;basico;590;1;1179;49;29;48;0;153;no;no
77;mujer;1;secundaria;rural;premium;898;914;744;23;101;112;10;365;no;si
75;hombre;3;educacion superior;urbana;premium;720;1148;1083;39;110;80;0;489;si;no
27;mujer;3;primaria;rural;premium;4;1807;862;19;178;33;5;101;no;si
18;hombre;3;primaria;urbana;basico;731;1192;853;34;248;5;6;396;no;si
18;mujer;5;secundaria;rural;premium;784;1290;1024;32;59;15;4;220;no;si
64;mujer;4;primaria;urbana;medio;241;1197;638;50;285;57;3;314;no;si
35;hombre;6;educacion superior;urbana;premium;957;21;114;15;19;8;3;93;no;no
30;mujer;5;secundaria;urbana;basico;452;1967;1002;33;137;70;8;408;no;si
17;mujer;4;secundaria;rural;basico;117;1032;30;35;122;101;7;95;no;si
16;mujer;4;primaria;urbana;premium;673;1877;326;55;224;55;9;317;no;si
53;mujer;2;educacion superior;urbana;basico;690;256;59;24;115;50;6;116;no;no
17;mujer;4;educacion superior;urbana;premium;705;610;743;42;90;109;6;320;no;si
75;hombre;4;educacion superior;urbana;premium;812;1091;715;14;243;99;6;129;no;no
80;mujer;4;primaria;rural;basico;714;1677;1286;54;58;42;4;463;no;no
37;hombre;6;secundaria;urbana;premium;770;1600;156;60;42;86;8;254;no;no
28;hombre;4;educacion superior;urbana;basico;502;288;839;12;206;119;8;490;no;no
77;mujer;6;secundaria;urbana;premium;724;526;217;3;261;62;0;306;no;no
40;hombre;4;educacion superior;urbana;premium;236;1716;1432;57;70;67;10;45;no;no
67;hombre;1;primaria;urbana;premium;616;426;677;22;221;55;2;472;si;no
35;hombre;3;educacion superior;urbana;premium;657;347;1301;49;288;12;5;264;no;si
25;mujer;3;secundaria;urbana;premium;825;639;592;58;78;23;7;472;no;si
60;mujer;6;secundaria;urbana;medio;761;604;1053;60;237;60;10;170;no;si
60;hombre;5;educacion superior;rural;basico;2;1719;110;48;93;90;7;382;no;si
59;mujer;1;primaria;urbana;premium;56;786;620;21;268;28;3;321;no;si
26;mujer;4;educacion superior;rural;medio;554;1715;293;15;207;50;7;148;si;no
61;mujer;4;primaria;urbana;medio;107;1927;849;47;93;29;1;116;no;no
29;mujer;1;educacion superior;urbana;basico;714;482;780;0;247;40;5;373;no;no
21;mujer;2;educacion superior;rural;premium;54;788;63;60;243;77;0;180;no;no
44;hombre;3;educacion superior;rural;premium;892;940;22;32;246;110;7;94;no;si
26;mujer;4;educacion superior;rural;basico;345;181;382;16;102;86;3;53;no;si
31;mujer;6;educacion superior;rural;medio;293;839;1289;33;236;104;7;124;no;si
48;mujer;6;primaria;urbana;premium;328;535;497;9;170;74;7;245;no;no
54;mujer;1;educacion superior;urbana;premium;989;1964;796;23;153;76;3;487;no;no
34;mujer;5;primaria;urbana;medio;921;925;960;9;154;90;2;55;no;no
46;mujer;6;educacion superior;rural;premium;262;1062;1195;60;142;22;3;122;si;no
38;hombre;2;educacion superior;rural;basico;93;1800;252;16;71;112;4;79;no;si
29;hombre;6;secundaria;rural;premium;280;143;815;35;119;100;6;339;no;no
61;mujer;5;educacion superior;urbana;basico;796;1792;636;57;109;63;4;257;no;si
75;hombre;3;primaria;urbana;premium;213;1024;92;48;39;13;5;31;si;no
57;mujer;1;educacion superior;rural;premium;99;764;1449;39;281;25;3;395;no;si
26;mujer;5;educacion superior;urbana;premium;658;1036;733;35;195;96;5;138;si;no
53;hombre;4;secundaria;urbana;basico;741;909;316;49;232;56;1;227;no;no
16;mujer;5;secundaria;rural;basico;410;1404;266;27;184;23;6;320;no;no
80;hombre;6;secundaria;urbana;medio;811;817;14;49;62;92;3;300;no;si
21;hombre;1;secundaria;urbana;premium;480;629;1492;44;285;54;7;167;no;si
42;mujer;1;primaria;rural;premium;653;1432;164;16;91;88;5;157;no;si
35;mujer;2;primaria;rural;basico;1000;1810;689;40;104;1;4;275;no;si
53;mujer;2;secundaria;urbana;medio;406;204;1346;34;131;112;5;347;no;si
32;hombre;3;educacion superior;rural;premium;862;1578;371;22;295;18;10;444;no;si
66;mujer;4;secundaria;rural;basico;699;615;555;26;156;96;9;363;si;no
33;mujer;1;secundaria;rural;basico;406;1883;217;40;216;46;8;394;no;si
19;mujer;1;educacion superior;rural;basico;335;1550;1034;27;31;111;5;204;si;no
76;mujer;1;secundaria;urbana;premium;209;405;1058;49;241;13;4;426;no;no
41;hombre;2;secundaria;urbana;medio;224;690;1191;56;95;112;10;3;no;no
16;hombre;3;secundaria;urbana;basico;670;135;627;36;93;54;5;291;no;si
53;hombre;3;primaria;rural;premium;578;642;407;41;60;97;4;492;no;si
80;hombre;6;primaria;urbana;medio;543;187;301;57;283;73;10;66;no;si
25;mujer;4;primaria;rural;premium;810;1140;146;41;87;96;10;249;si;no
70;mujer;1;educacion superior;rural;basico;325;1407;993;4;231;66;6;116;si;no
20;mujer;5;educacion superior;urbana;medio;612;148;710;30;261;87;3;262;no;si
23;hombre;3;educacion superior;rural;basico;921;1732;1392;18;91;12;10;412;no;si
45;hombre;6;secundaria;urbana;premium;386;259;767;22;196;99;5;88;no;no
69;mujer;2;primaria;urbana;premium;580;97;294;21;131;69;9;233;no;si
28;mujer;3;educacion superior;rural;medio;204;255;300;54;276;33;7;283;si;no
78;hombre;6;educacion superior;rural;premium;298;1081;958;26;214;60;9;365;no;si
19;mujer;5;secundaria;rural;premium;294;1771;167;47;171;70;3;98;si;no
49;mujer;2;educacion superior;rural;medio;516;672;1009;30;71;108;4;381;no;si
30;hombre;6;secundaria;rural;basico;276;825;56;58;185;108;3;324;no;si
41;mujer;6;primaria;rural;premium;877;904;771;33;118;63;5;338;no;si
29;hombre;6;secundaria;rural;medio;260;1528;430;19;156;72;5;429;no;si
50;hombre;4;primaria;rural;medio;72;216;500;35;111;61;6;157;no;si
31;hombre;4;secundaria;rural;medio;841;863;761;56;169;51;3;95;no;si
22;mujer;6;educacion superior;rural;basico;133;834;920;37;67;11;10;383;no;no
59;mujer;6;educacion superior;rural;medio;422;1945;1385;31;195;46;3;385;si;no
39;mujer;5;secundaria;urbana;basico;443;71;423;55;121;52;10;402;no;si
39;hombre;2;primaria;rural;premium;501;1049;1128;25;68;40;6;167;no;si
59;mujer;4;primaria;rural;premium;308;581;1250;19;133;102;6;261;no;si
61;hombre;2;secundaria;urbana;basico;167;594;953;39;79;26;9;277;no;si
56;mujer;4;educacion superior;rural;basico;975;19;788;33;115;89;6;217;no;si
58;mujer;6;secundaria;urbana;premium;368;777;1187;52;292;72;5;388;no;si
39;mujer;1;secundaria;urbana;basico;367;1237;397;32;231;51;8;208;no;si
48;mujer;2;secundaria;urbana;premium;863;680;1372;17;186;92;5;190;no;si
25;hombre;2;educacion superior;rural;premium;739;377;1462;34;18;16;1;202;si;no
51;mujer;1;secundaria;rural;basico;347;1333;533;7;7;57;1;239;si;no
63;hombre;2;secundaria;rural;premium;73;1107;1319;54;68;119;6;108;no;si
43;mujer;6;primaria;urbana;basico;556;1714;562;23;246;13;5;375;no;no
23;hombre;4;educacion superior;urbana;basico;530;299;250;50;71;50;5;128;no;si
80;hombre;6;educacion superior;urbana;basico;723;1254;129;56;137;51;4;435;no;si
65;mujer;6;secundaria;urbana;premium;392;867;343;36;132;115;10;342;no;si
79;mujer;3;educacion superior;urbana;basico;301;1019;1272;60;94;94;6;19;si;no
77;mujer;1;educacion superior;rural;medio;936;1386;593;50;74;7;3;174;no;no
66;mujer;3;primaria;rural;premium;56;758;874;0;160;62;6;266;si;no
21;mujer;3;educacion superior;rural;premium;812;187;1158;42;61;94;8;278;no;si
77;hombre;6;educacion superior;rural;basico;72;319;58;36;264;40;4;403;si;no
44;hombre;6;educacion superior;rural;premium;205;1527;169;48;216;25;0;383;si;no
22;mujer;6;primaria;urbana;medio;165;891;684;15;116;22;7;116;si;no
40;mujer;1;educacion superior;rural;basico;162;587;488;36;88;62;9;202;no;si
71;mujer;6;primaria;rural;medio;910;190;709;32;123;116;8;397;no;si
60;mujer;2;educacion superior;urbana;medio;936;1498;766;54;121;83;5;321;no;no
68;mujer;5;primaria;urbana;medio;971;1503;372;24;126;49;9;230;no;si
24;mujer;6;primaria;rural;basico;216;31;795;41;297;101;5;262;no;no
21;mujer;6;primaria;urbana;basico;350;1211;716;44;66;53;5;469;no;si
37;mujer;1;primaria;rural;premium;878;1052;324;41;90;4;1;379;si;no
19;mujer;2;primaria;rural;premium;120;948;227;59;292;80;8;82;no;si
46;hombre;6;educacion superior;rural;basico;780;1635;297;2;166;27;2;345;no;no
56;hombre;3;secundaria;rural;premium;963;257;940;11;226;22;1;12;si;no
78;mujer;2;secundaria;urbana;basico;72;741;565;45;246;105;4;387;si;no
51;mujer;2;educacion superior;urbana;premium;292;513;1099;37;157;5;4;83;no;si
73;mujer;6;secundaria;rural;basico;532;1896;290;29;291;73;2;479;no;no
73;hombre;2;primaria;urbana;basico;11;8;1272;38;82;19;6;370;no;no
66;mujer;2;primaria;urbana;premium;710;168;683;38;236;91;5;48;si;no
37;mujer;2;secundaria;urbana;premium;698;78;540;8;122;12;9;171;no;no
39;mujer;5;primaria;urbana;medio;324;524;318;37;280;40;10;303;no;si
20;hombre;1;educacion superior;rural;medio;90;45;592;30;114;19;4;325;no;si
72;hombre;3;educacion superior;rural;premium;39;894;1214;35;92;91;5;160;no;si
73;mujer;4;educacion superior;rural;basico;605;1706;1458;40;161;30;7;233;no;no
48;mujer;4;secundaria;urbana;medio;287;1903;1177;32;193;11;1;488;si;no
72;mujer;4;primaria;rural;basico;440;72;1354;37;86;45;10;382;no;no
21;hombre;3;educacion superior;rural;premium;37;507;864;21;294;7;9;183;no;no
77;mujer;2;educacion superior;urbana;basico;473;1212;782;37;280;28;9;332;no;si
24;mujer;2;secundaria;rural;medio;274;1345;600;30;297;99;3;342;si;no
55;mujer;4;secundaria;rural;basico;170;661;772;50;261;94;8;293;no;si
65;mujer;5;educacion superior;rural;premium;432;1177;1227;18;7;92;2;158;si;no
26;hombre;5;primaria;rural;premium;400;847;269;59;165;18;10;185;no;si
34;hombre;5;educacion superior;urbana;premium;476;1750;90;37;112;50;9;486;no;no
67;hombre;6;educacion superior;rural;basico;917;943;997;41;149;14;5;155;no;si
76;mujer;4;secundaria;urbana;medio;137;168;218;36;193;40;9;487;si;no
54;mujer;4;educacion superior;urbana;medio;457;1445;54;49;291;13;7;490;no;si
62;mujer;4;educacion superior;rural;basico;983;1549;411;0;265;99;1;417;no;no
69;hombre;2;secundaria;urbana;basico;961;354;528;11;268;16;2;302;no;no
21;mujer;6;primaria;rural;basico;897;823;692;22;10;99;9;97;no;no
72;mujer;3;secundaria;urbana;basico;709;1557;1341;23;299;95;5;131;no;si
28;hombre;2;primaria;urbana;medio;973;1721;928;31;258;74;4;246;si;no
64;hombre;3;secundaria;urbana;basico;857;187;1458;49;82;15;10;133;no;si
79;hombre;2;secundaria;urbana;medio;576;535;780;2;143;112;0;437;no;no
62;hombre;5;educacion superior;rural;basico;982;991;932;41;189;20;8;182;no;si
44;mujer;3;educacion superior;urbana;premium;607;935;1400;58;21;76;1;347;si;no
41;hombre;6;primaria;urbana;basico;275;1220;1459;26;138;47;6;101;no;si
49;hombre;3;secundaria;urbana;medio;921;95;713;30;9;55;4;358;si;no
38;mujer;6;primaria;urbana;basico;791;1569;279;24;201;2;10;95;no;si
40;mujer;4;secundaria;urbana;basico;566;515;664;58;291;31;3;264;no;no
66;hombre;1;educacion superior;rural;basico;891;935;414;57;185;41;8;143;no;no
50;mujer;5;secundaria;rural;medio;296;1255;1396;60;67;47;10;241;no;si
75;mujer;3;primaria;rural;medio;695;719;203;60;216;31;10;495;no;si
49;mujer;4;secundaria;rural;premium;419;910;961;4;200;74;8;317;no;no
70;mujer;6;primaria;rural;premium;992;1980;329;40;88;109;9;155;no;si
79;mujer;3;secundaria;rural;premium;754;1792;1045;52;179;90;0;461;si;no
62;mujer;3;educacion superior;rural;basico;843;1460;950;29;265;17;4;480;no;si
70;mujer;4;secundaria;rural;premium;658;1698;466;41;108;91;7;255;no;si
37;mujer;1;educacion superior;urbana;medio;772;1173;201;51;239;3;5;199;no;si
30;hombre;1;secundaria;urbana;premium;715;1579;72;33;144;59;10;96;no;si
60;mujer;3;primaria;urbana;premium;904;126;1355;58;124;41;5;375;no;si
46;hombre;2;educacion superior;urbana;basico;724;834;629;8;270;108;2;285;si;no
59;mujer;4;primaria;urbana;premium;766;996;1127;22;80;38;7;135;no;si
77;mujer;2;primaria;urbana;medio;18;501;700;43;261;24;8;274;no;si
50;mujer;4;secundaria;urbana;premium;836;1146;1209;56;67;46;3;365;no;si
76;mujer;1;educacion superior;rural;medio;533;1191;429;19;32;56;2;338;no;no
30;hombre;2;educacion superior;rural;medio;214;266;1311;17;50;47;6;83;no;si
21;mujer;5;primaria;rural;basico;430;375;1174;48;237;100;5;361;no;si
58;mujer;1;educacion superior;rural;medio;811;1080;497;41;35;45;5;303;si;no
72;mujer;6;educacion superior;urbana;medio;108;1653;663;24;256;104;7;181;no;no
39;mujer;5;secundaria;rural;medio;674;1178;409;34;168;99;5;81;no;si
35;mujer;5;primaria;rural;premium;296;1205;819;12;287;93;5;52;si;no
50;hombre;1;secundaria;urbana;basico;25;185;957;16;145;22;6;405;no;si
57;mujer;1;educacion superior;rural;medio;778;1884;272;37;248;36;7;395;no;si
78;mujer;2;secundaria;urbana;basico;230;320;677;46;138;53;10;95;no;si
18;mujer;6;primaria;urbana;premium;92;1093;631;50;300;39;6;409;no;si
53;hombre;2;secundaria;urbana;basico;494;1513;733;35;99;41;10;87;no;si
33;mujer;1;primaria;rural;medio;918;874;92;60;88;39;2;197;si;no
63;hombre;4;primaria;urbana;basico;515;1938;410;39;192;97;4;321;no;si
59;mujer;6;primaria;rural;basico;809;1537;289;6;78;66;5;496;no;no
20;hombre;6;primaria;urbana;medio;282;1323;28;30;163;113;7;248;si;no
37;mujer;5;educacion superior;urbana;premium;243;1895;615;57;102;116;4;452;no;si
21;mujer;6;educacion superior;urbana;basico;320;1459;492;56;233;111;3;10;si;no
77;hombre;6;primaria;urbana;basico;362;252;1354;25;266;91;3;230;no;si
55;mujer;2;primaria;urbana;medio;136;1143;538;54;292;66;4;117;si;no
25;mujer;6;secundaria;urbana;premium;253;1648;405;60;211;38;8;444;no;si
77;mujer;6;primaria;rural;basico;168;361;159;58;240;85;2;235;no;no
80;hombre;3;educacion superior;rural;medio;519;1331;1186;46;221;115;10;436;no;si
75;mujer;5;secundaria;urbana;basico;740;761;1182;17;277;24;7;100;no;no
17;mujer;5;primaria;urbana;medio;324;655;158;12;53;5;10;74;no;no
19;hombre;2;secundaria;urbana;medio;279;1770;1071;53;253;107;7;377;no;si
75;hombre;1;secundaria;urbana;medio;133;1312;1174;52;142;63;3;251;no;no
36;mujer;6;educacion superior;urbana;premium;459;206;105;41;157;5;0;92;no;no
36;mujer;3;secundaria;rural;medio;637;1797;523;60;231;76;3;483;no;si
57;hombre;4;secundaria;urbana;medio;736;515;413;14;107;120;2;496;si;no
48;mujer;2;primaria;rural;premium;639;162;1059;57;57;5;3;348;si;no
52;hombre;5;primaria;rural;basico;922;273;291;34;249;21;8;51;no;no
45;hombre;2;educacion superior;rural;premium;15;1815;13;0;12;78;6;92;no;no
60;hombre;3;primaria;rural;basico;464;1630;434;47;84;106;3;416;no;si
60;mujer;5;secundaria;urbana;medio;189;1281;714;14;300;79;5;311;si;no
56;mujer;5;primaria;rural;basico;180;1244;390;50;255;118;9;224;no;si
19;hombre;3;educacion superior;urbana;premium;820;838;1291;4;171;1;8;233;no;no
62;hombre;2;educacion superior;rural;premium;511;42;379;38;212;67;4;424;no;si
46;mujer;5;educacion superior;rural;basico;392;1844;1088;21;272;5;4;145;no;no
16;mujer;4;secundaria;rural;medio;205;1826;1158;15;188;72;0;262;no;no
29;mujer;5;educacion superior;rural;premium;845;515;837;56;266;115;9;429;si;no
34;mujer;4;primaria;rural;premium;175;133;1183;28;83;67;9;5;si;no
19;mujer;5;secundaria;rural;basico;484;229;976;33;57;73;4;28;si;no
74;mujer;4;primaria;rural;basico;488;799;131;56;232;43;4;99;no;si
31;mujer;4;educacion superior;rural;basico;78;802;47;33;192;119;4;484;no;si
35;hombre;2;educacion superior;rural;basico;297;1754;162;44;81;20;6;148;no;si
27;mujer;6;secundaria;urbana;medio;819;43;1470;38;154;71;10;147;no;si
36;mujer;3;primaria;rural;medio;365;509;644;16;214;104;4;450;no;si
72;hombre;6;primaria;rural;basico;268;513;638;21;62;50;10;253;no;no
52;mujer;6;primaria;urbana;basico;748;572;1368;1;250;96;8;472;no;no
40;mujer;6;educacion superior;rural;medio;714;345;1225;7;118;47;2;63;no;no
68;mujer;1;secundaria;urbana;premium;94;1876;1365;40;177;84;6;105;no;no
20;mujer;3;secundaria;rural;premium;709;1447;965;58;28;60;10;240;no;no
42;hombre;2;primaria;rural;medio;316;608;574;15;116;45;8;455;si;no
40;mujer;6;secundaria;rural;basico;999;683;912;39;128;104;9;382;no;si
21;hombre;2;secundaria;urbana;basico;367;493;463;21;233;97;3;440;no;si
17;hombre;2;primaria;urbana;basico;441;1132;860;52;262;77;4;139;no;no
68;mujer;1;educacion superior;urbana;basico;818;464;90;48;191;118;10;166;no;no
78;hombre;3;primaria;urbana;premium;156;1543;627;30;295;49;9;215;no;si
42;hombre;6;educacion superior;rural;premium;754;800;441;5;178;111;6;148;si;no
67;mujer;4;educacion superior;rural;basico;212;61;189;42;264;92;6;129;si;no
74;hombre;6;primaria;rural;basico;374;1400;1429;19;137;17;7;433;no;si
55;mujer;1;primaria;urbana;medio;468;1179;265;54;106;28;10;189;si;no
46;mujer;3;primaria;urbana;premium;961;1312;1396;10;95;23;7;470;no;no
55;hombre;2;secundaria;urbana;premium;113;1911;1386;41;250;73;6;408;no;si
50;mujer;3;secundaria;rural;medio;734;1436;354;20;279;79;8;197;no;si
67;mujer;2;primaria;rural;premium;376;313;5;25;106;114;5;232;no;si
60;mujer;2;educacion superior;rural;premium;599;329;1166;39;30;119;4;114;si;no
67;hombre;2;secundaria;urbana;medio;464;1235;556;11;208;76;4;161;si;no
35;mujer;3;educacion superior;rural;premium;11;80;1224;58;297;103;5;319;no;si
26;mujer;3;primaria;urbana;premium;406;1688;146;38;117;14;2;358;no;no
16;mujer;2;primaria;rural;premium;224;516;15;30;292;76;8;96;no;si
25;mujer;4;primaria;rural;premium;949;603;1366;38;284;43;6;423;no;no
48;mujer;5;primaria;urbana;basico;724;492;1022;49;131;28;5;455;no;si
76;mujer;5;educacion superior;rural;premium;654;74;859;20;170;108;2;93;si;no
73;mujer;3;secundaria;urbana;basico;870;397;421;27;291;76;8;260;no;si
69;hombre;3;educacion superior;urbana;premium;210;1462;465;46;111;88;8;363;no;no
76;mujer;4;primaria;rural;medio;142;391;821;20;64;109;9;308;no;no
41;hombre;2;educacion superior;urbana;medio;821;1400;10;2;51;79;9;357;si;no
50;mujer;4;educacion superior;rural;medio;372;1377;688;40;119;20;8;163;no;no
29;mujer;4;educacion superior;urbana;basico;984;1942;50;41;235;20;9;78;no;si
32;mujer;3;educacion superior;urbana;premium;463;1357;64;54;41;64;4;275;no;no
21;hombre;2;primaria;urbana;premium;611;601;35;7;78;99;0;331;no;no
80;mujer;4;educacion superior;rural;basico;811;1556;70;32;188;45;7;216;no;si
58;mujer;2;educacion superior;urbana;basico;861;458;203;29;144;57;6;398;si;no
42;mujer;3;educacion superior;rural;premium;722;987;311;38;218;118;6;154;si;no
16;mujer;6;secundaria;urbana;basico;550;1589;372;60;39;18;3;205;no;no
50;mujer;2;educacion superior;rural;medio;222;675;305;49;112;57;0;66;no;no
23;mujer;6;secundaria;rural;medio;923;905;1138;32;185;106;3;184;si;no
66;mujer;1;primaria;rural;basico;5;708;1380;23;209;1;9;450;no;si
66;mujer;1;educacion superior;rural;basico;257;1892;395;28;262;91;4;478;no;si
50;mujer;1;primaria;rural;basico;420;462;1373;33;139;51;6;367;no;si
76;mujer;2;secundaria;urbana;medio;303;1201;612;2;190;21;8;393;no;no
71;mujer;5;secundaria;urbana;premium;623;873;585;21;261;57;6;105;no;si
26;hombre;2;educacion superior;rural;basico;992;1248;794;42;89;26;6;178;no;si
66;hombre;4;educacion superior;rural;premium;947;851;332;19;73;93;9;94;no;si
44;hombre;5;primaria;rural;medio;794;815;1413;41;15;15;10;10;no;no
50;mujer;1;educacion superior;urbana;medio;85;166;1016;18;186;104;8;349;no;no
38;hombre;6;educacion superior;rural;basico;309;1829;185;33;10;79;1;41;si;no
51;mujer;5;primaria;urbana;basico;148;1974;1102;8;169;32;2;58;no;no
24;hombre;2;primaria;rural;premium;328;1963;471;10;33;29;2;309;no;no
80;mujer;2;secundaria;urbana;basico;94;464;71;34;281;88;8;77;no;no
49;hombre;4;secundaria;urbana;basico;645;1574;630;21;81;47;10;207;no;no
29;mujer;1;educacion superior;urbana;medio;441;1938;1063;31;134;17;9;297;no;si
30;mujer;2;primaria;rural;premium;777;1665;1232;33;236;30;8;355;no;si
29;hombre;2;secundaria;urbana;premium;403;326;464;5;83;34;6;274;no;no
43;mujer;6;secundaria;rural;medio;717;1118;1159;50;261;7;8;255;no;si
61;hombre;4;secundaria;rural;medio;785;1569;935;32;297;66;10;488;si;no
49;mujer;5;primaria;urbana;basico;403;1194;499;5;139;104;2;391;no;no
71;mujer;3;secundaria;rural;medio;147;1847;1233;50;293;110;8;64;no;si
39;hombre;6;educacion superior;urbana;premium;821;1970;1311;29;47;69;7;151;no;no
63;hombre;6;secundaria;urbana;premium;606;1749;1214;50;256;86;8;250;no;no
46;mujer;2;secundaria;urbana;basico;309;332;1130;45;22;41;7;488;si;no
35;mujer;3;secundaria;urbana;medio;902;1575;1327;35;119;112;6;97;si;no
43;mujer;4;secundaria;rural;premium;218;1075;338;49;239;90;10;399;no;si
43;mujer;6;primaria;rural;premium;675;1225;1191;44;85;37;6;482;no;si
73;hombre;2;secundaria;urbana;premium;985;1212;788;55;216;84;9;370;no;si
51;mujer;4;primaria;urbana;premium;485;94;863;54;39;112;0;103;si;no
62;mujer;3;educacion superior;urbana;basico;59;45;1206;12;228;39;1;490;no;no
75;hombre;2;educacion superior;urbana;basico;974;43;561;23;65;94;7;393;no;si
51;hombre;1;educacion superior;rural;premium;108;494;1254;26;36;69;4;334;no;no
47;mujer;2;educacion superior;rural;basico;500;1847;1143;28;297;78;7;159;no;si
28;mujer;4;primaria;rural;basico;829;990;550;50;190;25;9;146;no;si
75;hombre;3;educacion superior;urbana;basico;30;1514;382;51;185;107;8;245;no;si
56;mujer;1;educacion superior;rural;medio;564;1173;756;51;226;81;9;317;no;si
46;mujer;1;educacion superior;urbana;premium;107;872;81;16;272;91;3;336;no;no
51;mujer;6;secundaria;rural;medio;598;357;292;24;122;58;9;468;no;si
30;hombre;1;secundaria;urbana;basico;959;448;1386;11;300;103;4;260;si;no
60;hombre;6;primaria;rural;premium;35;698;1170;48;258;40;10;127;si;no
36;mujer;6;primaria;urbana;medio;571;16;1274;32;181;108;10;105;no;si
48;mujer;1;educacion superior;rural;premium;899;1607;241;8;5;3;9;188;no;no
46;hombre;3;secundaria;rural;basico;81;1247;821;53;292;89;5;470;no;no
50;mujer;2;secundaria;urbana;basico;786;1542;959;56;66;70;9;206;no;si
34;mujer;1;educacion superior;urbana;basico;366;1118;403;12;102;43;9;83;no;no
76;mujer;4;primaria;urbana;basico;729;583;1387;22;97;26;5;474;no;si
32;mujer;5;educacion superior;rural;medio;750;1636;690;59;199;97;4;114;no;si
73;mujer;3;educacion superior;rural;basico;354;1804;411;23;190;1;4;24;no;no
42;mujer;6;secundaria;urbana;premium;168;434;345;21;27;11;6;2;si;no
26;hombre;1;educacion superior;urbana;medio;762;39;116;55;97;118;6;418;no;si
73;hombre;5;primaria;urbana;premium;924;1183;1273;55;276;57;7;110;no;si
43;mujer;3;secundaria;urbana;basico;768;1581;458;45;64;105;5;263;no;si
20;mujer;5;primaria;rural;basico;996;368;1172;22;117;9;10;485;no;si
42;mujer;2;primaria;urbana;medio;451;1132;1055;21;238;24;10;116;no;si
67;mujer;1;primaria;urbana;medio;31;827;998;57;137;97;9;146;no;si
80;mujer;3;primaria;rural;premium;197;1397;552;47;89;15;10;413;no;si
76;hombre;4;primaria;rural;medio;408;985;530;20;75;43;7;442;no;si
80;mujer;3;secundaria;urbana;premium;278;1018;987;17;264;72;10;369;no;si
29;mujer;3;secundaria;rural;medio;599;1546;797;37;275;18;3;156;si;no
36;mujer;4;educacion superior;urbana;basico;880;1188;908;60;29;47;6;456;no;no
34;mujer;3;primaria;urbana;premium;918;1097;484;35;276;42;6;248;no;si
22;hombre;3;educacion superior;urbana;premium;516;1443;98;26;219;106;8;20;si;no
23;mujer;6;primaria;urbana;basico;675;532;1064;48;193;57;10;211;no;no
61;mujer;1;educacion superior;urbana;basico;997;817;994;52;293;64;10;438;no;no
55;hombre;3;educacion superior;rural;medio;431;110;332;46;82;53;2;203;no;no
63;mujer;2;educacion superior;urbana;medio;12;1906;596;46;240;58;5;97;no;si
42;mujer;2;secundaria;urbana;basico;60;864;152;59;234;94;7;386;no;si
61;hombre;4;secundaria;rural;premium;594;914;1206;13;45;85;3;444;si;no
66;mujer;5;primaria;rural;basico;726;1618;1461;26;112;82;4;79;no;si
75;mujer;4;primaria;rural;basico;945;642;205;15;243;46;7;430;no;si
18;mujer;4;educacion superior;urbana;basico;78;1400;962;30;28;103;4;61;si;no
25;mujer;4;educacion superior;urbana;premium;209;334;342;2;229;96;6;261;no;no
29;mujer;1;secundaria;rural;medio;48;298;201;39;178;31;5;273;no;no
56;mujer;1;primaria;urbana;premium;143;1152;1252;43;30;30;1;116;si;no
24;mujer;2;educacion superior;urbana;medio;762;812;1018;10;167;111;2;168;no;no
18;mujer;6;educacion superior;urbana;premium;202;1768;405;36;82;92;7;197;no;si
75;mujer;5;primaria;rural;premium;937;1989;700;4;44;3;9;22;si;no
24;mujer;4;primaria;rural;premium;583;1638;993;29;210;46;2;197;no;no
42;hombre;5;educacion superior;rural;premium;508;636;1011;41;125;88;7;339;no;no
30;hombre;3;secundaria;rural;medio;419;511;1166;22;212;58;3;265;no;si
32;mujer;4;secundaria;urbana;premium;496;1414;128;11;153;16;9;417;no;no
54;mujer;5;educacion superior;urbana;basico;993;908;608;20;100;72;5;403;no;si
47;mujer;6;primaria;urbana;basico;765;1851;1235;5;15;99;8;100;si;no
38;mujer;4;secundaria;rural;medio;278;92;804;57;66;46;4;138;no;si
32;hombre;4;educacion superior;urbana;medio;570;320;806;42;191;71;8;51;no;si
44;mujer;6;primaria;urbana;medio;607;1309;517;12;112;3;10;373;no;no
25;mujer;5;primaria;rural;premium;507;584;1191;52;66;118;8;63;no;si
40;mujer;6;primaria;rural;medio;348;172;1232;45;150;11;7;76;no;si
74;mujer;2;educacion superior;rural;medio;613;321;1222;29;242;41;7;26;si;no
68;mujer;5;educacion superior;urbana;basico;26;1268;474;33;277;31;7;118;no;si
50;mujer;6;educacion superior;rural;medio;805;1791;1042;26;129;12;10;398;no;si
52;mujer;4;secundaria;rural;medio;803;1727;1411;23;18;102;7;153;si;no
18;hombre;3;educacion superior;urbana;medio;961;1172;415;21;60;96;8;283;no;si
77;hombre;1;primaria;urbana;medio;244;206;49;33;258;34;8;489;no;no
22;mujer;6;secundaria;rural;premium;179;877;770;27;32;96;8;241;no;no
61;mujer;3;primaria;urbana;premium;782;1254;1230;14;140;45;9;106;no;no
28;mujer;4;secundaria;rural;premium;340;1990;1047;29;79;2;5;75;no;si
45;hombre;2;secundaria;rural;medio;748;1010;365;30;190;41;10;364;no;si
46;mujer;6;primaria;urbana;basico;193;1105;1457;12;291;6;3;106;si;no
69;mujer;3;secundaria;rural;basico;904;1970;969;30;294;59;8;367;si;no
40;mujer;4;secundaria;rural;premium;213;1094;438;42;221;1;9;252;si;no
54;hombre;1;primaria;urbana;medio;638;1754;1475;9;37;88;10;5;si;no
50;mujer;3;educacion superior;urbana;medio;820;974;329;17;121;67;6;72;no;no
57;mujer;2;educacion superior;urbana;medio;322;1199;443;27;198;2;3;89;no;si
36;hombre;4;primaria;urbana;medio;946;734;698;58;192;1;8;121;si;no
70;mujer;6;secundaria;rural;medio;828;1115;441;11;32;60;9;114;no;no
44;mujer;1;primaria;rural;medio;435;1696;385;28;192;47;5;432;no;si
76;mujer;4;secundaria;rural;basico;166;886;1087;26;156;10;7;48;no;no
57;mujer;4;secundaria;urbana;premium;676;352;594;31;77;23;4;103;no;si
40;hombre;2;primaria;urbana;premium;887;619;968;36;150;81;5;448;no;si
46;mujer;6;secundaria;urbana;basico;350;304;1367;18;269;37;9;101;no;si
45;hombre;1;secundaria;urbana;basico;432;1023;452;40;58;17;4;436;no;si
25;mujer;5;secundaria;urbana;premium;538;1945;417;46;211;103;7;289;no;si
20;mujer;1;educacion superior;rural;medio;72;1360;1;16;221;99;3;326;no;si
38;hombre;3;educacion superior;rural;basico;473;686;416;40;59;83;3;138;no;si
28;mujer;5;primaria;rural;basico;248;274;795;21;59;33;9;120;no;si
33;mujer;5;primaria;rural;basico;409;156;341;27;189;56;6;492;no;si
79;mujer;5;primaria;rural;medio;672;117;603;1;74;58;1;475;no;no
77;mujer;4;educacion superior;urbana;basico;767;1053;1007;27;267;100;10;225;no;si
80;hombre;1;primaria;urbana;basico;17;716;615;25;137;113;9;60;no;si
22;mujer;3;primaria;urbana;basico;639;1768;416;42;142;18;5;480;no;si
31;mujer;5;educacion superior;urbana;basico;707;1469;1053;38;296;20;0;444;no;no
74;mujer;3;primaria;rural;basico;41;808;915;37;77;77;10;217;no;no
46;hombre;1;secundaria;rural;basico;210;649;627;41;65;22;7;323;si;no
62;hombre;5;educacion superior;urbana;basico;119;321;1460;12;172;99;7;373;no;no
69;mujer;4;secundaria;rural;premium;411;429;1293;49;132;30;6;459;si;no
35;hombre;3;secundaria;urbana;premium;787;1920;1421;53;267;7;7;200;no;no
26;mujer;6;secundaria;urbana;medio;564;844;349;14;177;77;3;495;no;no
79;hombre;5;secundaria;urbana;premium;513;1098;1357;24;178;99;7;480;no;si
52;mujer;1;secundaria;rural;medio;183;1915;1364;30;107;94;3;294;no;si
65;mujer;2;educacion superior;urbana;basico;81;1694;54;49;108;73;9;223;no;si
27;hombre;1;primaria;urbana;basico;564;998;1117;17;210;46;4;142;no;no
53;mujer;4;secundaria;rural;premium;90;229;1335;58;291;25;8;303;no;si
27;hombre;1;primaria;urbana;premium;387;1795;650;30;219;16;6;164;no;si
26;hombre;1;secundaria;rural;basico;292;1019;60;35;39;30;6;244;si;no
30;mujer;3;educacion superior;rural;premium;879;118;184;41;109;88;2;407;si;no
55;mujer;2;educacion superior;rural;premium;219;661;802;35;245;33;7;484;no;si
16;mujer;1;secundaria;urbana;basico;219;1809;80;38;135;25;5;322;no;si
28;mujer;2;educacion superior;rural;medio;982;1193;966;38;31;13;9;17;si;no
70;hombre;3;primaria;rural;medio;250;163;1348;57;15;50;4;224;si;no
65;mujer;6;secundaria;rural;medio;632;171;1082;19;129;2;6;145;no;si
62;mujer;2;educacion superior;urbana;premium;645;1561;686;18;154;103;0;369;si;no
54;mujer;2;primaria;urbana;medio;116;1326;354;10;42;35;0;329;no;no
74;mujer;6;secundaria;rural;medio;79;744;462;35;221;28;5;476;si;no
72;mujer;3;primaria;urbana;medio;254;1771;1325;15;69;46;4;411;si;no
71;mujer;4;educacion superior;rural;basico;207;1860;1242;27;172;81;4;311;no;si
65;mujer;6;secundaria;rural;basico;608;1876;1122;17;144;45;8;117;si;no
69;hombre;3;secundaria;urbana;premium;785;1819;705;54;137;53;10;450;no;si
42;mujer;5;educacion superior;urbana;premium;836;1197;994;19;297;67;8;248;no;si
43;mujer;3;educacion superior;rural;basico;940;1575;740;22;219;24;10;487;no;si
23;mujer;2;secundaria;rural;medio;927;949;482;13;32;32;4;183;no;no
16;hombre;4;primaria;urbana;medio;73;739;1024;19;55;104;5;432;si;no
77;hombre;4;primaria;rural;basico;817;1388;1060;16;288;103;3;461;si;no
46;hombre;3;secundaria;urbana;premium;711;1374;613;39;74;6;8;389;no;si
55;mujer;1;primaria;rural;basico;728;225;1011;18;141;32;10;117;no;si
37;mujer;3;secundaria;urbana;medio;668;1160;579;37;124;15;1;285;no;no
48;hombre;1;secundaria;urbana;medio;22;739;419;29;145;25;9;451;no;si
39;hombre;4;educacion superior;rural;medio;939;1153;1048;34;126;2;10;164;si;no
17;mujer;6;secundaria;urbana;basico;827;813;349;10;8;23;4;336;no;no
74;mujer;6;secundaria;rural;basico;320;257;163;6;188;47;9;332;no;no
62;mujer;5;primaria;rural;medio;707;456;933;13;53;77;1;433;no;no
63;hombre;5;primaria;rural;basico;776;453;633;28;220;75;10;302;no;si
52;mujer;5;primaria;urbana;medio;541;166;951;53;201;117;3;379;no;si
40;mujer;6;educacion superior;urbana;premium;334;18;342;47;241;50;4;333;no;si
72;mujer;3;primaria;rural;basico;794;1101;1418;31;203;91;2;480;si;no
41;mujer;5;secundaria;urbana;medio;454;173;154;60;182;20;7;311;no;no
33;mujer;2;educacion superior;urbana;premium;224;1939;1281;26;257;102;6;344;no;si
41;mujer;2;primaria;rural;premium;169;1279;579;36;118;37;3;117;no;si
71;mujer;3;primaria;rural;premium;371;218;1127;42;288;89;1;450;si;no
57;mujer;5;primaria;urbana;medio;90;1075;1313;36;84;34;4;354;si;no
78;hombre;6;educacion superior;urbana;basico;919;1776;1442;40;236;28;3;377;no;si
16;mujer;3;secundaria;rural;premium;321;803;1420;56;235;76;5;151;si;no
77;hombre;4;educacion superior;urbana;basico;377;805;28;17;282;41;4;338;no;si
49;hombre;3;primaria;urbana;basico;561;1567;575;7;223;6;8;119;si;no
51;mujer;4;secundaria;rural;premium;11;21;603;42;168;92;2;47;si;no
17;mujer;4;primaria;rural;premium;6;1833;303;58;149;50;9;471;no;si
53;mujer;4;primaria;rural;basico;520;725;281;20;296;63;7;442;si;no
54;mujer;1;primaria;rural;premium;528;575;328;48;124;96;3;269;no;si
25;mujer;5;secundaria;rural;basico;594;858;1277;15;90;19;3;329;no;no
17;mujer;6;primaria;urbana;medio;169;291;679;31;299;106;7;289;no;no
50;mujer;6;educacion superior;urbana;medio;332;953;689;15;207;65;6;57;no;si
57;mujer;1;educacion superior;rural;medio;417;1357;1223;21;190;61;10;245;no;si
58;mujer;5;primaria;rural;premium;203;134;345;57;112;111;9;300;no;si
17;hombre;1;secundaria;rural;medio;585;369;807;31;89;1;9;357;no;si
67;mujer;5;primaria;rural;premium;847;859;338;7;279;72;3;301;no;no
23;hombre;1;primaria;urbana;basico;614;66;974;42;152;59;1;436;no;no
63;mujer;1;educacion superior;urbana;medio;109;1143;516;43;277;21;6;293;no;no
57;hombre;6;primaria;rural;basico;289;1850;87;51;6;29;10;477;si;no
54;mujer;3;educacion superior;urbana;basico;649;50;541;0;52;13;5;249;no;no
65;mujer;1;primaria;rural;medio;485;1874;267;35;193;108;9;216;no;si
38;hombre;4;educacion superior;urbana;premium;982;282;1448;15;142;66;5;182;si;no
55;mujer;3;secundaria;rural;premium;718;1283;1164;40;11;77;4;5;no;no
50;hombre;1;primaria;urbana;medio;321;312;1469;40;20;14;5;270;no;no
29;mujer;2;educacion superior;rural;basico;532;395;215;44;174;61;7;68;si;no
49;mujer;2;secundaria;urbana;medio;920;802;769;59;222;96;3;91;no;no
63;mujer;4;primaria;rural;premium;524;564;736;52;130;86;9;419;no;no
60;hombre;6;educacion superior;urbana;premium;557;678;544;23;293;90;6;401;no;si
41;mujer;3;educacion superior;rural;premium;671;1108;527;28;197;97;7;99;no;no
50;mujer;2;secundaria;urbana;medio;298;1120;534;50;62;84;2;461;si;no
43;mujer;3;secundaria;rural;premium;193;1427;1176;13;223;16;0;301;no;no
53;hombre;6;secundaria;urbana;medio;62;561;1390;31;286;37;7;461;si;no
53;hombre;5;educacion superior;rural;basico;99;1233;625;8;142;74;8;100;no;no
41;mujer;2;primaria;rural;medio;812;1708;1365;32;119;80;5;106;no;si
57;hombre;5;secundaria;rural;premium;953;889;223;31;29;70;8;78;si;no
52;mujer;3;educacion superior;rural;medio;379;521;1005;25;130;54;5;319;no;si
28;mujer;5;primaria;rural;medio;943;854;450;55;78;105;10;451;no;si
27;mujer;5;primaria;rural;medio;815;743;1089;44;102;99;6;423;no;si
38;mujer;3;educacion superior;rural;premium;665;482;988;17;211;32;4;406;no;si
52;mujer;3;educacion superior;urbana;basico;531;399;1044;54;95;83;5;227;no;si
40;hombre;5;secundaria;urbana;medio;189;1254;1451;23;227;105;7;104;no;si
63;hombre;5;primaria;rural;premium;582;1629;288;58;287;1;5;432;no;si
36;hombre;5;educacion superior;urbana;medio;835;105;101;47;180;65;7;115;no;si
43;mujer;5;educacion superior;rural;basico;816;1279;1445;28;127;6;7;453;no;si
33;mujer;3;primaria;rural;premium;864;1570;1024;50;202;18;3;391;no;si
48;mujer;4;primaria;rural;premium;66;1715;484;31;199;23;3;166;no;si
35;mujer;6;educacion superior;rural;premium;722;1108;709;19;131;1;9;474;no;si
56;hombre;4;secundaria;rural;premium;702;307;524;15;103;65;9;131;no;si
57;hombre;4;primaria;rural;premium;507;653;143;25;210;113;5;398;si;no
30;mujer;2;primaria;rural;basico;719;687;293;27;182;85;4;194;no;si
32;mujer;6;primaria;urbana;basico;130;555;704;7;152;120;3;26;no;no
41;mujer;4;educacion superior;urbana;medio;334;942;1416;56;245;94;3;347;no;si
61;mujer;1;secundaria;urbana;basico;759;1528;1135;37;185;107;5;333;no;si
76;mujer;2;educacion superior;rural;basico;730;481;169;52;253;22;1;326;no;no
21;mujer;4;secundaria;urbana;premium;369;1029;338;60;162;61;3;245;no;si
24;mujer;4;secundaria;rural;basico;721;1860;243;28;104;67;9;337;no;si
59;mujer;5;primaria;urbana;basico;695;1089;649;17;229;65;8;433;no;si
27;mujer;2;primaria;urbana;medio;697;1844;1003;33;153;20;10;135;no;si
41;mujer;4;educacion superior;urbana;medio;70;385;1214;52;109;73;3;450;no;si
40;mujer;2;secundaria;rural;basico;78;654;494;48;229;96;8;366;no;si
56;mujer;1;secundaria;urbana;premium;792;629;390;37;129;21;8;52;no;si
42;mujer;6;educacion superior;urbana;basico;337;93;1306;31;280;83;8;457;si;no
45;hombre;2;educacion superior;rural;premium;673;1904;272;39;259;32;3;235;no;no
53;mujer;1;secundaria;rural;premium;292;1706;10;41;246;72;4;206;no;si
68;mujer;2;educacion superior;rural;premium;741;317;568;39;282;66;7;463;no;no
45;mujer;2;secundaria;urbana;premium;225;1839;842;19;163;67;3;292;no;si
21;mujer;6;primaria;urbana;basico;771;1269;846;38;108;72;7;214;no;si
71;mujer;5;primaria;rural;medio;286;831;1;45;265;7;5;112;no;si
66;mujer;6;secundaria;urbana;basico;129;994;796;55;148;111;5;289;no;si
61;mujer;3;secundaria;rural;premium;276;356;221;56;72;113;10;316;si;no
27;hombre;2;primaria;rural;premium;424;1829;76;34;279;64;6;409;no;si
22;hombre;4;secundaria;urbana;basico;925;151;387;22;69;63;2;334;si;no
71;hombre;4;secundaria;urbana;premium;378;296;696;4;295;108;0;203;si;no
46;mujer;1;educacion superior;urbana;basico;985;1239;1374;53;256;51;2;192;no;no
52;mujer;4;secundaria;urbana;premium;723;426;1130;39;182;58;8;132;no;si
57;hombre;4;primaria;rural;premium;15;1497;477;15;259;111;9;211;no;no
40;hombre;3;primaria;urbana;basico;95;345;735;57;22;27;5;460;si;no
79;mujer;2;educacion superior;urbana;basico;481;734;809;43;57;66;9;316;no;si
46;hombre;2;secundaria;urbana;medio;603;764;652;60;246;52;5;376;no;si
39;mujer;2;secundaria;rural;premium;49;285;15;17;110;20;5;234;si;no
65;mujer;3;educacion superior;rural;medio;614;1964;286;16;192;118;8;328;no;si
76;mujer;6;primaria;rural;medio;50;1325;1422;37;46;103;9;331;no;no
50;hombre;5;primaria;urbana;premium;985;1460;112;53;131;47;7;448;no;si
18;mujer;2;educacion superior;urbana;basico;695;1912;885;55;105;74;7;486;si;no
76;hombre;5;primaria;urbana;basico;598;190;1323;40;244;31;10;309;no;si
73;mujer;6;educacion superior;rural;premium;134;653;169;28;263;40;7;416;no;si
46;hombre;2;primaria;urbana;medio;446;1853;608;5;25;110;9;4;si;no
68;mujer;5;primaria;urbana;premium;151;395;1005;24;88;107;3;144;si;no
25;mujer;5;primaria;urbana;basico;901;758;844;29;129;73;5;80;no;si
59;hombre;4;secundaria;urbana;premium;662;92;1037;19;119;18;7;114;no;si
68;mujer;4;primaria;urbana;premium;880;638;146;42;43;87;5;257;no;no
46;mujer;2;primaria;rural;basico;311;790;545;19;243;8;6;496;si;no
26;mujer;4;educacion superior;rural;premium;254;419;23;32;203;47;7;344;no;si
35;hombre;2;secundaria;rural;premium;138;1838;109;37;179;64;8;144;no;si
73;mujer;2;secundaria;urbana;premium;131;10;325;46;258;73;3;273;no;si
20;mujer;4;secundaria;rural;premium;146;570;1377;60;272;32;10;226;no;si
49;mujer;6;primaria;rural;medio;307;477;755;17;215;4;10;419;no;no
45;hombre;6;primaria;rural;medio;341;430;562;57;210;45;4;78;no;si
19;mujer;3;educacion superior;urbana;basico;135;1764;1497;48;204;18;10;28;no;no
54;hombre;6;educacion superior;urbana;basico;512;756;585;49;53;52;9;112;no;si
68;hombre;1;educacion superior;urbana;premium;71;728;1003;28;82;3;6;466;no;si
56;mujer;1;primaria;rural;premium;848;1234;1112;44;143;92;5;415;no;si
18;mujer;1;primaria;rural;medio;838;881;629;29;70;2;7;170;no;si
46;hombre;5;primaria;rural;basico;966;45;4;47;105;105;5;122;no;si
43;hombre;4;educacion superior;urbana;medio;255;1672;1376;36;163;95;1;311;si;no
37;mujer;5;primaria;rural;premium;785;640;1157;46;95;18;8;97;si;no
77;mujer;5;secundaria;urbana;basico;368;734;797;48;82;26;2;381;no;no
18;mujer;1;primaria;rural;premium;898;1800;1109;50;142;17;5;142;si;no
40;mujer;6;primaria;rural;premium;489;1222;1022;30;262;26;9;89;no;si
64;hombre;1;primaria;urbana;medio;391;1583;351;27;117;95;1;448;no;no
29;mujer;3;secundaria;rural;premium;906;1692;1286;57;152;95;5;157;no;no
43;mujer;1;secundaria;urbana;premium;799;92;976;58;266;99;4;191;no;no
74;mujer;5;primaria;rural;premium;953;1511;883;29;55;91;1;436;si;no
17;mujer;2;educacion superior;urbana;premium;752;1804;183;42;31;77;10;160;si;no
77;mujer;1;secundaria;rural;basico;128;402;335;39;215;71;2;131;si;no
23;mujer;3;secundaria;rural;medio;879;44;190;36;96;83;3;262;no;si
42;mujer;3;educacion superior;urbana;premium;843;564;1393;51;99;52;4;85;no;si
18;mujer;5;educacion superior;rural;premium;801;1154;181;54;71;48;8;446;no;si
64;mujer;2;primaria;urbana;premium;898;1175;477;25;84;99;3;329;no;si
59;hombre;6;secundaria;urbana;medio;87;1389;1498;48;220;120;6;141;no;no
50;hombre;2;primaria;urbana;basico;727;538;1363;51;248;4;8;318;no;si
61;mujer;4;primaria;rural;basico;604;1247;1442;37;248;2;8;452;no;si
73;mujer;6;educacion superior;urbana;premium;235;1963;612;10;163;102;10;271;si;no
40;mujer;5;primaria;urbana;basico;161;109;1491;30;146;49;5;344;no;si
70;mujer;1;secundaria;urbana;basico;569;1361;1211;9;61;64;0;20;si;no
56;mujer;3;secundaria;urbana;premium;306;1267;568;57;205;13;4;199;no;si
29;mujer;2;primaria;urbana;premium;506;194;1060;4;233;95;0;199;no;no
18;mujer;2;educacion superior;urbana;premium;248;1062;1137;37;161;75;6;467;no;si
75;mujer;6;primaria;urbana;medio;741;22;162;34;81;48;10;169;si;no
47;mujer;3;educacion superior;rural;basico;787;1138;347;41;149;31;5;375;si;no
62;mujer;2;secundaria;urbana;medio;252;1617;646;10;50;36;3;241;no;no
16;mujer;3;primaria;rural;premium;343;1362;123;50;80;39;6;81;si;no
34;mujer;1;primaria;urbana;basico;628;1368;1115;26;273;41;6;342;no;si
48;mujer;4;secundaria;urbana;medio;705;263;1064;32;246;65;10;355;no;no
28;mujer;3;primaria;rural;medio;228;139;1050;9;89;49;3;353;si;no
37;mujer;2;primaria;urbana;medio;278;169;928;40;91;111;8;358;no;si
61;hombre;6;educacion superior;rural;premium;982;377;789;30;259;8;9;402;no;si
62;mujer;3;primaria;urbana;premium;180;1240;1301;52;180;51;6;94;no;si
66;mujer;1;secundaria;rural;medio;180;764;1429;23;97;80;8;331;no;si
36;mujer;6;secundaria;urbana;basico;827;513;165;37;256;11;8;497;no;si
40;hombre;1;secundaria;urbana;basico;503;1731;1440;52;206;39;6;424;si;no
24;mujer;4;secundaria;urbana;medio;585;1250;17;31;66;1;8;283;no;si
38;mujer;4;educacion superior;rural;premium;382;1477;268;33;289;54;5;217;no;si
80;mujer;2;primaria;urbana;premium;11;1383;1138;22;9;40;9;470;si;no
32;mujer;6;secundaria;urbana;medio;172;390;730;49;245;28;5;325;no;si
25;mujer;5;primaria;rural;medio;856;622;76;19;104;60;6;204;no;si
41;mujer;1;primaria;urbana;basico;122;485;789;38;48;51;8;438;no;no
38;hombre;5;educacion superior;urbana;basico;156;283;126;16;294;98;7;193;no;si
68;hombre;4;educacion superior;rural;premium;287;1843;73;50;108;85;3;186;no;si
54;mujer;2;secundaria;urbana;premium;840;476;1349;19;78;111;6;150;no;si
59;mujer;3;secundaria;urbana;basico;816;1044;238;60;296;117;9;126;no;no
41;hombre;4;primaria;rural;premium;770;1440;164;52;174;29;5;137;no;si
21;mujer;2;primaria;urbana;premium;833;1570;151;17;175;42;5;488;no;si
54;mujer;1;secundaria;rural;premium;104;1048;42;3;144;23;8;430;si;no
43;hombre;1;secundaria;urbana;premium;818;1945;670;30;280;69;1;299;si;no
43;hombre;4;secundaria;rural;medio;987;1647;983;17;298;54;5;8;no;no
78;mujer;1;educacion superior;rural;basico;986;54;1415;58;265;46;8;449;no;si
79;hombre;3;primaria;rural;premium;7;68;266;13;48;65;4;166;no;no
16;hombre;2;primaria;rural;basico;451;1369;634;26;101;16;4;189;si;no
70;mujer;4;educacion superior;rural;basico;569;1850;1183;50;19;112;4;486;si;no
62;mujer;3;secundaria;urbana;medio;592;1103;1465;38;61;32;6;205;no;si
33;hombre;4;primaria;rural;medio;37;1925;1259;13;92;70;8;292;si;no
19;mujer;2;educacion superior;urbana;medio;506;125;109;40;27;69;5;220;no;no
48;mujer;3;educacion superior;rural;medio;933;417;886;54;4;17;8;475;si;no
56;hombre;3;secundaria;rural;premium;531;1085;602;41;271;16;10;427;no;si
73;hombre;3;educacion superior;urbana;premium;147;495;809;10;114;104;3;204;si;no
65;mujer;3;primaria;rural;premium;177;1340;117;35;274;72;4;376;no;si
69;mujer;3;primaria;rural;basico;897;1649;1156;59;32;91;3;67;no;no
65;hombre;6;primaria;urbana;basico;856;294;255;49;113;45;8;170;no;si
58;mujer;5;secundaria;urbana;medio;158;1487;1482;40;170;100;3;412;no;si
19;mujer;3;primaria;urbana;basico;496;1013;895;32;246;32;8;281;no;si
65;mujer;5;primaria;rural;medio;153;1090;1380;25;73;39;4;313;si;no
38;mujer;6;secundaria;rural;medio;412;1793;1121;46;126;57;4;346;no;si
58;mujer;3;primaria;rural;medio;672;412;769;56;62;36;4;67;no;si
66;mujer;5;primaria;urbana;medio;272;1635;1088;18;140;67;10;428;no;si
33;mujer;2;primaria;urbana;premium;662;1960;392;7;140;52;7;59;no;no
55;mujer;5;primaria;urbana;basico;399;928;19;31;262;65;4;82;no;si
71;hombre;6;secundaria;urbana;basico;64;1266;5;34;103;3;4;406;si;no
62;mujer;5;primaria;rural;basico;930;1906;546;19;146;101;1;281;no;no
68;mujer;2;secundaria;rural;basico;927;1441;66;1;7;110;9;136;no;no
71;mujer;3;primaria;urbana;basico;877;692;1063;31;229;107;5;487;si;no
18;mujer;1;secundaria;urbana;medio;823;1374;1002;51;114;85;9;127;no;si
58;mujer;3;secundaria;urbana;basico;132;918;594;56;190;29;6;137;no;si
24;mujer;6;secundaria;urbana;basico;321;594;303;6;236;26;6;342;no;no
80;mujer;1;educacion superior;urbana;premium;436;1702;17;38;85;54;8;302;si;no
76;mujer;6;educacion superior;rural;medio;155;1966;366;42;231;97;8;353;si;no
72;mujer;6;educacion superior;rural;premium;392;1173;1294;43;138;67;8;462;no;si
23;mujer;4;educacion superior;urbana;basico;682;1924;370;30;84;66;9;121;no;no
41;hombre;2;educacion superior;rural;premium;432;515;274;28;284;19;9;104;no;no
16;hombre;1;secundaria;rural;medio;741;1450;940;27;68;115;9;224;no;si
28;mujer;3;secundaria;urbana;medio;853;1765;226;46;282;7;5;362;no;si
78;mujer;5;educacion superior;urbana;premium;992;1393;1002;26;293;32;5;193;no;si
79;mujer;4;secundaria;urbana;medio;696;1735;1220;51;126;93;3;434;no;si
61;hombre;2;primaria;rural;medio;425;1298;59;34;123;35;8;89;no;no
54;hombre;5;primaria;rural;medio;826;41;639;42;193;102;5;390;no;si
46;mujer;6;primaria;urbana;medio;327;325;1047;47;230;37;3;127;si;no
31;mujer;6;primaria;urbana;premium;223;98;83;23;196;109;5;359;no;si
30;mujer;1;educacion superior;rural;basico;753;890;1468;46;196;119;8;355;si;no
42;mujer;1;secundaria;urbana;basico;995;700;1302;47;211;42;7;282;no;si
22;mujer;4;educacion superior;rural;medio;103;376;1018;28;154;70;3;484;no;si
25;hombre;4;primaria;rural;basico;668;883;221;26;69;94;8;386;si;no
47;mujer;1;primaria;urbana;medio;848;781;420;32;275;119;8;328;no;si
28;mujer;2;educacion superior;rural;basico;614;1576;98;26;152;37;3;62;no;si
70;hombre;3;primaria;urbana;premium;118;2;306;43;179;101;6;83;no;si
78;hombre;5;secundaria;urbana;premium;326;1006;281;38;181;103;1;467;si;no
49;hombre;6;secundaria;rural;medio;375;370;486;60;87;29;4;2;si;no
62;mujer;4;educacion superior;urbana;basico;908;143;858;34;168;11;3;407;no;no
52;mujer;2;primaria;urbana;basico;620;649;1468;42;32;32;5;195;no;no
74;hombre;4;educacion superior;rural;medio;574;1830;520;52;255;96;0;384;si;no
40;mujer;3;primaria;urbana;basico;117;717;815;16;300;105;10;372;no;si
36;mujer;5;secundaria;urbana;medio;77;670;1240;58;219;33;10;329;no;si
34;mujer;4;educacion superior;urbana;medio;937;401;1448;30;206;105;5;105;si;no
42;mujer;3;secundaria;urbana;premium;575;201;1029;58;53;2;8;243;si;no
21;mujer;5;secundaria;rural;premium;312;942;181;5;148;53;0;469;no;no
44;hombre;5;educacion superior;rural;basico;631;1389;906;45;195;98;4;197;no;si
20;mujer;2;secundaria;rural;medio;878;503;502;16;67;78;7;285;si;no
56;hombre;4;educacion superior;rural;medio;787;1880;1225;25;238;3;7;122;no;si
42;mujer;3;primaria;urbana;basico;754;1285;682;31;235;90;4;260;si;no
56;mujer;3;secundaria;urbana;medio;883;807;569;34;100;46;7;380;no;no
68;mujer;2;primaria;urbana;medio;992;958;351;46;6;46;10;386;no;no
38;mujer;6;secundaria;urbana;premium;91;1688;407;33;174;34;0;228;si;no
16;hombre;1;secundaria;urbana;medio;902;1503;865;37;83;30;3;56;no;si
26;mujer;2;primaria;urbana;premium;175;961;1362;28;79;104;10;253;si;no
47;mujer;1;secundaria;rural;premium;185;460;1167;48;19;97;4;354;si;no
35;hombre;4;educacion superior;rural;medio;148;649;981;34;252;108;10;202;no;si
56;mujer;1;educacion superior;urbana;premium;486;1013;514;19;100;116;2;220;si;no
40;hombre;5;secundaria;rural;basico;129;336;1246;42;45;41;5;456;no;no
24;mujer;5;primaria;urbana;premium;671;405;353;45;48;92;5;4;no;no
57;mujer;4;secundaria;urbana;premium;673;1782;290;11;47;89;2;235;si;no
46;mujer;2;secundaria;rural;basico;583;928;218;29;278;114;4;338;no;si
24;mujer;1;primaria;urbana;premium;827;1331;265;20;268;112;8;231;no;si
22;hombre;6;primaria;rural;basico;714;301;274;39;67;30;8;114;si;no
43;mujer;2;educacion superior;rural;medio;265;1726;608;36;64;16;5;372;no;no
20;hombre;2;secundaria;urbana;basico;653;265;827;40;104;22;0;453;no;no
37;hombre;4;educacion superior;urbana;basico;605;1701;1024;4;201;100;7;235;no;no
40;mujer;1;primaria;rural;medio;649;657;597;24;251;23;9;309;no;no
25;mujer;4;primaria;rural;medio;494;1270;177;36;209;56;7;226;no;si
68;hombre;6;primaria;rural;premium;285;1471;1345;40;169;112;5;96;no;si
17;mujer;3;primaria;urbana;premium;61;1871;936;21;271;100;6;367;si;no
76;hombre;5;primaria;rural;basico;678;123;555;25;156;46;9;203;no;si
37;hombre;6;educacion superior;rural;premium;752;292;962;41;50;86;6;110;no;si
33;mujer;1;secundaria;urbana;premium;768;84;91;9;157;96;0;374;no;no
34;hombre;5;educacion superior;urbana;medio;443;1156;1137;50;113;33;3;296;no;si
51;mujer;1;primaria;rural;premium;215;683;448;24;71;62;6;156;no;si
43;mujer;5;secundaria;urbana;medio;790;235;376;31;289;37;9;356;no;si
75;mujer;2;primaria;rural;medio;350;1262;1476;18;200;104;3;200;no;si
25;hombre;1;primaria;urbana;basico;493;500;1092;24;218;4;10;337;no;si
55;mujer;1;primaria;urbana;basico;387;546;1254;9;297;116;6;437;si;no
72;mujer;4;primaria;urbana;medio;566;831;238;18;125;48;10;156;no;no
31;hombre;1;primaria;urbana;basico;50;122;730;43;250;112;10;312;no;si
75;mujer;5;educacion superior;urbana;medio;943;1329;337;27;273;51;9;65;no;si
50;hombre;5;educacion superior;rural;medio;543;318;206;27;113;99;8;468;no;si
75;mujer;1;primaria;rural;medio;916;1133;678;3;298;61;4;187;si;no
26;mujer;3;primaria;rural;medio;746;1372;238;55;128;106;5;323;no;si
51;mujer;5;educacion superior;rural;medio;231;546;916;26;98;90;9;101;no;si
29;mujer;5;primaria;rural;medio;367;1355;189;41;231;114;6;278;no;si
23;mujer;5;primaria;rural;medio;932;379;1216;54;174;19;5;136;no;si
72;mujer;1;secundaria;rural;medio;607;1001;66;14;143;71;7;425;no;no
30;mujer;6;primaria;rural;basico;41;142;333;21;164;20;9;106;no;si
73;mujer;4;educacion superior;urbana;basico;440;1959;606;32;224;24;5;168;no;si
67;hombre;5;educacion superior;urbana;premium;390;309;941;5;41;7;7;327;no;no
73;mujer;5;primaria;urbana;basico;253;1449;975;29;61;51;8;134;no;si
41;hombre;6;secundaria;rural;medio;501;867;1435;33;298;99;8;217;no;si
74;hombre;5;secundaria;urbana;premium;95;656;1003;35;13;66;9;55;si;no
71;mujer;3;educacion superior;rural;premium;534;958;1254;31;64;55;1;370;no;no
53;hombre;5;secundaria;rural;basico;822;162;967;33;235;40;6;269;no;si
45;mujer;1;educacion superior;urbana;medio;793;522;12;8;42;29;9;141;si;no
60;hombre;3;educacion superior;urbana;medio;956;1463;1491;42;73;102;5;335;si;no
74;hombre;5;primaria;rural;medio;28;1879;1075;55;69;13;8;110;no;no
65;hombre;4;secundaria;urbana;premium;503;764;969;46;295;52;4;103;no;no
56;mujer;1;primaria;rural;medio;92;835;702;25;67;82;9;490;si;no
24;mujer;3;educacion superior;urbana;basico;625;219;1477;3;141;48;7;329;si;no
30;hombre;5;primaria;urbana;basico;866;1716;963;31;289;25;2;45;si;no
22;hombre;5;educacion superior;rural;basico;686;1981;1159;24;85;52;9;454;si;no
60;mujer;5;primaria;rural;premium;169;1747;816;32;167;45;8;145;no;si
25;hombre;3;primaria;urbana;basico;591;1627;948;40;172;5;4;489;no;si
46;hombre;2;educacion superior;urbana;basico;987;182;142;31;176;18;6;130;si;no
72;hombre;5;educacion superior;rural;medio;275;1570;1362;60;86;102;7;189;no;si
55;hombre;3;secundaria;urbana;basico;293;1062;834;50;235;93;10;197;no;si
20;hombre;5;primaria;rural;basico;523;1986;1121;37;278;80;3;455;no;si
51;mujer;2;primaria;rural;premium;609;1572;922;30;104;51;4;239;no;si
48;hombre;6;secundaria;rural;basico;114;1238;994;37;116;60;3;56;si;no
51;mujer;4;secundaria;rural;basico;911;1958;200;28;107;62;0;476;no;no
52;mujer;4;primaria;rural;basico;178;1468;1164;25;137;18;5;462;no;si
27;hombre;6;educacion superior;urbana;basico;450;820;897;5;135;95;5;208;no;no
69;hombre;1;primaria;urbana;medio;932;1940;1281;19;249;67;7;101;no;si
42;mujer;2;educacion superior;rural;basico;240;1608;1085;39;209;98;8;391;no;si
75;hombre;4;primaria;urbana;premium;563;1917;1085;39;186;91;5;453;si;no
71;mujer;4;primaria;rural;medio;418;511;217;47;275;43;5;174;si;no
51;mujer;3;secundaria;urbana;basico;317;682;1476;46;94;106;0;283;si;no
18;mujer;3;secundaria;rural;premium;280;1294;19;43;229;88;3;258;no;si
48;mujer;4;primaria;rural;medio;396;458;35;43;200;42;2;202;si;no
39;hombre;3;primaria;urbana;premium;474;453;600;42;52;53;4;257;no;si
74;mujer;2;secundaria;rural;medio;640;1934;864;16;211;102;8;112;si;no
40;mujer;3;primaria;urbana;premium;565;1712;484;39;85;36;5;156;no;si
78;mujer;5;secundaria;urbana;premium;458;983;613;29;216;120;8;360;si;no
26;mujer;1;educacion superior;urbana;medio;512;1425;922;59;227;54;7;298;no;si
40;hombre;2;educacion superior;urbana;medio;339;299;867;55;90;92;4;437;si;no
55;hombre;6;secundaria;rural;basico;430;137;1232;34;164;99;10;354;no;si
32;mujer;2;educacion superior;rural;basico;745;1014;423;21;70;98;9;492;no;si
18;mujer;4;secundaria;urbana;premium;459;1803;128;50;248;26;5;187;si;no
66;hombre;3;secundaria;urbana;basico;648;799;278;34;11;9;10;440;no;no
69;hombre;3;primaria;rural;premium;699;1134;241;0;99;29;1;428;si;no
66;mujer;5;secundaria;rural;basico;317;536;79;34;81;100;0;231;si;no
75;mujer;1;secundaria;urbana;premium;291;28;457;54;248;2;5;372;no;no
52;hombre;3;educacion superior;rural;medio;508;789;1029;43;117;63;7;148;no;si
34;hombre;1;educacion superior;urbana;premium;979;1950;374;48;240;46;4;455;no;si
63;mujer;1;secundaria;urbana;premium;597;6;694;37;16;64;2;45;no;no
60;mujer;1;secundaria;urbana;medio;434;100;1034;56;104;95;3;498;no;si
44;hombre;4;primaria;urbana;basico;635;1938;35;45;135;72;9;317;si;no
28;mujer;2;secundaria;rural;medio;536;953;1021;2;159;110;0;104;no;no
38;mujer;1;educacion superior;urbana;basico;791;382;159;48;63;116;3;433;no;si
24;mujer;6;educacion superior;urbana;medio;41;1887;926;54;256;45;3;229;no;si
27;mujer;5;primaria;rural;medio;733;749;1451;17;64;75;7;294;no;si
74;mujer;2;primaria;urbana;basico;835;1144;1284;41;205;74;6;331;si;no
68;mujer;1;primaria;rural;basico;750;1282;241;12;133;104;2;387;si;no
56;hombre;6;secundaria;rural;basico;822;421;981;38;199;5;7;277;no;si
72;mujer;2;secundaria;urbana;basico;610;515;21;54;58;77;7;109;si;no
35;mujer;1;secundaria;urbana;basico;889;306;1160;26;229;99;7;461;no;si
78;hombre;2;secundaria;rural;premium;733;484;678;58;255;99;0;224;si;no
61;mujer;5;educacion superior;rural;medio;846;319;1452;16;295;11;9;384;si;no
21;mujer;4;primaria;urbana;medio;886;1729;909;2;206;87;9;295;no;no
80;hombre;4;secundaria;urbana;basico;432;1093;776;50;195;9;4;340;no;si
30;mujer;2;secundaria;rural;medio;97;140;1415;56;45;95;0;31;no;no
67;mujer;5;primaria;urbana;basico;72;1105;685;35;218;47;1;225;si;no
45;mujer;2;primaria;urbana;premium;43;1441;1184;57;173;54;10;335;no;si
35;hombre;4;educacion superior;urbana;premium;303;1511;1106;37;166;14;8;271;no;si
69;hombre;4;secundaria;rural;basico;888;1524;575;31;105;39;4;338;no;si
42;hombre;1;educacion superior;rural;basico;563;1246;862;32;124;85;3;351;no;si
76;mujer;2;educacion superior;rural;medio;586;1869;50;17;213;17;7;127;no;si
29;mujer;6;primaria;urbana;basico;815;561;615;33;137;61;9;469;no;si
65;hombre;3;educacion superior;rural;basico;998;878;1057;41;273;9;6;491;no;si
44;hombre;5;educacion superior;rural;premium;978;1865;411;39;154;87;3;247;no;si
69;hombre;6;primaria;urbana;basico;988;788;162;28;64;46;6;124;no;si
78;hombre;2;primaria;urbana;medio;935;278;685;55;286;20;7;70;no;si
43;mujer;3;primaria;urbana;medio;631;1477;688;33;240;60;4;414;no;no
21;mujer;3;educacion superior;urbana;premium;262;1681;435;54;272;114;4;411;si;no
39;hombre;4;primaria;rural;medio;269;705;882;21;137;64;9;159;no;no
29;mujer;4;primaria;urbana;basico;280;1802;761;57;120;99;4;201;no;si
79;mujer;5;educacion superior;urbana;premium;43;1202;636;57;264;29;4;329;no;si
35;mujer;4;educacion superior;urbana;premium;267;1764;767;57;141;91;4;311;no;si
44;mujer;6;secundaria;urbana;medio;29;1404;962;46;277;69;7;257;si;no
43;mujer;6;primaria;urbana;premium;299;1978;1391;20;143;98;7;127;no;no
24;mujer;1;primaria;rural;medio;175;685;1155;20;220;89;6;53;no;si
46;hombre;1;educacion superior;urbana;medio;560;1128;942;48;156;29;9;182;si;no
58;mujer;5;primaria;rural;premium;136;741;277;17;236;91;6;481;no;no
44;mujer;6;educacion superior;urbana;premium;789;627;181;58;136;53;2;9;no;no
33;mujer;5;primaria;urbana;medio;613;1422;368;29;98;57;9;249;no;no
48;hombre;3;primaria;urbana;medio;961;949;386;34;149;37;4;295;no;si
64;mujer;3;primaria;rural;premium;487;1896;215;26;232;73;7;458;no;si
36;mujer;4;primaria;rural;basico;120;171;1274;8;283;20;0;294;si;no
66;mujer;1;primaria;urbana;basico;914;759;1049;50;198;39;9;143;no;no
64;mujer;5;secundaria;rural;medio;16;1864;923;19;71;29;4;263;no;si
53;mujer;4;educacion superior;rural;medio;491;531;201;35;91;8;2;74;no;no
76;mujer;3;primaria;urbana;basico;989;316;593;35;132;87;4;114;si;no
63;mujer;6;educacion superior;rural;medio;20;688;1243;39;159;48;6;145;no;si
63;mujer;1;educacion superior;urbana;basico;959;391;843;21;91;35;5;499;no;si
63;mujer;2;primaria;urbana;basico;244;710;658;51;69;10;7;239;no;si
26;mujer;5;primaria;urbana;medio;847;21;1308;34;61;69;10;462;si;no
32;mujer;1;educacion superior;urbana;basico;934;1475;749;2;224;97;7;239;si;no
16;mujer;1;secundaria;urbana;basico;890;1281;442;57;284;108;9;474;no;si
37;mujer;2;primaria;urbana;medio;940;1166;1188;49;293;24;7;90;si;no
17;mujer;3;primaria;urbana;medio;928;1364;1154;8;7;27;2;494;no;no
41;hombre;1;secundaria;urbana;medio;589;1758;908;48;274;16;10;487;no;si
33;mujer;1;secundaria;rural;premium;424;1865;371;20;66;116;5;112;no;si
77;mujer;2;secundaria;urbana;basico;749;1993;938;47;192;16;4;224;si;no
62;hombre;2;secundaria;rural;medio;701;164;143;38;99;67;10;381;no;si
25;hombre;3;primaria;urbana;basico;308;1892;1273;59;247;17;10;325;si;no
29;mujer;1;primaria;urbana;medio;766;1032;1265;41;96;52;3;71;si;no
73;mujer;3;educacion superior;urbana;basico;35;1382;724;52;191;41;3;449;si;no
50;hombre;5;secundaria;urbana;premium;915;1964;783;56;243;97;7;165;no;si
65;mujer;2;secundaria;rural;premium;955;174;1472;8;110;81;10;189;no;no
40;mujer;5;primaria;rural;medio;229;872;978;22;110;84;8;109;no;si
18;mujer;1;primaria;rural;basico;790;66;77;12;15;7;9;360;si;no
36;mujer;1;secundaria;rural;medio;660;751;1177;15;81;35;10;424;no;si
71;mujer;5;primaria;urbana;medio;864;1907;1057;48;172;74;4;289;no;no
31;mujer;3;primaria;rural;basico;989;1755;199;5;230;56;10;146;si;no
66;mujer;6;educacion superior;rural;medio;473;1027;655;49;127;45;5;414;si;no
74;mujer;2;educacion superior;rural;premium;543;1932;516;39;193;96;4;72;no;si
46;hombre;2;secundaria;rural;premium;226;227;588;33;172;8;4;468;no;no
39;mujer;3;educacion superior;urbana;medio;513;1992;889;30;140;62;9;244;no;si
65;mujer;6;secundaria;rural;premium;185;327;669;57;270;35;5;483;no;si
28;mujer;4;primaria;urbana;premium;552;399;1055;56;87;82;9;127;no;si
56;mujer;3;secundaria;urbana;basico;883;849;1061;21;103;116;7;298;no;no
57;hombre;6;secundaria;rural;basico;157;895;891;26;162;8;9;477;no;si
20;hombre;4;primaria;urbana;basico;850;1552;383;47;264;25;5;330;no;si
68;mujer;4;primaria;rural;medio;244;984;211;33;288;26;6;94;si;no
23;mujer;5;educacion superior;urbana;basico;704;1909;43;46;167;65;8;191;si;no
61;mujer;4;primaria;urbana;premium;90;763;1150;55;8;12;3;317;no;no
48;hombre;3;primaria;rural;premium;406;1221;1230;11;35;58;7;274;no;no
73;hombre;6;secundaria;urbana;premium;144;1613;1301;34;115;68;7;378;no;si
64;mujer;5;secundaria;urbana;medio;305;608;1313;53;67;102;7;145;no;si
69;hombre;4;secundaria;rural;medio;287;631;837;44;133;113;9;93;no;si
34;mujer;3;secundaria;urbana;medio;461;1875;1084;52;150;73;5;213;no;si
20;mujer;3;secundaria;urbana;medio;312;1832;622;51;46;6;0;155;no;no
36;mujer;6;primaria;urbana;premium;685;759;1159;60;264;10;0;342;si;no
80;mujer;4;secundaria;urbana;basico;3;1737;427;60;275;114;7;380;no;no
25;mujer;4;secundaria;rural;medio;373;40;464;51;286;106;7;325;no;si
32;mujer;6;secundaria;urbana;basico;498;927;149;41;282;92;10;258;no;si
41;hombre;6;secundaria;urbana;premium;132;385;1459;39;134;6;4;245;no;si
56;mujer;5;secundaria;rural;medio;495;1562;370;30;285;13;10;86;no;si
45;mujer;6;secundaria;urbana;basico;332;814;1100;17;286;23;4;96;no;si
40;mujer;3;primaria;rural;basico;794;1950;1453;24;155;114;3;118;no;si
19;mujer;5;primaria;rural;medio;978;157;81;54;116;120;7;346;no;si
53;hombre;3;educacion superior;urbana;basico;887;1183;475;60;182;110;9;378;no;si
40;mujer;4;primaria;rural;basico;449;1063;22;34;113;14;6;115;no;si
53;hombre;3;secundaria;urbana;basico;181;472;133;51;275;88;3;322;no;si
68;mujer;6;educacion superior;rural;medio;583;1991;84;51;274;37;8;243;si;no
25;hombre;5;educacion superior;urbana;medio;788;818;1119;49;56;100;6;97;no;si
36;mujer;4;educacion superior;urbana;premium;803;925;198;15;138;68;5;483;no;si
70;mujer;2;secundaria;rural;medio;544;1727;117;52;15;71;2;445;si;no
57;mujer;5;primaria;rural;premium;947;248;1078;27;51;91;4;203;no;no
24;mujer;5;secundaria;rural;medio;692;104;1464;57;153;38;2;199;no;no
47;mujer;3;educacion superior;urbana;basico;531;1198;850;57;173;26;7;362;si;no
17;hombre;4;primaria;urbana;medio;808;1841;259;53;127;77;5;345;no;si
71;mujer;5;secundaria;rural;premium;216;875;1274;35;84;111;7;497;no;no
49;hombre;2;secundaria;rural;medio;477;1536;1048;20;94;34;9;40;no;no
53;mujer;2;primaria;rural;basico;601;1245;206;0;281;77;8;415;si;no
78;hombre;1;educacion superior;urbana;premium;753;34;460;57;190;23;10;250;si;no
41;mujer;2;secundaria;rural;medio;577;643;87;52;174;37;8;499;no;no
59;mujer;5;primaria;rural;basico;709;72;0;16;228;104;10;285;no;si
48;mujer;1;educacion superior;rural;medio;744;999;87;25;163;103;8;174;no;si
27;mujer;3;primaria;rural;medio;624;701;997;35;80;115;6;211;no;no
19;mujer;3;secundaria;rural;premium;299;1173;1196;25;50;77;9;494;no;si
42;hombre;1;primaria;urbana;basico;513;908;1315;29;170;55;7;320;no;si
70;hombre;3;secundaria;urbana;premium;9;1309;527;51;140;9;9;331;si;no
51;hombre;3;primaria;urbana;medio;748;1649;57;36;197;57;9;490;no;no
55;mujer;3;educacion superior;rural;basico;107;1257;33;39;132;73;8;312;si;no
29;mujer;3;secundaria;rural;basico;355;1524;14;23;127;113;3;62;no;si
71;mujer;3;primaria;urbana;medio;271;31;846;53;295;5;6;491;si;no
63;mujer;3;educacion superior;urbana;premium;647;518;585;46;90;45;0;178;si;no
25;mujer;3;primaria;urbana;premium;619;583;252;28;231;115;5;185;no;si
61;hombre;2;primaria;urbana;medio;152;128;198;37;106;100;1;220;si;no
38;mujer;6;primaria;urbana;premium;370;1045;525;10;110;76;3;158;si;no
56;mujer;4;primaria;rural;premium;113;279;248;1;79;25;6;126;si;no
55;mujer;5;educacion superior;rural;premium;87;293;736;30;63;22;5;475;no;no
45;mujer;4;educacion superior;urbana;medio;951;395;804;32;90;94;0;220;no;no
67;mujer;3;educacion superior;urbana;basico;149;154;923;54;203;77;5;473;si;no
68;hombre;3;secundaria;urbana;medio;295;1417;489;5;108;120;6;222;si;no
34;hombre;1;educacion superior;urbana;medio;204;178;602;45;237;25;9;332;no;si
74;hombre;6;primaria;rural;premium;186;1184;863;6;62;16;1;74;no;no
50;hombre;3;primaria;rural;basico;6;327;604;22;90;105;9;69;no;si
51;mujer;2;educacion superior;urbana;medio;315;1941;149;53;246;79;2;40;si;no
44;mujer;1;educacion superior;urbana;basico;74;789;1422;53;232;103;1;215;si;no
64;mujer;2;primaria;urbana;basico;74;831;1456;23;70;35;4;491;no;si
35;hombre;1;primaria;rural;basico;521;1413;758;22;213;47;8;162;no;no
62;hombre;3;educacion superior;urbana;basico;941;1353;346;52;186;74;9;171;no;si
48;mujer;3;primaria;rural;basico;27;795;823;21;179;112;6;51;no;no
63;hombre;6;secundaria;rural;premium;636;1521;38;29;251;4;10;402;no;si
73;mujer;4;secundaria;urbana;premium;358;470;711;55;95;25;9;495;no;si
48;mujer;6;educacion superior;urbana;basico;475;841;690;45;165;47;1;285;si;no
74;mujer;4;educacion superior;rural;basico;419;692;853;46;283;97;6;181;no;si
37;hombre;5;primaria;urbana;basico;101;1656;366;7;289;3;4;214;si;no
58;mujer;6;secundaria;urbana;medio;131;1535;940;17;260;12;8;177;no;si
31;mujer;6;primaria;rural;premium;592;1196;822;18;190;99;7;271;si;no
61;mujer;3;educacion superior;rural;medio;862;417;1441;58;99;62;3;342;no;si
34;mujer;2;secundaria;urbana;medio;390;1027;279;39;136;8;9;377;no;si
19;mujer;1;educacion superior;rural;medio;464;1430;1181;19;100;96;8;96;no;si
19;hombre;2;secundaria;rural;medio;186;1369;828;46;121;46;2;186;no;no
73;hombre;3;primaria;urbana;medio;691;1176;1124;28;167;55;5;137;no;si
23;mujer;1;primaria;urbana;premium;105;1280;740;56;125;38;6;107;si;no
54;mujer;6;secundaria;rural;premium;88;789;1455;22;85;59;1;67;no;no
73;mujer;2;secundaria;rural;medio;416;720;1226;31;194;55;3;416;no;no
27;hombre;4;educacion superior;urbana;medio;861;1321;1234;12;62;76;7;330;no;no
44;mujer;4;educacion superior;urbana;basico;43;1420;1123;20;275;100;10;229;no;si
79;mujer;4;educacion superior;rural;medio;817;1926;101;47;156;29;6;424;si;no
77;hombre;4;secundaria;rural;medio;410;1861;280;40;161;96;10;86;no;si
53;mujer;3;primaria;urbana;medio;615;1905;1219;23;294;52;5;154;no;si
78;mujer;1;primaria;rural;premium;47;1077;1084;41;221;58;4;384;no;no
69;mujer;1;primaria;rural;medio;15;852;748;52;274;74;3;389;no;si
20;mujer;1;secundaria;rural;premium;11;1216;775;60;199;18;6;102;no;si
76;hombre;5;educacion superior;rural;medio;12;616;2;59;246;26;1;248;si;no
71;mujer;2;educacion superior;urbana;medio;330;1340;324;17;262;40;3;327;no;si
25;hombre;3;secundaria;rural;basico;868;61;1474;21;213;85;5;208;no;si
58;hombre;2;primaria;rural;basico;28;1695;562;33;113;30;10;422;no;si
27;mujer;3;secundaria;rural;premium;761;1675;758;16;159;10;9;257;no;no
46;hombre;6;primaria;rural;basico;227;1964;674;59;32;2;10;130;no;no
33;hombre;5;educacion superior;rural;basico;220;184;59;48;79;39;7;201;no;no
19;mujer;5;secundaria;urbana;basico;768;1579;1219;35;178;57;4;57;no;no
70;hombre;4;secundaria;urbana;medio;891;229;1018;46;159;21;8;448;no;si
78;hombre;4;primaria;rural;premium;237;917;396;23;225;27;3;90;no;si
17;mujer;6;secundaria;urbana;medio;720;1978;666;54;214;93;8;492;no;si
26;hombre;1;secundaria;urbana;basico;506;1099;40;16;135;78;4;374;no;si
34;mujer;4;secundaria;urbana;premium;654;1652;1017;41;268;120;9;177;no;si
28;mujer;4;educacion superior;rural;basico;326;991;285;48;130;9;3;469;no;no
48;mujer;2;educacion superior;urbana;medio;4;1756;488;54;211;42;6;438;no;si
36;hombre;3;secundaria;urbana;medio;894;523;1429;37;14;116;7;193;si;no
67;hombre;3;secundaria;rural;medio;621;1116;1240;0;167;108;0;329;no;no
25;mujer;6;secundaria;urbana;medio;554;386;751;22;257;103;5;259;no;si
67;mujer;2;primaria;rural;premium;441;1682;1356;18;74;14;6;318;no;si
33;mujer;3;secundaria;urbana;premium;432;278;455;24;244;95;8;233;no;si
37;mujer;3;primaria;urbana;medio;354;1194;221;59;106;22;7;110;no;si
80;mujer;6;educacion superior;rural;premium;888;294;24;52;170;27;7;55;no;si
75;mujer;2;secundaria;urbana;basico;810;1604;496;43;107;109;8;240;no;si
30;mujer;2;primaria;urbana;premium;717;876;145;45;176;48;2;69;no;no
49;mujer;4;secundaria;urbana;medio;678;773;171;32;20;41;5;389;si;no
63;mujer;4;educacion superior;urbana;premium;656;15;439;47;169;22;9;338;no;si
66;mujer;3;educacion superior;urbana;basico;290;888;764;11;205;77;2;500;si;no
30;mujer;3;secundaria;rural;basico;728;1925;1343;17;247;29;9;186;no;si
55;hombre;2;primaria;urbana;medio;406;1279;7;30;78;17;4;276;no;no
71;mujer;4;secundaria;rural;medio;316;1268;673;52;153;4;5;232;no;si
25;mujer;3;secundaria;rural;basico;98;732;818;15;128;110;4;395;no;si
80;hombre;1;primaria;rural;basico;607;497;208;50;108;17;7;131;no;si
41;mujer;3;educacion superior;rural;basico;869;327;813;57;241;70;5;200;si;no
38;mujer;1;primaria;rural;medio;105;115;1007;15;85;64;3;36;si;no
50;mujer;5;educacion superior;urbana;basico;584;599;1202;26;260;106;10;313;no;si
29;mujer;6;secundaria;urbana;premium;374;1794;709;16;119;70;7;338;no;si
61;mujer;2;secundaria;urbana;medio;198;887;788;34;250;12;10;386;no;no
78;hombre;3;secundaria;rural;premium;656;1906;1304;35;168;92;10;483;no;si
67;mujer;2;educacion superior;urbana;premium;965;1702;317;50;244;27;8;114;no;si
18;hombre;6;primaria;urbana;medio;590;1525;1127;38;239;56;4;318;no;si
38;mujer;3;primaria;urbana;medio;382;1607;1133;15;270;14;7;240;si;no
27;mujer;4;educacion superior;rural;basico;359;121;814;15;100;19;6;250;no;no
27;hombre;6;secundaria;urbana;basico;909;65;124;39;200;25;3;319;no;si
50;mujer;3;secundaria;rural;basico;64;1502;1054;55;237;117;2;388;si;no
26;mujer;6;primaria;urbana;premium;916;1112;1426;32;147;31;5;359;no;no
31;hombre;6;educacion superior;rural;premium;987;1726;801;20;245;109;4;52;no;si
45;hombre;6;primaria;rural;medio;927;736;635;14;142;26;4;426;si;no
30;mujer;4;educacion superior;urbana;medio;287;1217;54;16;281;107;6;283;no;si
49;hombre;5;primaria;urbana;basico;991;1654;141;14;234;24;9;295;si;no
28;hombre;4;educacion superior;rural;basico;515;653;629;26;124;27;8;366;no;si
17;mujer;6;secundaria;urbana;premium;402;1019;899;50;225;34;2;441;no;no
50;mujer;6;secundaria;urbana;basico;991;30;857;56;282;34;8;276;no;si
26;mujer;1;educacion superior;urbana;medio;895;1644;1299;32;279;103;5;88;no;si
56;mujer;6;primaria;rural;basico;624;211;695;24;281;106;4;5;si;no
45;mujer;2;primaria;rural;premium;92;738;1079;22;76;79;0;374;no;no
29;mujer;6;secundaria;rural;basico;201;52;691;55;267;44;6;377;no;no
62;mujer;4;educacion superior;urbana;basico;181;117;1135;30;244;25;3;461;no;si
79;mujer;6;educacion superior;urbana;basico;747;488;666;52;70;86;7;110;no;si
42;hombre;1;primaria;rural;basico;602;1943;605;55;50;59;6;437;no;si
24;hombre;3;secundaria;rural;basico;786;700;686;20;258;33;4;441;no;si
20;hombre;1;educacion superior;rural;premium;801;988;1489;32;129;78;7;382;si;no
61;mujer;5;educacion superior;rural;basico;584;558;264;3;258;102;0;314;no;no
46;mujer;1;primaria;rural;medio;704;755;1231;17;99;85;9;424;no;si
54;mujer;6;educacion superior;rural;basico;177;904;523;47;160;102;7;152;no;no
47;mujer;3;educacion superior;urbana;premium;68;1026;283;30;32;72;0;75;no;no
23;mujer;5;primaria;urbana;premium;486;1775;576;36;102;88;6;388;no;si
27;mujer;1;primaria;urbana;premium;234;459;1361;32;69;97;1;172;si;no
25;hombre;4;secundaria;rural;basico;518;562;540;50;46;76;4;182;si;no
49;hombre;3;primaria;rural;basico;961;1769;53;23;62;94;7;224;no;no
46;mujer;1;primaria;rural;basico;772;1674;431;11;32;85;6;415;no;no
49;mujer;3;secundaria;rural;basico;436;1077;1483;49;233;18;3;217;no;si
77;hombre;4;educacion superior;urbana;basico;918;260;1276;24;116;28;7;64;no;no
27;hombre;1;educacion superior;rural;premium;515;726;952;5;144;52;9;364;no;no
20;mujer;1;educacion superior;urbana;medio;975;401;1211;37;79;8;7;9;si;no
21;mujer;5;primaria;rural;premium;873;1679;783;30;69;88;7;323;no;no
19;mujer;1;educacion superior;rural;medio;501;990;239;24;19;41;5;209;no;no
64;mujer;6;primaria;urbana;premium;6;1905;1246;43;171;93;8;238;si;no
61;hombre;3;primaria;rural;premium;21;1363;1326;42;99;81;8;286;no;si
51;mujer;4;educacion superior;rural;medio;630;536;640;26;91;57;4;309;no;si
32;hombre;4;secundaria;urbana;medio;136;170;1180;52;204;73;8;408;no;si
21;hombre;4;secundaria;urbana;medio;226;650;67;32;162;4;9;243;si;no
53;hombre;5;educacion superior;urbana;basico;635;1771;653;33;64;24;3;224;no;si
62;hombre;1;secundaria;urbana;premium;251;1719;1254;20;193;34;3;141;si;no
32;mujer;3;educacion superior;urbana;medio;486;897;550;2;291;88;2;239;no;no
64;mujer;3;educacion superior;rural;basico;139;713;1186;24;229;27;6;252;no;no
59;mujer;5;secundaria;rural;medio;323;749;238;44;167;73;9;124;no;si
75;mujer;1;educacion superior;rural;medio;132;1616;1397;10;255;81;5;339;no;no
59;mujer;2;primaria;urbana;premium;616;1099;1433;48;175;89;9;441;no;si
32;mujer;5;educacion superior;rural;medio;942;449;1320;29;190;53;6;459;no;si
73;mujer;6;primaria;urbana;medio;272;437;603;1;296;61;10;15;si;no
28;mujer;3;primaria;urbana;basico;717;1464;1427;45;123;28;8;316;no;si
23;mujer;5;educacion superior;urbana;medio;429;1745;290;41;146;47;1;332;no;no
77;mujer;1;secundaria;rural;basico;841;1960;213;2;251;77;8;371;si;no
37;mujer;2;educacion superior;urbana;basico;507;1221;1419;5;204;57;8;424;no;no
40;hombre;1;educacion superior;rural;medio;398;854;30;33;123;116;10;320;no;si
54;mujer;6;secundaria;rural;basico;907;1333;363;19;258;38;6;98;no;si
31;mujer;5;secundaria;rural;premium;333;1983;907;47;9;20;1;299;si;no
41;mujer;2;educacion superior;rural;premium;637;1879;616;9;130;41;2;232;no;no
43;hombre;1;primaria;rural;premium;49;160;205;29;199;94;9;240;no;no
59;mujer;1;secundaria;urbana;medio;583;1437;190;48;268;80;8;232;no;si
54;mujer;6;secundaria;urbana;basico;560;1621;228;46;225;96;2;136;si;no
35;hombre;3;primaria;rural;premium;176;1892;1394;30;139;50;7;265;no;si
22;hombre;4;educacion superior;urbana;medio;53;601;656;57;37;119;5;263;no;no
56;mujer;3;secundaria;urbana;basico;627;882;70;26;156;70;7;289;no;si
51;hombre;4;secundaria;urbana;basico;83;1717;467;31;200;30;4;213;no;si
65;mujer;1;educacion superior;urbana;medio;425;28;368;51;258;71;6;232;si;no
52;mujer;2;primaria;rural;medio;991;883;1451;47;183;119;7;408;no;no
62;mujer;3;primaria;rural;basico;173;555;166;47;65;51;9;418;no;si
80;mujer;3;educacion superior;urbana;premium;431;1976;747;38;66;13;4;268;no;si
34;hombre;2;primaria;urbana;premium;660;1432;985;22;184;68;7;466;si;no
69;mujer;4;secundaria;rural;medio;532;459;593;42;159;6;5;179;no;si
35;mujer;1;educacion superior;urbana;basico;649;182;353;18;125;80;8;474;no;si
78;hombre;4;educacion superior;rural;basico;576;1705;767;33;281;54;0;221;no;no
38;mujer;6;educacion superior;rural;medio;184;620;1368;31;178;101;8;468;no;si
48;hombre;5;primaria;urbana;premium;854;734;507;35;166;117;7;404;no;si
60;mujer;2;secundaria;rural;basico;4;1069;686;22;284;30;9;431;no;si
62;mujer;2;primaria;rural;basico;813;1116;642;27;71;76;9;454;no;si
21;mujer;6;educacion superior;urbana;premium;85;1977;251;11;93;73;5;224;si;no
27;mujer;1;educacion superior;rural;premium;788;1279;449;58;244;64;3;359;no;si
49;mujer;6;primaria;rural;medio;696;233;57;40;48;91;7;254;no;no
59;mujer;1;secundaria;urbana;basico;174;539;152;24;132;96;9;336;no;no
38;hombre;6;primaria;rural;basico;256;892;431;39;253;88;8;112;no;si
37;hombre;2;primaria;rural;medio;252;161;117;2;131;44;4;87;si;no
29;mujer;1;secundaria;rural;basico;619;1148;729;54;160;85;4;358;si;no
54;mujer;3;educacion superior;urbana;basico;256;334;1368;45;41;46;5;419;no;no
35;mujer;2;primaria;urbana;premium;204;1771;1150;10;114;84;1;471;no;no
69;mujer;3;primaria;rural;premium;526;864;190;4;273;39;4;396;no;no
58;mujer;6;educacion superior;rural;medio;174;1918;1199;21;106;12;6;406;no;no
41;mujer;1;educacion superior;rural;medio;716;1663;307;55;143;80;0;394;no;no
62;mujer;3;educacion superior;rural;premium;372;1327;284;38;158;89;10;461;no;si
75;mujer;2;primaria;urbana;basico;659;988;516;34;180;1;8;371;si;no
65;hombre;4;secundaria;urbana;basico;37;923;810;30;263;57;6;338;no;si
25;mujer;1;secundaria;urbana;basico;810;1085;406;20;266;24;3;425;no;si
47;mujer;4;secundaria;rural;medio;36;346;962;19;94;12;10;105;no;si
61;mujer;2;primaria;rural;premium;888;748;414;51;132;21;9;130;si;no
39;mujer;3;secundaria;urbana;basico;933;93;1475;28;174;77;9;161;no;si
34;mujer;2;secundaria;rural;medio;983;1693;1067;17;207;73;4;405;no;si
78;hombre;3;secundaria;rural;medio;728;1018;105;25;274;66;0;434;no;no
29;mujer;6;secundaria;urbana;premium;930;1080;606;0;73;32;6;128;no;no
59;hombre;4;primaria;urbana;premium;183;448;642;41;249;14;6;367;no;si
33;hombre;3;primaria;urbana;medio;789;1734;1339;9;260;64;7;423;si;no
28;mujer;4;secundaria;rural;premium;759;1865;538;0;284;93;0;265;si;no
36;hombre;1;primaria;rural;premium;96;1704;1276;37;183;33;9;454;no;si
61;hombre;5;educacion superior;urbana;medio;142;610;826;13;137;66;9;168;si;no
64;mujer;1;primaria;urbana;medio;222;584;1444;3;135;47;10;13;si;no
62;mujer;2;primaria;rural;medio;335;900;1393;42;98;28;7;216;no;si
75;mujer;3;educacion superior;rural;medio;600;1129;1408;45;79;61;10;272;no;si
52;hombre;4;primaria;rural;premium;727;1236;269;15;232;78;7;365;no;no
52;mujer;5;secundaria;urbana;premium;918;1555;795;21;102;84;8;298;no;si
67;hombre;5;primaria;rural;medio;463;80;865;46;187;1;9;43;si;no
70;hombre;5;educacion superior;rural;premium;576;1196;1162;37;170;27;9;325;no;si
61;hombre;4;educacion superior;urbana;basico;182;843;355;15;118;61;7;105;no;si
79;mujer;1;primaria;urbana;premium;104;1189;256;6;165;29;4;189;si;no
22;mujer;2;secundaria;urbana;basico;774;1676;862;45;215;103;10;207;no;no
21;hombre;1;primaria;rural;premium;68;1603;949;25;247;45;9;408;no;si
62;mujer;6;primaria;rural;premium;959;1613;461;44;156;91;9;119;si;no
39;mujer;3;educacion superior;rural;medio;755;1316;1397;40;35;1;10;89;si;no
28;hombre;3;primaria;rural;medio;194;1998;222;50;274;27;8;272;no;si
33;hombre;2;educacion superior;urbana;medio;647;1906;641;13;231;53;3;118;si;no
38;hombre;6;educacion superior;urbana;premium;30;1670;1467;15;295;95;3;268;no;si
49;hombre;5;educacion superior;urbana;medio;257;1977;839;54;241;99;9;176;no;si
37;mujer;4;secundaria;rural;premium;710;1726;619;24;239;37;10;101;no;no
17;mujer;1;primaria;urbana;premium;700;280;1416;16;29;62;4;454;si;no
16;hombre;1;educacion superior;urbana;basico;884;1283;1273;31;269;118;7;297;no;no
19;mujer;5;educacion superior;urbana;medio;938;625;117;21;245;109;4;94;no;no
71;mujer;1;primaria;rural;premium;814;1747;831;11;95;55;10;236;no;no
73;hombre;6;educacion superior;rural;basico;398;682;1081;34;102;104;4;247;si;no
29;mujer;1;educacion superior;rural;basico;90;1238;1342;5;183;35;4;229;si;no
28;mujer;4;primaria;urbana;premium;892;1794;1310;35;82;21;9;453;no;si
29;hombre;1;primaria;urbana;basico;475;1294;1054;38;16;48;10;460;no;no
43;mujer;6;educacion superior;urbana;basico;651;1869;173;30;93;59;1;233;si;no
44;mujer;6;primaria;urbana;medio;898;284;1220;23;16;45;0;125;no;no
68;mujer;2;primaria;rural;basico;491;872;586;38;300;119;3;414;si;no
36;hombre;3;secundaria;urbana;basico;888;1865;595;12;71;79;3;478;no;no
47;hombre;2;secundaria;rural;medio;938;1405;177;50;107;19;4;152;no;si
77;hombre;1;educacion superior;rural;basico;479;527;888;37;166;101;3;73;no;si
78;mujer;6;educacion superior;urbana;premium;432;1520;1241;33;116;117;10;468;si;no
29;hombre;5;primaria;urbana;medio;323;514;1;20;6;84;10;334;no;no
31;mujer;3;secundaria;rural;medio;653;1926;143;28;121;51;5;281;no;si
64;hombre;6;secundaria;urbana;basico;278;1196;748;39;262;35;4;467;no;no
50;mujer;5;educacion superior;rural;medio;284;1497;1270;9;215;108;9;362;no;no
22;mujer;2;secundaria;urbana;premium;117;25;1070;56;277;6;5;449;no;si
51;mujer;2;primaria;rural;medio;212;1534;238;46;139;53;1;394;no;no
58;mujer;5;primaria;urbana;medio;480;1780;818;16;228;32;10;388;no;si
29;mujer;5;secundaria;rural;medio;462;209;944;44;248;113;6;499;no;no
63;hombre;4;educacion superior;rural;premium;654;366;545;35;109;31;6;111;no;si
49;mujer;2;educacion superior;urbana;premium;917;14;1276;8;243;64;6;46;no;no
38;mujer;1;primaria;urbana;basico;70;48;698;40;258;36;9;137;no;si
48;mujer;5;primaria;rural;medio;642;1506;1368;38;181;58;10;420;si;no
76;mujer;4;primaria;urbana;basico;962;668;1043;36;210;50;2;131;si;no
76;hombre;4;primaria;rural;basico;664;1282;1256;23;194;17;9;100;no;si
53;hombre;2;secundaria;urbana;medio;382;271;527;0;235;112;4;496;no;no
43;mujer;1;educacion superior;rural;medio;882;389;1230;54;87;69;9;130;no;si
60;mujer;6;secundaria;rural;basico;117;1996;1299;52;9;89;1;485;si;no
22;mujer;1;secundaria;rural;premium;821;1098;183;0;26;13;6;387;no;no
30;hombre;1;secundaria;rural;premium;70;18;1470;8;202;113;1;382;no;no
36;mujer;2;educacion superior;rural;premium;427;1720;178;25;290;1;4;132;no;no
31;mujer;6;secundaria;rural;premium;603;1538;1406;3;212;6;10;474;si;no
79;mujer;3;secundaria;urbana;premium;734;314;1192;60;121;69;10;165;no;si
19;hombre;1;primaria;urbana;premium;915;162;1001;58;244;47;10;491;no;si
76;mujer;1;primaria;rural;basico;478;1359;624;37;36;18;6;70;si;no
78;hombre;5;primaria;rural;premium;592;513;100;26;273;55;6;277;no;no
31;mujer;5;primaria;urbana;basico;859;678;1125;21;70;80;5;381;no;si
48;mujer;6;secundaria;urbana;basico;234;1880;97;32;231;118;3;147;no;si
78;hombre;3;educacion superior;urbana;medio;945;1166;815;38;212;118;8;362;si;no
33;mujer;5;secundaria;rural;premium;918;1894;151;43;281;67;10;329;no;si
49;mujer;6;educacion superior;urbana;medio;214;270;834;42;264;6;2;81;si;no
52;mujer;1;educacion superior;urbana;medio;882;1816;536;32;195;18;8;189;no;si
36;mujer;1;primaria;urbana;basico;634;1326;17;59;263;85;4;281;no;si
45;mujer;3;primaria;rural;medio;902;230;272;54;186;72;3;186;no;si
63;mujer;2;secundaria;urbana;medio;881;237;1435;43;133;33;2;346;si;no
57;mujer;6;primaria;rural;basico;850;72;1220;29;41;105;9;323;no;no
25;mujer;4;secundaria;urbana;medio;618;1211;871;42;166;37;7;67;si;no
58;mujer;1;primaria;urbana;premium;329;983;1215;20;300;28;10;458;no;si
69;mujer;4;educacion superior;urbana;premium;923;1548;1281;5;71;114;4;378;no;no
25;mujer;3;educacion superior;urbana;basico;557;885;438;41;228;97;6;428;no;si
51;mujer;2;secundaria;urbana;premium;602;134;811;30;190;97;5;328;no;si
61;hombre;1;secundaria;urbana;basico;801;1391;492;53;34;2;0;168;no;no
64;mujer;1;educacion superior;rural;basico;728;1930;681;39;76;104;7;482;si;no
69;mujer;6;primaria;urbana;medio;553;4;1114;12;20;115;9;121;no;no
19;mujer;3;primaria;urbana;premium;291;1658;1199;13;261;42;7;432;no;no
64;mujer;2;primaria;rural;medio;112;846;162;32;290;61;2;364;no;no
77;mujer;6;primaria;rural;medio;150;671;1324;21;120;92;10;351;no;no
50;mujer;1;educacion superior;rural;medio;985;860;16;33;87;98;0;108;no;no
58;mujer;5;educacion superior;rural;basico;596;484;1201;40;114;116;4;76;no;si
60;hombre;4;secundaria;rural;basico;923;1924;369;7;248;21;9;216;no;no
42;mujer;5;primaria;rural;premium;247;550;873;39;136;104;7;67;no;si
47;mujer;4;educacion superior;urbana;basico;839;472;554;51;88;64;4;359;no;si
58;mujer;1;primaria;rural;medio;934;1416;1287;55;299;81;10;277;no;si
54;mujer;3;secundaria;urbana;medio;215;1409;1125;30;202;75;3;421;no;si
38;mujer;2;educacion superior;urbana;premium;770;1669;373;55;225;36;4;124;no;si
21;mujer;4;educacion superior;rural;medio;142;1608;1388;49;113;79;8;482;si;no
26;hombre;3;secundaria;urbana;basico;512;1493;219;32;143;100;7;178;no;si
67;hombre;5;secundaria;rural;basico;457;1626;385;49;195;80;3;453;no;si
37;hombre;4;secundaria;rural;basico;176;1011;1253;30;76;52;8;102;no;si
44;mujer;4;educacion superior;rural;basico;396;557;651;57;256;55;5;160;si;no
74;mujer;5;primaria;rural;medio;815;1092;337;37;183;66;7;245;no;si
75;mujer;3;educacion superior;rural;basico;248;438;523;23;220;80;10;279;no;no
63;mujer;6;primaria;urbana;medio;445;811;167;59;23;51;4;401;si;no
58;hombre;4;educacion superior;urbana;basico;128;1514;150;20;130;73;10;225;no;si
32;mujer;4;educacion superior;urbana;basico;41;624;1334;40;107;62;0;281;si;no
19;hombre;3;primaria;rural;basico;608;1256;382;9;117;50;0;426;si;no
23;hombre;6;primaria;urbana;basico;455;947;815;18;290;48;3;239;no;si
66;hombre;3;educacion superior;rural;medio;995;1087;746;33;102;47;5;323;no;si
61;hombre;2;primaria;urbana;basico;289;1494;1425;8;84;59;0;430;si;no
68;hombre;4;educacion superior;rural;basico;926;987;310;54;121;27;10;412;no;si
45;hombre;4;secundaria;urbana;basico;438;508;48;0;97;58;9;166;si;no
66;hombre;6;primaria;urbana;medio;79;693;416;41;299;101;9;206;no;no
61;mujer;6;educacion superior;rural;premium;757;1302;276;51;258;2;4;79;no;si
51;mujer;5;educacion superior;urbana;medio;857;158;445;55;164;59;10;318;no;si
51;mujer;2;educacion superior;urbana;premium;77;1087;382;21;5;87;1;287;no;no
33;mujer;6;secundaria;rural;medio;233;363;844;26;172;97;8;250;no;si
61;mujer;6;primaria;urbana;premium;843;1660;531;28;83;89;3;79;no;si
68;hombre;6;secundaria;urbana;medio;837;83;556;16;205;60;5;249;no;si
56;mujer;6;secundaria;urbana;premium;634;1521;856;38;89;59;9;401;no;no
32;mujer;6;educacion superior;urbana;medio;620;1464;357;58;66;46;7;281;no;no
18;mujer;4;secundaria;urbana;basico;510;574;1285;26;194;19;10;194;no;si
74;mujer;2;secundaria;rural;premium;984;1728;1244;38;73;38;3;141;no;si
18;hombre;3;educacion superior;rural;premium;977;1961;259;59;227;42;6;324;no;si
48;hombre;4;primaria;rural;premium;346;671;197;15;193;83;6;414;si;no
72;mujer;3;secundaria;rural;medio;4;943;1374;53;225;90;5;62;no;si
60;mujer;4;primaria;urbana;premium;959;105;198;41;223;12;9;353;no;no
52;hombre;1;educacion superior;rural;basico;428;448;210;54;283;7;10;447;no;si
56;mujer;2;primaria;rural;premium;605;1531;371;25;252;13;4;128;no;no
43;mujer;3;secundaria;rural;medio;322;601;397;25;295;104;9;332;no;si
44;mujer;6;primaria;urbana;basico;4;935;975;45;62;36;9;240;no;si
26;mujer;6;secundaria;rural;premium;532;1563;760;45;211;46;10;93;no;si
34;hombre;2;secundaria;rural;premium;557;780;1394;17;294;45;3;193;no;si
19;mujer;6;educacion superior;urbana;premium;708;644;1166;35;274;91;8;81;si;no
54;mujer;1;secundaria;rural;premium;979;1297;1377;4;243;39;7;430;si;no
41;mujer;6;educacion superior;urbana;premium;96;610;794;16;295;35;10;430;no;si
55;hombre;2;secundaria;rural;medio;273;1215;658;39;120;29;6;436;si;no
28;mujer;3;educacion superior;urbana;premium;110;1105;169;39;86;44;10;319;si;no
43;hombre;1;secundaria;rural;basico;448;1820;1081;58;83;12;6;174;no;si
54;hombre;3;primaria;urbana;basico;163;1371;1184;2;91;46;6;0;no;no
62;mujer;1;educacion superior;rural;medio;655;1029;1172;56;75;108;8;90;si;no
45;mujer;4;educacion superior;urbana;premium;17;1456;1495;42;237;111;8;89;no;si
53;mujer;1;educacion superior;rural;basico;919;1505;54;40;53;35;7;302;no;si
73;mujer;1;secundaria;rural;basico;317;45;1171;42;141;55;6;177;no;si
36;hombre;1;primaria;rural;basico;208;118;977;50;230;5;6;284;no;si
57;hombre;6;primaria;rural;basico;668;142;326;11;251;20;9;325;no;no
67;hombre;1;primaria;rural;medio;146;1468;870;29;4;110;10;289;si;no
54;mujer;2;educacion superior;urbana;medio;457;35;1272;9;254;39;2;10;si;no
68;mujer;1;secundaria;rural;basico;38;124;331;19;38;6;3;391;no;no
34;mujer;6;educacion superior;rural;basico;865;1332;207;53;60;90;2;149;no;no
21;mujer;4;primaria;urbana;premium;459;1385;609;32;291;100;2;412;no;no
39;mujer;1;primaria;urbana;basico;852;1898;1412;25;112;33;6;157;no;si
68;mujer;6;educacion superior;urbana;basico;662;698;783;10;42;20;0;244;no;no
30;hombre;3;educacion superior;rural;medio;304;1190;647;5;240;73;10;50;si;no
56;mujer;3;secundaria;rural;basico;848;1955;351;60;144;52;7;465;no;si
57;hombre;4;primaria;urbana;basico;643;1640;1110;23;250;48;10;253;no;si
34;mujer;4;educacion superior;urbana;basico;477;1581;206;19;286;20;1;297;no;no
51;mujer;3;secundaria;rural;basico;994;1896;1450;19;105;113;6;424;no;si
60;mujer;5;educacion superior;rural;basico;109;1250;1349;41;148;16;8;87;no;si
57;mujer;1;primaria;rural;premium;930;588;999;42;59;91;6;173;no;si
53;hombre;5;secundaria;urbana;medio;878;942;633;33;204;62;7;463;no;si
80;mujer;5;educacion superior;rural;basico;743;786;902;55;139;12;1;1;no;no
43;mujer;1;secundaria;rural;premium;267;1161;652;39;15;12;3;210;no;no
49;hombre;6;secundaria;urbana;premium;935;163;1241;58;173;90;3;363;no;si
23;mujer;6;educacion superior;rural;medio;320;57;1486;6;77;68;4;377;si;no
69;mujer;1;secundaria;rural;premium;828;793;776;39;159;5;2;171;si;no
57;hombre;4;educacion superior;rural;premium;853;237;508;53;198;80;4;261;no;si
22;hombre;3;educacion superior;urbana;medio;586;1773;625;39;129;119;6;274;no;si
53;hombre;4;secundaria;rural;medio;326;1233;528;49;14;4;6;460;si;no
24;hombre;2;primaria;rural;premium;275;1530;729;44;220;42;10;414;no;si
57;mujer;5;secundaria;urbana;medio;992;1469;806;32;239;86;10;55;no;si
41;hombre;5;primaria;rural;premium;67;345;169;31;297;73;6;495;no;si
31;hombre;5;educacion superior;urbana;medio;280;1833;1278;34;231;94;4;232;no;si
73;mujer;3;educacion superior;rural;medio;929;1745;1448;7;84;25;10;313;no;no
68;hombre;2;educacion superior;urbana;premium;426;744;395;4;58;70;8;310;no;no
32;mujer;6;educacion superior;urbana;medio;325;764;166;32;93;15;9;197;no;si
37;mujer;1;primaria;rural;basico;703;1815;1412;26;46;81;7;372;si;no
46;mujer;1;secundaria;urbana;basico;212;577;969;28;55;18;10;298;no;no
32;mujer;4;primaria;rural;medio;358;1586;1463;29;193;74;10;68;no;si
47;mujer;1;secundaria;rural;basico;765;1090;685;54;203;13;7;65;si;no
79;mujer;2;primaria;urbana;medio;274;1559;630;33;148;34;9;272;si;no
50;hombre;3;educacion superior;rural;premium;883;1172;1452;59;241;57;1;108;no;no
20;mujer;4;primaria;urbana;premium;223;582;1399;57;275;32;3;277;no;si
17;hombre;5;secundaria;rural;basico;408;1613;720;18;280;120;5;463;no;si
47;mujer;5;secundaria;urbana;premium;828;1958;894;30;121;36;6;459;si;no
63;mujer;3;secundaria;rural;basico;590;1125;671;12;201;21;2;87;no;no
42;hombre;2;primaria;rural;basico;475;750;1459;50;95;46;5;430;no;si
44;hombre;2;primaria;urbana;basico;416;593;1473;47;46;20;5;391;no;no
20;hombre;5;primaria;rural;medio;444;508;1120;3;292;113;3;193;no;no
43;mujer;1;educacion superior;rural;medio;468;1041;1307;34;280;28;9;139;no;si
63;hombre;1;primaria;urbana;premium;278;139;1404;29;254;55;9;75;no;no
23;hombre;2;educacion superior;rural;medio;157;570;995;3;203;12;0;341;no;no
70;hombre;4;primaria;rural;premium;970;1295;208;9;20;113;5;212;si;no
70;mujer;6;secundaria;urbana;basico;82;903;852;50;278;39;8;428;no;si
50;mujer;3;educacion superior;rural;medio;130;515;1070;44;183;94;5;62;no;si
77;mujer;1;secundaria;rural;medio;857;1013;980;30;108;28;8;346;si;no
68;mujer;2;educacion superior;rural;medio;815;967;792;40;21;6;0;487;no;no
78;hombre;1;secundaria;urbana;basico;581;50;769;22;228;93;8;434;no;si
18;hombre;2;educacion superior;urbana;premium;953;1494;101;19;280;45;7;204;no;si
41;mujer;1;primaria;rural;premium;434;1135;817;52;150;77;9;349;si;no
69;hombre;3;educacion superior;urbana;basico;287;1313;833;39;118;49;9;202;si;no
38;mujer;4;primaria;urbana;medio;621;1930;1219;43;273;72;4;500;no;si
59;hombre;6;educacion superior;urbana;premium;784;228;894;46;129;87;2;199;no;no
27;mujer;2;educacion superior;rural;medio;83;373;193;27;229;75;6;500;si;no
30;mujer;2;educacion superior;rural;premium;694;1960;375;34;247;37;2;430;si;no
38;mujer;3;educacion superior;rural;premium;316;1581;1462;35;137;87;6;365;no;si
39;mujer;1;educacion superior;rural;premium;409;1312;65;9;274;5;5;498;si;no
20;mujer;5;primaria;urbana;medio;169;1810;935;53;179;101;1;458;si;no
46;mujer;3;educacion superior;rural;basico;592;512;854;43;167;64;3;398;no;si
39;mujer;2;primaria;rural;premium;368;1415;120;53;155;73;1;291;no;no
30;mujer;4;primaria;urbana;basico;578;95;84;43;187;107;6;484;no;si
20;hombre;6;primaria;rural;basico;692;1029;315;40;168;22;7;263;no;si
51;mujer;4;secundaria;rural;medio;277;1268;1445;34;52;80;10;55;no;no
36;mujer;3;educacion superior;rural;medio;131;888;1043;33;190;68;9;225;no;si
42;hombre;6;educacion superior;rural;premium;214;725;1223;29;294;20;9;466;si;no
63;hombre;4;primaria;urbana;medio;969;344;672;10;231;4;2;408;si;no
38;mujer;4;secundaria;rural;basico;609;420;351;57;261;33;10;10;no;no
23;mujer;6;secundaria;rural;medio;986;780;73;50;119;11;1;146;no;no
34;hombre;5;primaria;urbana;basico;559;1201;207;40;226;48;4;449;no;si
55;hombre;5;secundaria;urbana;medio;938;1270;602;40;72;13;9;211;no;si
49;mujer;3;secundaria;urbana;basico;315;566;959;2;269;118;5;266;no;no
25;mujer;5;secundaria;urbana;premium;17;535;668;51;106;63;5;83;no;no
19;mujer;6;educacion superior;rural;basico;241;441;1468;34;57;26;4;334;no;no
54;hombre;3;educacion superior;rural;basico;11;1453;1112;5;86;79;6;116;no;no
72;mujer;3;educacion superior;rural;basico;503;1196;1117;16;59;21;8;291;no;si
66;mujer;3;primaria;rural;medio;104;1234;5;31;71;87;8;476;no;no
74;mujer;1;educacion superior;rural;premium;866;892;1104;36;255;6;10;252;no;no
72;mujer;3;educacion superior;rural;medio;979;278;1382;46;126;85;0;342;no;no
17;mujer;4;primaria;rural;basico;264;1237;1453;45;180;56;5;159;no;si
63;mujer;4;educacion superior;rural;basico;732;1737;1024;25;86;108;6;236;no;si
69;mujer;4;secundaria;rural;premium;894;305;65;2;197;30;6;285;no;no
16;hombre;5;primaria;urbana;premium;581;1289;98;32;102;34;9;207;no;si
55;mujer;5;secundaria;urbana;premium;39;1236;740;18;225;36;10;264;no;no
58;hombre;5;educacion superior;urbana;medio;437;693;984;40;85;73;5;357;no;si
80;mujer;1;educacion superior;rural;premium;107;440;1389;56;236;100;6;391;no;si
59;hombre;5;primaria;rural;basico;182;1361;1413;59;38;30;8;318;si;no
18;mujer;6;primaria;urbana;basico;327;748;518;33;120;38;10;129;no;si
70;mujer;5;primaria;rural;premium;758;991;916;8;294;100;7;171;si;no
55;hombre;1;primaria;urbana;basico;260;511;99;0;79;5;1;414;no;no
41;mujer;5;educacion superior;rural;medio;117;1494;1231;53;55;16;7;113;si;no
69;mujer;1;educacion superior;rural;premium;782;1858;1434;11;135;76;7;348;si;no
80;hombre;1;secundaria;rural;basico;421;1480;831;25;79;16;7;232;no;si
76;mujer;5;primaria;urbana;premium;526;445;932;26;68;100;4;402;no;si
80;hombre;5;secundaria;rural;premium;933;1843;459;31;124;110;5;163;no;si
79;mujer;1;secundaria;rural;basico;327;775;1000;53;131;107;8;113;no;si
72;mujer;1;secundaria;rural;medio;148;1133;297;5;222;56;8;374;si;no
42;mujer;4;primaria;urbana;basico;409;593;1263;51;183;7;7;57;no;si
53;hombre;1;primaria;urbana;medio;873;342;330;30;90;87;4;128;no;si
21;hombre;4;secundaria;urbana;medio;827;790;127;44;124;73;3;358;no;no
61;mujer;1;educacion superior;rural;medio;815;1077;25;53;239;69;10;313;no;si
52;mujer;4;educacion superior;urbana;basico;934;172;903;46;17;26;2;342;si;no
68;mujer;3;secundaria;rural;medio;937;762;1040;43;299;48;8;272;no;si
49;hombre;4;primaria;urbana;premium;159;1025;405;35;202;100;9;108;no;si
61;hombre;2;primaria;rural;premium;432;1412;652;59;113;69;5;416;no;si
34;mujer;1;educacion superior;rural;basico;91;835;492;39;266;61;7;452;si;no
56;mujer;3;secundaria;rural;premium;981;811;1262;38;180;35;10;117;no;si
61;mujer;3;secundaria;urbana;premium;481;1378;433;56;55;78;3;455;no;no
38;mujer;4;primaria;urbana;basico;647;1759;560;39;112;72;4;72;no;si
67;mujer;5;secundaria;rural;basico;946;1024;455;1;270;90;4;406;si;no
25;hombre;5;educacion superior;rural;premium;320;1852;308;2;81;117;8;122;no;no
29;mujer;6;educacion superior;urbana;basico;37;1502;1184;60;289;30;10;280;no;si
55;mujer;6;secundaria;rural;basico;364;37;309;18;300;115;0;119;no;no
56;mujer;2;primaria;rural;medio;665;1752;71;36;108;63;3;88;no;no
25;mujer;6;secundaria;urbana;premium;184;1245;1123;24;45;66;7;496;si;no
79;mujer;4;educacion superior;rural;basico;538;1224;197;42;119;18;8;293;no;si
42;mujer;5;primaria;urbana;premium;232;23;955;47;52;106;9;370;no;si
26;mujer;2;primaria;urbana;premium;434;655;488;7;246;117;1;371;si;no
33;mujer;4;educacion superior;rural;premium;546;1000;546;24;28;58;4;465;si;no
70;hombre;2;educacion superior;rural;basico;818;1853;933;59;53;96;7;263;no;si
80;mujer;2;primaria;rural;premium;8;881;470;53;253;119;2;276;si;no
67;hombre;4;secundaria;rural;premium;272;899;477;51;204;90;4;86;no;si
44;mujer;4;secundaria;urbana;premium;932;1798;1476;52;176;78;7;208;no;si
45;hombre;5;primaria;rural;basico;807;1451;1483;41;217;117;7;165;no;si
55;hombre;4;educacion superior;urbana;medio;139;494;255;37;90;9;7;175;no;si
22;hombre;2;primaria;urbana;medio;835;477;1305;49;225;19;5;239;no;si
25;mujer;4;secundaria;urbana;premium;743;1084;371;22;244;95;1;83;si;no
61;mujer;2;secundaria;rural;basico;661;87;192;16;175;75;5;75;no;si
70;mujer;1;secundaria;rural;basico;325;1616;1325;56;79;24;10;283;no;si
80;mujer;3;primaria;rural;medio;943;1629;421;53;54;78;7;360;no;si
57;hombre;3;primaria;rural;premium;417;1636;349;22;141;30;4;467;no;si
18;hombre;1;primaria;rural;basico;944;268;305;19;63;84;8;272;no;si
37;hombre;2;primaria;urbana;basico;432;1103;48;30;99;103;8;148;no;si
38;mujer;2;secundaria;urbana;premium;14;33;971;29;243;114;1;241;no;no
55;mujer;5;educacion superior;urbana;basico;926;818;364;26;105;24;5;142;no;si
24;mujer;4;secundaria;rural;basico;843;1323;117;49;7;59;2;87;si;no
64;mujer;5;secundaria;rural;premium;448;842;806;35;194;4;4;50;no;si
71;mujer;1;educacion superior;urbana;premium;177;406;942;32;154;67;0;312;no;no
19;mujer;4;primaria;rural;basico;408;289;819;48;243;71;5;481;si;no
28;mujer;4;primaria;rural;medio;458;130;132;38;235;23;9;380;no;no
38;hombre;1;primaria;rural;premium;129;1647;984;57;86;5;3;173;no;si
42;mujer;4;primaria;urbana;premium;549;950;1431;34;86;62;1;353;si;no
16;hombre;4;secundaria;rural;basico;299;1987;45;57;218;59;3;344;no;no
28;mujer;2;secundaria;urbana;premium;691;108;750;36;66;13;10;357;si;no
64;mujer;6;secundaria;rural;premium;56;1352;1130;6;221;3;9;318;si;no
57;mujer;6;secundaria;urbana;premium;969;1245;848;20;141;49;0;407;no;no
19;mujer;2;educacion superior;rural;medio;156;905;303;22;226;18;7;433;no;si
68;hombre;4;secundaria;urbana;premium;400;793;1028;22;297;85;0;45;si;no
39;mujer;1;educacion superior;rural;premium;962;1114;168;11;35;101;8;312;no;no
37;mujer;3;primaria;urbana;medio;646;841;1147;0;158;32;6;318;no;no
77;hombre;4;primaria;urbana;medio;801;38;1082;43;59;105;6;137;no;si
79;mujer;2;primaria;urbana;medio;823;1885;1147;51;225;113;8;214;no;si
57;hombre;6;secundaria;rural;medio;796;654;1118;38;151;63;6;425;no;si
45;mujer;2;educacion superior;rural;medio;347;407;1153;33;192;41;4;271;no;si
39;mujer;6;secundaria;rural;medio;656;1988;1358;40;105;78;5;409;no;si
38;mujer;6;secundaria;urbana;medio;302;1381;941;19;224;98;4;416;no;si
30;hombre;5;educacion superior;urbana;basico;982;1956;298;33;275;70;1;330;no;no
50;mujer;6;primaria;urbana;medio;308;561;960;15;207;49;1;59;no;no
73;hombre;6;secundaria;urbana;basico;493;1489;932;56;169;64;3;444;no;si
65;mujer;3;educacion superior;rural;premium;888;1711;1213;21;138;81;9;366;si;no
80;mujer;5;educacion superior;urbana;premium;743;1285;1198;51;247;3;7;200;si;no
46;mujer;4;secundaria;rural;medio;688;1349;79;20;81;87;10;281;no;si
79;mujer;3;secundaria;rural;medio;749;1227;1421;32;285;10;7;125;no;si
45;mujer;2;educacion superior;rural;medio;515;1042;407;2;43;17;1;86;si;no
17;hombre;5;secundaria;urbana;basico;752;1527;140;50;117;28;9;473;no;no
31;mujer;1;secundaria;urbana;premium;0;1478;99;53;60;64;4;71;no;si
67;mujer;6;secundaria;rural;medio;661;777;1280;32;116;50;10;231;si;no
34;mujer;1;primaria;urbana;premium;925;1073;1093;23;157;117;6;71;no;si
76;mujer;1;secundaria;urbana;basico;914;1838;801;56;7;97;10;442;no;no
59;mujer;5;secundaria;urbana;premium;632;463;386;54;170;31;7;216;no;si
79;mujer;3;primaria;rural;premium;652;1837;1439;46;222;116;0;319;si;no
65;hombre;4;primaria;rural;basico;686;133;1299;40;268;18;9;240;si;no
70;hombre;4;secundaria;urbana;basico;356;1239;487;58;86;7;7;257;no;si
67;hombre;6;secundaria;rural;medio;950;572;636;26;57;43;10;195;si;no
61;hombre;5;secundaria;urbana;medio;961;1695;241;33;123;86;5;474;si;no
63;hombre;1;primaria;rural;basico;161;168;584;54;283;66;9;118;si;no
16;hombre;1;primaria;rural;basico;560;638;559;22;171;46;0;269;si;no
75;hombre;2;primaria;urbana;premium;612;832;1395;15;241;115;3;417;no;si
41;mujer;2;educacion superior;rural;basico;649;979;999;21;230;6;9;203;no;si
57;hombre;3;secundaria;rural;premium;286;378;710;48;133;87;7;36;si;no
55;mujer;6;educacion superior;rural;premium;891;1659;462;56;195;30;3;29;si;no
52;mujer;2;secundaria;rural;premium;274;1989;969;59;39;40;3;116;no;no
17;mujer;4;educacion superior;rural;medio;598;626;987;49;104;30;4;55;no;si
21;mujer;1;secundaria;urbana;medio;230;1152;971;17;92;37;8;493;no;no
47;mujer;6;educacion superior;urbana;basico;720;1839;1406;8;285;34;10;32;si;no
36;mujer;2;secundaria;urbana;medio;594;435;23;26;294;11;5;489;no;si
32;mujer;2;primaria;urbana;medio;15;753;1211;57;98;102;5;64;no;si
30;mujer;4;educacion superior;rural;medio;695;877;1090;35;277;73;6;333;no;si
70;hombre;6;educacion superior;urbana;medio;169;311;172;46;85;72;7;219;no;si
23;mujer;5;educacion superior;urbana;medio;534;715;53;58;28;7;4;99;no;no
49;hombre;4;secundaria;rural;medio;259;470;305;52;153;35;9;480;no;si
34;mujer;5;secundaria;urbana;basico;947;1854;1221;33;127;101;8;430;si;no
34;mujer;6;educacion superior;rural;premium;139;1881;1398;43;266;62;8;309;no;si
30;mujer;2;educacion superior;urbana;basico;613;350;1051;31;54;57;0;77;si;no
30;mujer;3;primaria;rural;premium;161;1031;146;44;132;38;3;450;si;no
43;hombre;2;primaria;urbana;premium;821;571;409;50;13;6;10;416;no;no
47;mujer;2;primaria;urbana;premium;682;1191;1296;36;220;115;10;45;si;no
28;mujer;4;primaria;rural;premium;814;945;247;22;92;39;5;40;si;no
32;mujer;4;educacion superior;rural;basico;902;1462;113;58;186;47;8;151;no;si
52;mujer;5;secundaria;urbana;medio;49;1401;669;15;89;114;7;347;no;si
41;hombre;3;educacion superior;urbana;medio;446;1311;1411;0;160;73;5;32;no;no
71;mujer;3;primaria;rural;basico;858;1619;902;52;188;41;4;276;si;no
63;mujer;6;primaria;rural;medio;504;925;1141;34;194;6;6;132;no;si
25;mujer;4;primaria;rural;medio;845;1497;69;6;248;69;7;208;si;no
35;mujer;3;secundaria;rural;premium;349;1262;1396;57;61;37;10;64;no;si
30;mujer;2;secundaria;rural;premium;900;1455;1330;28;135;113;9;357;no;si
37;mujer;1;secundaria;urbana;premium;725;1243;467;4;50;118;0;206;si;no
75;mujer;6;educacion superior;rural;premium;789;282;364;17;299;50;4;217;no;si
38;mujer;1;primaria;rural;medio;432;1123;1067;31;164;17;6;343;no;si
44;mujer;6;secundaria;rural;medio;112;1959;932;23;63;71;6;315;no;no
37;mujer;2;secundaria;rural;premium;189;1670;784;25;235;101;0;143;no;no
67;mujer;4;educacion superior;urbana;basico;969;1258;860;48;275;70;2;88;si;no
79;mujer;3;secundaria;rural;medio;863;356;447;56;239;26;2;393;si;no
64;hombre;3;secundaria;rural;medio;232;1975;272;35;277;54;6;346;si;no
76;mujer;5;primaria;rural;medio;328;243;1440;24;128;2;0;347;no;no
44;mujer;5;educacion superior;rural;medio;439;403;939;38;295;112;10;168;no;si
69;mujer;5;educacion superior;urbana;basico;185;1211;381;33;104;67;4;342;no;si
26;mujer;1;primaria;urbana;medio;657;1556;616;21;271;113;9;373;no;si
42;mujer;3;educacion superior;rural;basico;744;1737;292;20;105;106;3;316;no;si
74;hombre;4;educacion superior;urbana;medio;443;1597;693;39;282;61;3;191;no;si
31;mujer;6;secundaria;rural;premium;420;863;1173;29;148;103;5;137;no;si
64;hombre;6;educacion superior;rural;premium;441;1822;1158;9;271;4;3;2;si;no
58;hombre;2;educacion superior;rural;basico;295;1957;1024;23;234;28;9;32;si;no
57;mujer;6;secundaria;urbana;medio;893;335;928;15;153;60;6;326;no;si
60;hombre;6;primaria;urbana;medio;258;1610;762;53;243;54;7;433;no;si
64;mujer;3;secundaria;rural;basico;329;954;394;42;237;18;9;231;no;si
58;mujer;2;primaria;urbana;basico;515;197;771;50;182;22;3;368;no;si
48;mujer;1;educacion superior;rural;premium;36;1419;1430;30;250;5;6;298;no;si
31;hombre;5;secundaria;urbana;basico;194;997;639;10;80;118;6;450;si;no
69;mujer;4;secundaria;urbana;basico;345;685;1075;39;135;23;7;84;no;si
66;mujer;3;educacion superior;urbana;medio;544;32;1429;56;291;25;7;100;si;no
20;hombre;1;educacion superior;urbana;medio;26;1382;6;25;163;20;8;303;no;no
40;mujer;3;primaria;urbana;premium;916;694;1318;36;157;2;3;102;no;si
71;mujer;6;secundaria;rural;medio;797;191;834;32;286;33;8;435;no;no
62;hombre;2;educacion superior;urbana;medio;284;1622;537;46;298;59;6;320;no;si
43;hombre;2;secundaria;rural;premium;52;1185;825;28;253;13;8;315;si;no
55;hombre;5;primaria;rural;medio;281;508;307;32;117;119;9;307;no;no
74;mujer;6;educacion superior;rural;medio;376;1053;575;11;291;72;5;258;si;no
68;hombre;5;secundaria;rural;basico;506;1668;159;33;206;41;3;150;no;no
44;mujer;3;secundaria;rural;premium;164;1865;828;55;209;34;9;96;no;si
70;mujer;2;educacion superior;rural;premium;746;73;1499;41;180;79;10;479;no;si
16;mujer;1;educacion superior;rural;medio;392;930;1333;56;163;80;9;169;no;si
45;mujer;6;primaria;rural;basico;369;1849;480;2;134;109;7;442;si;no
44;hombre;6;educacion superior;urbana;basico;871;739;697;38;81;96;3;484;no;no
22;mujer;5;secundaria;rural;medio;144;1778;562;55;116;15;10;356;si;no
46;mujer;6;educacion superior;rural;premium;22;539;896;56;92;101;10;206;no;si
67;hombre;1;primaria;rural;premium;375;1223;850;12;8;66;10;497;no;no
39;mujer;2;secundaria;rural;medio;161;1214;1280;1;241;88;5;310;si;no
55;mujer;3;secundaria;urbana;premium;152;1357;880;54;157;72;6;409;no;si
53;mujer;3;primaria;rural;medio;736;162;225;35;212;82;9;253;no;si
39;mujer;6;primaria;urbana;basico;264;1989;333;54;176;24;0;43;no;no
22;mujer;4;educacion superior;rural;basico;358;1329;1312;48;146;23;9;335;si;no
33;hombre;4;primaria;rural;medio;121;1077;551;44;130;12;7;171;no;si
56;mujer;5;educacion superior;urbana;basico;590;364;351;16;267;5;7;461;no;si
77;mujer;1;secundaria;urbana;medio;303;1755;797;53;145;100;5;363;no;si
55;hombre;2;educacion superior;urbana;basico;381;1760;524;33;186;38;0;116;si;no
39;mujer;3;primaria;urbana;premium;436;1131;401;31;197;15;3;154;no;no
36;mujer;6;primaria;rural;medio;995;1396;1024;30;230;106;3;457;no;no
21;mujer;1;educacion superior;rural;premium;448;1733;92;15;250;17;7;8;no;no
33;mujer;5;primaria;urbana;premium;412;1300;1288;34;15;70;5;285;si;no
67;hombre;6;secundaria;urbana;basico;118;117;108;20;211;77;3;23;si;no
41;mujer;5;secundaria;rural;basico;792;767;753;35;93;44;10;447;no;si
26;mujer;5;primaria;urbana;premium;847;744;498;44;198;74;4;258;no;no
52;mujer;5;primaria;urbana;premium;533;332;1215;53;189;66;10;395;no;si
52;mujer;2;primaria;urbana;premium;738;594;270;46;109;75;7;137;no;si
52;mujer;3;educacion superior;urbana;medio;89;1092;361;27;206;100;7;427;no;si
64;mujer;2;secundaria;urbana;basico;282;1282;755;29;297;88;6;258;no;si
35;mujer;4;educacion superior;urbana;medio;819;220;1363;59;161;107;0;325;si;no
73;hombre;6;educacion superior;urbana;basico;697;452;684;55;15;119;6;471;si;no
60;hombre;4;primaria;urbana;premium;266;605;1222;24;249;54;9;180;no;si
24;hombre;2;secundaria;rural;medio;167;549;150;30;280;82;7;299;no;si
17;mujer;2;primaria;rural;basico;57;45;490;1;127;90;7;318;si;no
28;mujer;1;educacion superior;rural;premium;598;1582;68;18;227;19;5;139;no;si
70;hombre;1;educacion superior;urbana;premium;764;1893;1441;6;271;69;0;487;no;no
44;mujer;3;primaria;urbana;basico;469;1698;924;32;134;46;0;40;no;no
27;mujer;4;secundaria;urbana;basico;291;510;1228;8;95;49;9;96;si;no
75;hombre;4;primaria;rural;medio;228;1844;805;42;67;62;6;242;no;no
29;mujer;3;primaria;urbana;premium;807;1854;1391;38;266;56;7;337;no;si
63;hombre;6;primaria;urbana;premium;560;1775;546;49;167;114;4;53;no;si
79;hombre;5;primaria;rural;medio;844;1131;1195;14;46;106;0;82;no;no
44;hombre;3;secundaria;urbana;premium;533;774;605;16;210;112;1;9;no;no
50;mujer;5;educacion superior;rural;basico;22;776;766;39;199;35;5;290;no;si
38;hombre;5;secundaria;rural;basico;831;119;334;18;62;76;9;399;no;si
53;mujer;3;primaria;urbana;medio;695;1566;523;50;121;87;8;343;no;si
77;mujer;5;secundaria;rural;medio;719;710;52;1;76;94;2;173;no;no
68;mujer;1;secundaria;rural;basico;229;1867;52;49;106;98;6;280;no;si
38;mujer;2;secundaria;urbana;premium;900;1232;1151;28;280;6;0;499;si;no
64;hombre;1;primaria;rural;medio;447;1764;504;21;134;40;9;302;no;si
57;mujer;5;secundaria;urbana;premium;342;1753;1101;39;174;94;5;463;no;si
57;mujer;3;primaria;rural;premium;767;616;288;50;77;100;4;148;no;si
44;mujer;5;educacion superior;urbana;medio;568;746;778;39;57;31;10;83;no;si
29;mujer;2;educacion superior;rural;basico;154;777;1038;46;287;67;4;92;no;si
68;mujer;5;secundaria;rural;basico;247;1226;1057;56;284;107;5;383;no;si
75;hombre;5;primaria;rural;basico;668;1199;1453;14;115;69;1;392;no;no
70;mujer;6;educacion superior;urbana;medio;620;1028;590;39;116;12;2;180;si;no
29;mujer;5;primaria;urbana;medio;436;1276;662;39;95;62;9;261;si;no
77;mujer;5;educacion superior;urbana;medio;700;1931;1425;22;91;113;7;340;no;si
38;hombre;5;secundaria;rural;premium;319;16;1014;25;120;68;3;283;si;no
73;mujer;4;educacion superior;rural;premium;280;1888;1111;55;196;58;10;236;no;si
69;mujer;1;primaria;urbana;basico;254;1919;597;25;239;101;3;172;no;si
59;mujer;3;secundaria;rural;premium;528;1351;201;50;229;2;7;80;no;si
68;hombre;6;educacion superior;urbana;basico;673;897;928;40;286;91;0;191;no;no
69;hombre;4;educacion superior;rural;premium;707;1047;237;44;203;21;6;334;no;si
63;hombre;5;educacion superior;rural;basico;423;760;165;53;217;25;6;282;no;no
44;mujer;1;educacion superior;urbana;basico;658;1259;33;2;89;31;8;89;no;no
36;mujer;1;primaria;urbana;medio;923;1751;650;29;268;103;8;338;no;si
19;hombre;3;primaria;rural;premium;351;1017;181;20;209;94;10;384;no;si
49;mujer;1;primaria;rural;medio;115;748;741;14;128;68;1;93;no;no
34;mujer;3;secundaria;rural;medio;461;644;1051;37;126;68;5;215;si;no
23;mujer;5;secundaria;urbana;medio;610;624;1445;50;124;16;6;130;si;no
33;hombre;5;educacion superior;rural;basico;340;1970;542;52;27;58;9;149;no;no
54;mujer;2;primaria;rural;basico;95;756;24;28;34;53;3;75;si;no
39;hombre;6;educacion superior;urbana;basico;382;18;1229;46;231;21;3;234;no;si
65;mujer;5;primaria;urbana;basico;684;901;458;55;137;54;6;477;no;no
27;mujer;1;primaria;rural;premium;581;425;1062;33;63;101;10;100;no;si
37;mujer;6;secundaria;urbana;premium;249;556;563;44;250;82;10;357;no;no
75;mujer;4;secundaria;urbana;medio;988;1143;161;29;225;104;9;76;no;no
58;hombre;4;secundaria;rural;basico;68;1501;361;38;95;18;6;165;no;si
72;hombre;4;educacion superior;urbana;medio;106;869;1484;59;162;81;3;265;no;si
35;mujer;5;educacion superior;urbana;premium;215;112;416;59;73;60;5;406;no;si
74;hombre;3;educacion superior;rural;medio;485;1896;259;27;285;15;3;375;no;si
45;mujer;6;primaria;urbana;premium;71;1922;671;51;107;106;7;457;no;no
24;hombre;4;primaria;urbana;basico;469;259;950;56;218;109;5;220;no;no
36;hombre;3;educacion superior;urbana;basico;349;1650;922;55;224;56;10;428;no;si
29;hombre;6;primaria;rural;medio;713;1919;758;45;285;54;8;408;no;si
21;mujer;2;secundaria;urbana;medio;984;267;1081;58;75;88;4;463;no;si
56;hombre;3;educacion superior;urbana;basico;446;387;526;56;130;81;3;371;no;si
46;mujer;3;secundaria;rural;medio;844;640;684;54;236;99;6;301;no;si
40;hombre;1;educacion superior;urbana;basico;869;1599;164;54;220;71;4;297;no;no
28;hombre;2;secundaria;rural;premium;396;45;1138;36;232;120;10;407;no;si
18;mujer;4;primaria;urbana;premium;894;1496;863;38;20;109;8;397;si;no
23;hombre;1;primaria;urbana;premium;123;824;1320;33;220;77;7;448;si;no
75;hombre;2;educacion superior;rural;basico;638;635;1005;46;164;110;6;209;si;no
62;hombre;1;primaria;rural;premium;858;747;42;24;289;87;8;78;no;si
56;hombre;5;primaria;urbana;premium;498;500;198;26;171;116;6;249;no;si
48;mujer;3;educacion superior;urbana;premium;334;750;329;13;161;54;6;400;no;no
64;hombre;1;primaria;urbana;basico;144;1329;92;14;67;38;10;213;si;no
70;mujer;6;educacion superior;urbana;premium;470;1486;83;52;250;113;2;287;no;no
76;mujer;4;secundaria;rural;premium;799;1934;167;56;71;81;0;47;no;no
23;hombre;2;educacion superior;rural;basico;303;1020;555;4;243;63;9;186;si;no
21;mujer;2;secundaria;urbana;basico;99;234;556;3;78;12;4;180;si;no
46;hombre;3;secundaria;rural;basico;257;1848;844;24;205;74;10;383;no;si
45;mujer;1;primaria;rural;medio;152;86;1352;48;133;56;3;335;no;si
69;hombre;3;secundaria;rural;premium;974;545;555;28;201;69;9;87;no;si
63;mujer;2;primaria;urbana;medio;849;1598;1353;11;145;90;1;446;si;no
64;mujer;5;educacion superior;urbana;medio;172;329;456;50;272;75;5;400;no;si
55;hombre;3;educacion superior;rural;premium;337;23;813;30;235;67;7;200;no;si
77;hombre;3;secundaria;rural;medio;789;821;473;5;163;17;6;371;si;no
75;mujer;2;secundaria;urbana;basico;867;1520;887;24;271;2;1;342;si;no
75;mujer;3;secundaria;urbana;premium;360;1869;12;43;98;37;9;168;no;si
25;mujer;6;secundaria;rural;medio;971;450;830;14;51;18;6;250;no;no
43;mujer;6;educacion superior;rural;basico;196;1819;809;49;89;104;9;390;no;si
37;mujer;3;educacion superior;urbana;basico;519;328;15;38;103;110;0;106;no;no
67;mujer;2;secundaria;rural;medio;152;222;827;44;132;19;2;486;si;no
17;mujer;5;secundaria;rural;basico;267;950;1293;7;88;97;1;300;si;no
19;hombre;2;educacion superior;rural;medio;368;334;1410;27;280;22;7;50;no;no
56;mujer;5;secundaria;rural;premium;937;896;334;50;198;112;6;183;si;no
25;mujer;1;secundaria;rural;medio;654;1459;576;18;66;22;10;281;no;si
59;hombre;5;primaria;rural;premium;783;1989;424;48;231;24;5;329;no;si
42;mujer;6;primaria;urbana;premium;613;1812;1302;5;143;12;3;290;si;no
31;mujer;4;primaria;urbana;premium;591;115;694;46;59;14;6;396;no;si
73;mujer;4;primaria;rural;medio;639;242;1037;12;241;63;9;55;no;no
38;mujer;5;educacion superior;rural;premium;465;540;1369;19;104;111;3;176;no;no
49;mujer;3;secundaria;rural;medio;74;150;8;29;223;31;3;412;no;si
46;mujer;6;primaria;urbana;medio;710;1221;590;15;292;94;4;352;no;si
69;hombre;4;primaria;urbana;basico;592;139;1450;21;258;58;4;499;no;si
29;hombre;1;educacion superior;urbana;premium;407;532;58;60;274;12;10;220;si;no
58;mujer;1;educacion superior;rural;basico;617;909;139;44;227;15;6;203;no;si
56;mujer;5;secundaria;rural;medio;875;1731;1337;16;39;6;2;178;si;no
72;mujer;2;secundaria;urbana;basico;90;827;386;35;199;93;8;469;no;no
46;mujer;3;secundaria;rural;premium;549;1382;844;4;226;120;5;177;si;no
44;hombre;1;educacion superior;rural;basico;108;1073;987;48;61;61;4;35;no;no
37;mujer;1;educacion superior;urbana;basico;341;1637;1015;12;85;49;2;81;si;no
72;mujer;2;primaria;urbana;premium;455;1716;1169;51;224;112;3;123;no;si
74;hombre;6;secundaria;rural;premium;936;1602;1078;60;67;80;7;477;no;no
25;mujer;6;secundaria;urbana;medio;376;1701;91;8;112;100;1;132;si;no
75;hombre;5;educacion superior;urbana;premium;681;1758;421;60;72;93;8;487;no;si
43;mujer;1;educacion superior;rural;premium;396;145;1256;54;11;11;7;191;si;no
31;hombre;4;educacion superior;rural;premium;995;1067;655;38;234;17;3;312;no;si
47;mujer;1;primaria;urbana;basico;634;1532;1423;53;251;72;9;120;no;si
53;mujer;1;educacion superior;urbana;basico;231;651;1016;2;133;36;2;408;no;no
52;mujer;1;primaria;urbana;basico;880;1476;129;11;214;48;10;215;si;no
66;hombre;5;primaria;rural;premium;521;160;511;9;246;95;2;171;no;no
16;hombre;6;educacion superior;urbana;medio;888;1003;626;38;42;18;10;363;no;no
61;mujer;5;educacion superior;urbana;medio;767;446;1437;21;58;67;3;393;no;si
53;mujer;2;primaria;rural;medio;591;1213;160;55;243;20;5;476;no;si
71;mujer;1;primaria;rural;medio;160;1033;424;8;299;23;8;173;si;no
50;hombre;2;secundaria;rural;medio;829;1672;804;55;168;43;7;326;no;si
69;hombre;1;primaria;urbana;medio;770;1777;979;30;22;27;5;165;si;no
54;hombre;6;primaria;urbana;medio;686;1868;1139;52;71;67;1;358;no;no
54;hombre;4;educacion superior;urbana;basico;396;1967;59;43;127;1;3;300;no;si
35;mujer;5;secundaria;rural;medio;603;961;90;26;288;116;6;48;si;no
16;hombre;4;secundaria;rural;medio;984;213;560;42;268;44;10;364;no;si
65;hombre;6;primaria;urbana;medio;428;166;286;57;297;79;9;224;no;no
19;mujer;2;primaria;rural;medio;333;578;348;13;51;111;10;47;no;no
25;mujer;5;primaria;urbana;basico;708;1457;1132;45;248;23;4;267;no;si
30;hombre;4;secundaria;urbana;premium;994;335;267;12;3;10;7;411;si;no
69;mujer;6;primaria;urbana;medio;777;181;507;15;128;80;3;403;no;si
73;mujer;6;educacion superior;urbana;medio;657;1624;405;53;213;81;4;257;si;no
47;mujer;2;primaria;urbana;premium;378;243;238;45;142;115;3;342;no;si
33;mujer;1;primaria;rural;medio;592;1682;268;18;130;94;7;9;no;no
20;mujer;1;secundaria;rural;basico;703;1728;524;30;290;37;1;348;no;no
41;hombre;6;educacion superior;rural;medio;985;686;795;44;266;80;9;53;si;no
46;hombre;2;secundaria;urbana;basico;416;1620;219;34;90;36;6;458;no;si
50;mujer;2;secundaria;urbana;medio;613;1762;275;41;207;49;8;106;no;si
62;hombre;3;secundaria;urbana;medio;737;649;751;26;36;72;6;86;si;no
78;hombre;2;secundaria;rural;basico;278;868;805;25;16;78;6;121;si;no
24;mujer;1;primaria;urbana;premium;11;70;1076;29;93;45;3;106;no;si
26;hombre;1;secundaria;rural;medio;720;752;732;45;21;116;0;77;no;no
48;mujer;3;secundaria;urbana;premium;86;1896;69;45;286;70;9;413;no;no
51;mujer;3;primaria;urbana;premium;957;1550;731;37;75;102;4;459;no;si
17;mujer;5;educacion superior;rural;premium;797;1293;815;42;198;19;5;293;no;si
26;mujer;2;secundaria;urbana;premium;694;208;3;13;91;49;6;493;no;no
36;mujer;1;secundaria;urbana;basico;695;415;1089;31;131;21;10;37;si;no
43;mujer;4;secundaria;rural;premium;710;891;304;7;178;47;0;157;si;no
32;hombre;5;educacion superior;urbana;basico;803;1107;701;11;73;18;9;35;si;no
50;mujer;2;primaria;urbana;medio;317;1635;1433;51;111;78;10;271;no;si
43;mujer;2;secundaria;urbana;basico;671;1136;993;33;3;6;10;67;si;no
60;mujer;5;primaria;urbana;premium;387;885;749;37;90;55;5;426;no;no
47;hombre;4;educacion superior;rural;medio;694;1625;321;41;294;50;10;234;no;si
21;mujer;5;secundaria;rural;basico;208;1677;1028;21;152;51;8;210;no;si
77;hombre;4;educacion superior;rural;basico;541;1767;561;43;94;54;9;424;no;si
50;hombre;5;educacion superior;rural;medio;680;376;487;60;99;98;5;466;no;si
21;mujer;6;primaria;urbana;basico;740;90;1408;52;241;9;6;153;no;si
28;hombre;1;primaria;urbana;medio;677;171;0;11;140;78;0;479;no;no
47;mujer;4;secundaria;rural;premium;102;437;1087;33;138;69;6;375;no;si
44;mujer;6;educacion superior;urbana;medio;442;1366;241;28;209;100;1;40;no;no
25;mujer;2;educacion superior;urbana;basico;814;400;389;48;295;37;6;500;no;si
65;hombre;6;secundaria;rural;medio;627;825;447;25;126;37;4;324;no;no
58;hombre;3;secundaria;urbana;medio;333;1499;824;42;119;28;7;294;no;si
40;mujer;5;primaria;rural;basico;904;288;438;22;294;114;0;184;si;no
38;hombre;2;secundaria;urbana;basico;499;655;1144;0;242;90;3;16;si;no
39;mujer;4;educacion superior;rural;premium;436;894;1098;28;114;24;2;314;no;no
75;mujer;2;primaria;rural;medio;449;575;1056;20;255;17;6;303;no;si
46;hombre;6;primaria;urbana;medio;835;128;1315;31;281;104;4;380;no;si
73;mujer;6;secundaria;urbana;premium;809;716;214;20;110;101;4;381;no;si
78;mujer;3;secundaria;rural;premium;960;139;696;22;289;91;3;5;no;no
62;hombre;5;educacion superior;rural;medio;13;660;1296;23;59;26;2;157;no;no
59;mujer;4;primaria;rural;premium;341;1030;444;21;266;8;10;366;no;si
69;hombre;6;educacion superior;urbana;basico;114;234;584;34;113;84;8;19;no;no
69;mujer;6;educacion superior;urbana;medio;495;72;551;36;122;56;7;192;no;si
70;mujer;1;primaria;rural;premium;62;648;53;56;91;45;5;249;no;si
65;mujer;4;educacion superior;rural;premium;788;694;1431;27;144;86;5;256;no;si
70;mujer;1;educacion superior;urbana;premium;746;714;355;55;213;75;10;321;no;si
72;hombre;2;primaria;urbana;basico;559;906;841;39;109;75;2;490;si;no
50;hombre;2;secundaria;urbana;premium;507;1411;178;19;292;90;8;440;no;si
32;mujer;2;secundaria;rural;medio;996;559;1493;30;192;33;6;275;si;no
62;mujer;4;primaria;rural;basico;783;1191;356;44;273;84;7;250;no;si
20;mujer;4;secundaria;rural;premium;356;1423;145;22;0;48;8;435;no;no
74;mujer;6;educacion superior;urbana;basico;751;513;96;46;239;29;10;496;no;si
26;mujer;1;primaria;rural;medio;644;601;1386;39;226;48;10;229;no;si
25;mujer;2;secundaria;rural;premium;240;214;767;20;121;31;10;54;no;no
25;hombre;6;primaria;rural;basico;190;132;278;60;207;30;9;251;no;si
72;mujer;1;primaria;rural;medio;399;641;336;59;162;62;3;254;no;si
19;hombre;6;secundaria;rural;basico;401;813;1392;55;57;98;5;391;no;si
50;mujer;5;educacion superior;urbana;basico;306;179;664;6;36;90;6;383;si;no
38;mujer;1;secundaria;rural;basico;735;748;692;53;153;17;10;188;no;si
35;mujer;2;educacion superior;rural;medio;860;932;279;8;180;17;0;123;si;no
42;mujer;6;secundaria;rural;basico;416;1488;1499;0;85;92;5;362;si;no
25;hombre;6;secundaria;rural;premium;36;1803;1342;35;178;70;2;128;no;no
59;hombre;2;primaria;rural;basico;85;1456;519;40;136;50;5;116;no;si
74;mujer;3;educacion superior;urbana;basico;99;1073;1061;27;128;97;9;263;no;si
71;mujer;1;secundaria;urbana;premium;522;5;336;15;232;13;9;402;si;no
30;mujer;2;primaria;urbana;basico;828;1075;72;44;271;83;6;101;no;si
55;mujer;1;primaria;urbana;basico;81;1406;1345;44;232;99;9;169;no;si
73;hombre;6;educacion superior;urbana;medio;215;333;244;5;139;115;4;448;si;no
46;hombre;1;primaria;urbana;medio;26;754;410;10;232;86;7;84;si;no
21;mujer;4;secundaria;rural;medio;171;343;888;43;200;37;8;450;no;si
23;mujer;2;primaria;urbana;basico;671;732;162;42;106;72;10;19;no;no
68;mujer;6;primaria;rural;basico;581;1300;1438;54;155;108;3;335;no;si
57;hombre;1;educacion superior;urbana;basico;223;987;783;51;280;66;10;0;no;no
52;mujer;2;secundaria;rural;medio;273;1139;718;53;171;37;8;339;no;si
52;mujer;1;primaria;rural;basico;770;1763;245;13;181;113;4;283;si;no
18;hombre;1;primaria;rural;basico;516;740;1204;37;251;57;4;456;no;si
62;mujer;4;educacion superior;rural;basico;452;1577;55;27;97;43;3;62;no;si
37;mujer;6;educacion superior;urbana;basico;181;1280;905;27;201;56;6;146;si;no
16;mujer;4;secundaria;rural;medio;287;247;1128;25;256;92;0;264;no;no
37;mujer;6;educacion superior;rural;premium;818;827;153;47;43;20;5;329;si;no
28;hombre;5;primaria;urbana;premium;371;1404;930;0;83;53;4;267;no;no
72;hombre;5;primaria;urbana;medio;182;752;1461;11;103;6;7;420;no;no
55;mujer;5;primaria;rural;basico;834;826;960;51;70;113;4;486;si;no
64;mujer;1;primaria;urbana;basico;116;688;167;32;246;9;5;83;no;si
66;hombre;2;primaria;urbana;basico;924;629;263;32;156;32;5;462;si;no
56;hombre;2;primaria;urbana;premium;226;99;270;30;191;90;8;70;no;si
17;mujer;2;educacion superior;rural;medio;467;549;349;47;71;54;2;2;no;no
40;mujer;4;educacion superior;urbana;premium;9;1498;453;1;174;7;1;324;no;no
59;mujer;6;educacion superior;urbana;medio;641;1239;1172;21;13;15;2;477;no;no
67;mujer;6;primaria;urbana;basico;903;1480;1405;22;92;85;8;215;no;si
39;mujer;6;secundaria;rural;basico;110;1347;1439;11;167;64;6;293;no;no
80;mujer;6;secundaria;urbana;premium;596;439;1425;53;274;100;0;46;no;no
61;hombre;1;primaria;rural;basico;707;1140;117;55;95;60;7;484;no;si
51;mujer;3;educacion superior;urbana;medio;728;185;608;11;227;71;1;323;no;no
66;mujer;1;educacion superior;urbana;premium;368;1833;892;6;217;49;7;196;si;no
27;mujer;3;educacion superior;urbana;medio;10;1107;962;26;243;100;3;65;no;si
32;hombre;3;educacion superior;urbana;basico;359;897;1341;43;117;62;7;237;no;si
55;hombre;3;primaria;rural;premium;281;714;1127;42;251;27;7;320;no;si
21;mujer;6;primaria;urbana;basico;535;1272;1359;19;0;48;8;383;si;no
26;mujer;4;educacion superior;urbana;premium;360;1112;848;59;232;16;6;236;no;si
55;hombre;1;primaria;rural;basico;367;865;399;42;273;87;8;241;no;si
56;hombre;5;educacion superior;urbana;premium;635;1416;71;13;210;2;5;316;si;no
20;hombre;6;primaria;rural;premium;930;557;1138;7;49;109;6;344;no;no
22;mujer;1;primaria;rural;medio;111;383;607;19;84;42;6;253;no;si
20;hombre;3;primaria;urbana;premium;991;894;1478;50;134;15;7;458;si;no
17;mujer;5;secundaria;rural;medio;183;1979;989;54;144;33;7;55;no;no
57;mujer;4;primaria;urbana;basico;579;1239;690;1;75;25;9;243;no;no
51;mujer;5;secundaria;urbana;basico;661;954;327;30;175;73;8;451;no;si
54;mujer;6;educacion superior;rural;premium;549;1915;1284;55;151;28;10;385;si;no
68;mujer;3;primaria;urbana;medio;247;933;1266;35;118;74;6;439;no;si
49;mujer;1;educacion superior;urbana;medio;64;1009;723;43;186;24;10;117;no;no
40;hombre;3;educacion superior;urbana;basico;906;1398;630;34;115;91;4;5;si;no
77;mujer;1;primaria;rural;medio;827;801;607;54;197;11;3;441;no;si
71;mujer;3;secundaria;rural;premium;295;1253;199;4;264;28;6;1;si;no
31;mujer;2;educacion superior;urbana;premium;801;1979;1187;28;54;119;4;348;no;si
71;hombre;5;secundaria;urbana;premium;486;131;727;32;195;97;7;115;no;no
40;mujer;3;educacion superior;rural;premium;377;1563;464;31;250;91;8;119;si;no
79;mujer;6;secundaria;rural;medio;758;1003;81;45;4;34;6;107;no;no
19;mujer;2;secundaria;rural;medio;332;1640;1054;18;17;16;6;62;no;no
28;mujer;6;educacion superior;rural;basico;802;1684;1229;7;293;62;1;300;si;no
44;mujer;1;secundaria;urbana;basico;208;1529;678;35;34;91;4;55;no;no
22;mujer;2;educacion superior;rural;basico;36;489;593;50;227;20;3;107;no;si
38;mujer;6;primaria;rural;medio;788;843;654;59;58;15;9;159;no;no
43;mujer;4;secundaria;urbana;premium;269;1602;876;15;138;85;6;404;no;si
66;mujer;5;secundaria;urbana;medio;795;711;768;34;295;54;4;441;no;si
52;mujer;2;primaria;rural;premium;51;1734;1169;48;132;38;7;198;no;si
60;hombre;3;primaria;urbana;medio;418;1418;477;54;229;2;9;133;no;si
76;mujer;3;primaria;rural;premium;98;916;1065;28;17;58;9;222;no;no
47;hombre;1;secundaria;urbana;basico;156;1377;842;54;217;22;0;147;no;no
62;hombre;6;primaria;urbana;premium;992;462;988;30;248;71;10;423;si;no
39;mujer;3;secundaria;urbana;basico;508;329;664;5;127;93;0;414;si;no
60;mujer;3;secundaria;rural;premium;770;1306;681;16;127;61;5;60;si;no
59;mujer;2;secundaria;urbana;basico;348;1361;1008;46;201;91;10;206;no;si
79;hombre;6;secundaria;rural;premium;595;717;1418;22;154;8;4;257;no;si
42;mujer;2;secundaria;rural;basico;401;1194;1138;41;265;45;6;129;no;si
17;mujer;6;secundaria;urbana;medio;639;206;668;51;155;28;8;99;no;si
76;mujer;4;primaria;rural;basico;823;1174;948;46;253;79;3;147;no;si
55;mujer;1;educacion superior;rural;medio;28;1881;432;35;278;64;9;440;no;si
29;mujer;5;educacion superior;urbana;basico;21;731;904;13;149;114;10;398;si;no
70;mujer;5;secundaria;urbana;premium;349;411;1323;40;284;80;5;323;si;no
47;hombre;6;educacion superior;urbana;medio;602;1310;1401;36;67;42;7;476;no;si
35;mujer;1;primaria;urbana;basico;96;454;546;41;139;64;7;293;si;no
59;mujer;6;primaria;urbana;basico;615;480;139;57;186;45;4;153;si;no
50;mujer;3;secundaria;rural;basico;622;1303;306;53;251;89;4;469;si;no
35;mujer;3;secundaria;rural;basico;782;40;1424;16;295;29;3;353;no;si
19;mujer;5;secundaria;urbana;medio;755;480;314;36;273;88;6;256;no;no
55;mujer;3;primaria;rural;medio;621;835;806;44;105;39;3;150;no;si
34;mujer;2;primaria;urbana;basico;845;3;17;25;138;65;4;315;no;si
53;hombre;5;primaria;rural;medio;123;503;1381;24;125;92;8;455;no;si
67;mujer;3;educacion superior;urbana;premium;116;1829;1463;26;222;78;4;116;no;si
25;hombre;5;primaria;urbana;basico;124;682;888;9;141;23;2;406;no;no
77;mujer;4;secundaria;urbana;premium;531;142;412;34;15;26;6;191;si;no
47;hombre;2;primaria;rural;basico;338;1537;1218;57;210;74;6;429;no;si
58;mujer;6;secundaria;urbana;premium;367;1379;464;59;73;115;1;290;si;no
64;hombre;5;primaria;urbana;medio;356;1858;1404;33;140;109;7;430;no;si
73;mujer;3;secundaria;urbana;medio;660;1538;1278;60;255;10;5;366;no;si
17;mujer;4;educacion superior;rural;medio;982;220;99;5;278;46;1;113;si;no
39;mujer;3;educacion superior;rural;premium;119;5;1486;53;115;118;6;311;si;no
36;hombre;4;educacion superior;rural;basico;37;1369;1454;10;90;8;1;477;no;no
68;mujer;5;secundaria;urbana;basico;837;416;23;55;249;9;8;72;no;si
18;mujer;2;educacion superior;rural;premium;459;926;616;38;253;30;10;186;si;no
52;hombre;5;educacion superior;rural;premium;878;1859;1026;45;136;13;0;244;si;no
74;hombre;3;educacion superior;urbana;medio;462;1627;519;19;265;68;9;63;no;si
52;mujer;6;educacion superior;rural;basico;795;1461;1477;48;180;10;8;348;si;no
42;mujer;1;primaria;rural;medio;590;1966;106;56;215;46;6;232;no;si
79;mujer;3;primaria;rural;medio;213;1077;409;31;271;95;3;122;no;si
62;mujer;3;primaria;urbana;basico;694;857;1327;35;176;22;10;496;no;si
39;mujer;1;educacion superior;urbana;premium;672;619;1291;21;265;84;6;96;no;si
44;hombre;6;secundaria;urbana;basico;952;762;122;9;28;89;9;345;no;no
16;hombre;6;educacion superior;rural;basico;185;289;788;40;223;61;3;434;no;si
57;mujer;5;primaria;urbana;premium;295;831;1211;32;192;56;3;399;no;si
16;mujer;5;educacion superior;rural;basico;754;423;1252;15;230;4;0;112;no;no
48;hombre;2;educacion superior;urbana;basico;911;278;1064;49;294;69;6;303;si;no
57;hombre;4;secundaria;rural;basico;809;708;1044;52;277;20;10;284;no;si
32;hombre;6;primaria;rural;medio;661;274;597;31;172;34;9;93;si;no
62;mujer;2;primaria;urbana;basico;407;625;376;12;68;51;4;106;si;no
79;mujer;6;secundaria;rural;premium;90;1286;1150;25;288;72;1;35;si;no
48;hombre;2;primaria;rural;premium;630;798;442;23;253;101;6;470;no;si
16;mujer;6;educacion superior;urbana;premium;987;268;134;37;27;9;9;368;si;no
64;mujer;1;educacion superior;rural;premium;565;1614;115;48;122;64;3;50;no;si
77;mujer;3;educacion superior;urbana;basico;818;857;616;30;165;55;9;262;no;si
73;hombre;3;secundaria;rural;premium;544;1156;900;34;191;29;10;434;no;si
79;mujer;4;secundaria;urbana;premium;573;128;468;21;274;32;0;411;si;no
25;mujer;5;primaria;rural;premium;688;440;743;23;115;103;9;305;no;si
60;hombre;3;primaria;urbana;premium;24;1772;128;20;162;16;1;168;no;no
42;hombre;5;educacion superior;rural;premium;386;948;807;52;211;1;10;353;no;no
20;mujer;2;educacion superior;rural;medio;101;1897;554;52;248;50;4;376;no;si
38;mujer;6;primaria;rural;basico;748;917;268;59;283;83;8;150;no;no
17;mujer;2;primaria;urbana;premium;761;185;142;46;255;53;7;108;no;si
61;mujer;1;secundaria;urbana;premium;798;1374;427;48;204;28;0;382;si;no
52;hombre;3;educacion superior;urbana;medio;318;422;158;42;16;88;10;83;si;no
37;hombre;1;educacion superior;rural;basico;0;1365;1359;46;99;114;6;201;no;si
76;mujer;6;educacion superior;rural;premium;631;1832;812;51;174;108;8;308;no;si
76;mujer;3;secundaria;urbana;medio;620;1864;782;34;105;41;9;419;no;si
76;mujer;6;educacion superior;urbana;medio;213;998;213;60;81;74;2;72;no;no
54;mujer;6;educacion superior;rural;basico;947;908;645;48;285;48;4;323;no;si
38;mujer;4;secundaria;urbana;basico;739;1230;847;43;101;61;6;329;no;si
29;hombre;4;secundaria;urbana;medio;470;1732;1301;46;186;14;5;97;no;no
29;mujer;4;educacion superior;rural;medio;740;239;189;57;266;49;8;480;no;si
22;mujer;5;educacion superior;rural;premium;556;872;398;21;163;105;8;238;no;si
41;mujer;6;primaria;urbana;premium;450;67;1368;1;12;113;3;177;no;no
77;mujer;6;educacion superior;urbana;premium;407;1191;431;25;188;40;10;417;no;si
48;mujer;5;secundaria;urbana;premium;651;1641;1389;44;167;97;6;57;no;si
69;mujer;3;secundaria;rural;medio;897;1552;39;23;167;19;7;487;si;no
27;mujer;1;educacion superior;urbana;basico;365;319;226;27;140;115;9;114;no;si
20;hombre;2;primaria;urbana;basico;621;1997;212;28;160;54;8;296;no;si
22;mujer;4;primaria;rural;basico;132;557;1374;29;126;87;8;277;no;si
51;hombre;1;primaria;rural;medio;171;1360;835;32;9;60;8;149;no;no
43;hombre;3;primaria;urbana;medio;751;1116;1287;46;100;49;8;52;no;no
58;mujer;5;primaria;rural;medio;276;1980;563;55;88;61;7;346;si;no
37;hombre;3;primaria;urbana;basico;680;1695;149;53;31;25;1;288;no;no
23;mujer;5;secundaria;urbana;premium;495;860;1274;48;225;119;4;385;no;no
70;mujer;6;primaria;urbana;premium;611;601;603;34;223;91;4;166;no;si
72;otro;6;educacion superior;urbana;basico;670;1089;998;51;159;101;1;41;si;no
55;otro;3;secundaria;rural;basico;889;1573;976;23;178;53;9;270;no;si
16;mujer;4;secundaria;rural;basico;441;1608;872;26;155;44;5;161;no;si
29;mujer;6;educacion superior;urbana;medio;1000;1276;1080;28;256;88;9;225;no;si
45;otro;2;primaria;urbana;medio;155;755;1148;33;300;36;10;60;no;si
66;otro;2;educacion superior;rural;premium;549;443;168;42;211;55;7;54;no;si
34;otro;4;primaria;rural;premium;391;1679;343;16;126;56;7;225;no;no
78;hombre;6;secundaria;urbana;basico;164;340;1114;53;300;104;6;78;no;si
26;otro;4;primaria;rural;basico;690;612;717;60;106;114;10;16;no;no
62;hombre;6;secundaria;rural;medio;970;1437;858;36;92;106;10;484;no;no
54;mujer;6;educacion superior;urbana;medio;609;1091;863;33;86;60;3;331;no;si
65;otro;5;educacion superior;rural;premium;417;1074;146;45;167;61;9;345;no;si
65;hombre;3;primaria;urbana;basico;267;1446;1388;0;28;92;7;81;si;no
64;otro;6;secundaria;urbana;premium;282;1313;279;43;243;110;0;362;si;no
68;mujer;1;secundaria;urbana;medio;914;49;1083;27;262;111;1;355;no;no
71;mujer;1;educacion superior;rural;premium;654;234;853;57;160;98;10;274;si;no
43;mujer;2;primaria;rural;medio;506;1608;249;33;142;103;10;394;no;si
55;otro;3;secundaria;rural;premium;421;567;166;35;95;53;0;319;no;no
57;mujer;2;secundaria;urbana;premium;159;1216;586;25;251;108;8;201;no;si
56;hombre;5;secundaria;urbana;basico;971;1329;330;47;121;58;10;341;no;si
58;hombre;4;primaria;rural;premium;320;1764;1030;29;179;31;8;120;no;si
29;mujer;6;primaria;urbana;basico;243;1107;719;42;183;87;4;221;no;si
78;otro;3;primaria;rural;medio;361;1308;769;60;223;40;6;265;no;si
55;mujer;4;educacion superior;urbana;basico;560;173;978;1;152;82;4;47;no;no
17;mujer;4;primaria;rural;basico;826;218;608;35;9;77;7;139;si;no
23;otro;6;primaria;urbana;basico;288;667;656;49;128;30;0;391;no;no
44;otro;1;educacion superior;rural;basico;795;603;485;24;55;112;0;383;no;no
47;mujer;3;educacion superior;urbana;basico;233;859;284;39;138;55;7;263;si;no
51;mujer;3;secundaria;urbana;premium;928;1446;795;21;194;92;6;361;no;si
70;mujer;1;primaria;urbana;medio;556;251;6;17;247;59;5;496;no;si
73;hombre;6;secundaria;rural;basico;599;966;1038;23;227;41;10;226;no;si
50;hombre;5;secundaria;urbana;premium;400;1864;602;4;117;13;3;428;si;no
36;mujer;3;primaria;urbana;basico;844;1771;1103;54;220;26;8;321;si;no
74;hombre;2;secundaria;rural;medio;758;1113;128;51;254;17;9;309;no;si
59;mujer;3;primaria;rural;premium;946;234;575;59;163;75;3;162;no;si
70;mujer;3;educacion superior;rural;basico;717;1558;1356;51;253;42;1;212;no;no
61;hombre;5;primaria;rural;premium;650;954;575;18;200;6;3;454;no;si
60;otro;5;secundaria;urbana;basico;13;1295;90;20;186;9;10;126;no;si
64;hombre;3;educacion superior;rural;premium;113;1878;501;10;14;67;9;111;si;no
27;otro;2;primaria;rural;premium;435;63;1156;39;220;105;4;437;no;si
69;mujer;3;secundaria;urbana;premium;775;605;58;31;144;69;4;290;no;si
40;hombre;4;educacion superior;urbana;basico;721;15;32;36;65;104;5;396;no;si
25;otro;5;educacion superior;rural;premium;191;630;51;12;36;15;0;54;si;no
75;hombre;1;primaria;urbana;basico;654;457;955;18;82;2;8;113;no;si
38;otro;2;educacion superior;urbana;medio;669;1397;383;23;41;69;5;384;no;no
67;mujer;1;educacion superior;rural;premium;735;1627;745;44;212;76;9;176;no;si
47;mujer;5;primaria;rural;medio;69;1810;1066;53;211;6;3;274;si;no
68;hombre;3;educacion superior;urbana;basico;60;1910;173;20;269;95;9;498;no;si
67;hombre;4;educacion superior;rural;basico;421;503;942;39;140;45;1;62;no;no
76;otro;1;primaria;rural;premium;720;1450;411;15;120;8;7;289;no;si
77;mujer;1;secundaria;urbana;basico;219;1055;1418;17;158;104;7;462;no;si
46;hombre;3;educacion superior;urbana;basico;961;1387;691;8;138;27;9;110;si;no
72;mujer;5;primaria;rural;premium;214;1369;422;33;121;43;7;384;no;si
60;hombre;3;educacion superior;urbana;premium;10;1879;1073;24;124;81;10;218;no;no
64;mujer;4;secundaria;urbana;premium;623;1417;145;17;83;59;5;476;no;si
64;hombre;1;secundaria;rural;basico;4;513;12;28;127;80;9;172;no;si
44;otro;1;primaria;urbana;medio;934;728;825;24;181;3;4;182;no;si
65;mujer;2;secundaria;rural;basico;530;762;1493;24;138;112;5;312;no;si
73;otro;3;secundaria;urbana;basico;432;112;287;56;249;25;6;193;no;si
34;otro;6;educacion superior;urbana;basico;312;264;1016;18;56;47;9;277;no;si
51;mujer;3;primaria;rural;basico;263;400;747;43;71;62;5;105;no;si
65;mujer;6;primaria;rural;premium;2;504;1145;27;122;69;6;359;no;si
43;otro;5;educacion superior;rural;medio;321;494;1073;39;282;49;9;443;no;si
59;otro;4;educacion superior;urbana;premium;791;1301;1483;25;55;45;3;377;si;no
28;hombre;6;primaria;urbana;basico;846;1941;860;58;138;87;8;199;no;si
41;mujer;1;primaria;urbana;basico;572;730;1423;12;210;22;3;369;si;no
27;hombre;5;educacion superior;urbana;basico;550;260;28;21;194;93;7;74;no;si
76;hombre;2;primaria;rural;premium;400;1922;551;49;269;50;8;401;no;si
28;mujer;3;secundaria;urbana;medio;639;550;1483;33;269;34;9;202;no;si
64;mujer;4;primaria;rural;premium;44;549;1217;38;181;60;3;172;no;si
74;otro;3;primaria;urbana;basico;127;871;1126;59;125;114;9;474;si;no
35;hombre;4;primaria;rural;premium;119;90;1251;55;148;16;3;415;no;si
76;mujer;2;primaria;rural;medio;586;1213;634;45;220;49;8;144;no;si
74;hombre;2;secundaria;urbana;basico;697;982;761;59;34;96;9;202;no;no
61;otro;2;educacion superior;urbana;medio;983;1189;307;46;252;47;4;314;no;si
79;otro;5;educacion superior;urbana;medio;917;22;633;55;182;45;1;124;no;no
56;mujer;4;secundaria;rural;medio;413;75;209;29;257;27;5;444;no;si
26;mujer;3;secundaria;urbana;basico;922;169;1248;34;232;45;7;477;no;si
54;hombre;3;secundaria;urbana;basico;98;1765;412;37;103;107;3;180;no;si
64;otro;1;educacion superior;rural;medio;317;91;1017;39;18;119;4;205;no;no
62;hombre;1;secundaria;urbana;medio;44;275;1326;54;231;42;5;465;no;no
46;hombre;1;primaria;rural;medio;856;1650;733;25;181;95;9;307;no;si
31;mujer;6;primaria;urbana;basico;678;1710;961;42;274;15;3;356;no;no
60;mujer;2;secundaria;urbana;basico;368;1117;614;37;146;104;10;201;no;si
40;mujer;6;secundaria;rural;basico;600;1323;365;30;63;24;7;120;no;si
36;otro;4;educacion superior;urbana;basico;992;1678;213;40;133;16;10;428;no;si
48;otro;2;educacion superior;urbana;medio;108;47;1235;15;66;46;1;70;no;no
17;hombre;1;primaria;urbana;medio;629;648;768;36;160;49;4;142;no;si
58;hombre;4;educacion superior;urbana;premium;374;1178;38;59;180;8;2;410;no;no
51;otro;5;primaria;urbana;medio;183;224;1362;19;283;5;6;407;no;si
70;otro;5;secundaria;urbana;basico;972;332;1239;32;261;22;5;207;si;no
52;otro;4;primaria;urbana;premium;140;567;533;33;246;52;7;146;si;no
51;otro;2;secundaria;urbana;premium;756;1706;905;9;49;77;7;178;no;no
73;mujer;1;primaria;rural;medio;105;1291;56;26;298;115;2;227;si;no
47;mujer;3;educacion superior;rural;premium;215;1067;242;18;97;59;4;209;no;si
53;otro;5;secundaria;rural;premium;509;824;235;39;300;101;2;381;si;no
63;hombre;1;primaria;urbana;premium;15;518;1407;42;149;96;10;326;no;si
17;hombre;1;educacion superior;urbana;medio;461;444;313;28;290;78;5;246;no;si
67;hombre;6;secundaria;urbana;basico;836;87;498;30;267;5;8;345;si;no
44;otro;3;primaria;urbana;premium;161;1031;33;35;171;119;8;273;no;si
23;otro;2;primaria;rural;medio;731;238;1410;54;89;119;10;144;no;si
32;mujer;4;primaria;rural;basico;735;599;114;53;209;7;10;126;no;si
79;mujer;5;educacion superior;rural;medio;289;940;1310;30;181;10;9;420;no;si
41;hombre;3;educacion superior;rural;medio;373;197;1217;32;245;106;5;230;no;si
46;mujer;6;secundaria;urbana;medio;289;802;216;57;58;76;6;58;no;si
26;mujer;4;educacion superior;rural;medio;929;1535;431;2;152;64;0;47;no;no
22;hombre;4;secundaria;rural;basico;173;1748;1038;60;29;89;3;173;no;no
45;hombre;4;secundaria;rural;basico;502;295;480;22;250;63;10;329;no;si
22;otro;6;secundaria;urbana;basico;66;105;1186;5;217;39;0;327;no;no
53;mujer;1;secundaria;rural;medio;205;909;624;52;67;91;5;271;no;si
43;mujer;1;secundaria;urbana;basico;295;1794;611;5;295;17;7;496;si;no
25;otro;5;educacion superior;rural;basico;250;370;335;33;70;71;2;365;no;no
42;otro;2;primaria;rural;premium;943;578;565;60;288;81;0;185;si;no
70;mujer;3;primaria;rural;medio;969;1486;196;50;184;84;9;261;no;si
24;hombre;5;educacion superior;urbana;basico;107;211;421;19;185;30;6;488;no;si
25;hombre;3;educacion superior;rural;medio;172;1980;749;23;263;117;3;170;si;no
58;mujer;4;educacion superior;urbana;medio;106;773;145;31;259;110;3;448;no;si
19;otro;3;secundaria;rural;basico;657;422;731;27;139;63;9;74;no;si
46;hombre;6;primaria;rural;premium;872;1928;541;6;284;28;4;308;no;no
22;mujer;2;primaria;rural;premium;42;1217;967;58;136;21;10;409;si;no
44;mujer;5;educacion superior;rural;basico;622;1485;661;28;293;74;9;406;no;si
42;hombre;3;educacion superior;rural;premium;837;844;549;36;163;37;5;303;si;no
32;otro;4;educacion superior;urbana;basico;976;396;830;59;127;74;5;279;no;si
44;mujer;2;primaria;rural;premium;732;1162;160;59;290;13;3;412;no;no
78;mujer;5;educacion superior;urbana;basico;729;1695;387;58;183;108;7;66;no;si
44;otro;1;primaria;rural;basico;998;1613;796;41;53;84;6;130;si;no
65;hombre;1;secundaria;urbana;basico;534;120;1020;53;215;46;6;181;no;si
53;otro;1;educacion superior;rural;premium;877;1089;627;2;297;5;6;307;si;no
49;otro;2;primaria;urbana;medio;502;221;1036;34;172;13;5;322;si;no
60;otro;4;primaria;urbana;premium;842;306;34;46;100;41;10;48;si;no
45;mujer;4;primaria;urbana;medio;835;598;959;50;95;100;8;337;no;si
19;hombre;6;educacion superior;urbana;basico;141;212;727;26;35;104;8;172;no;no
39;mujer;3;primaria;urbana;basico;407;1876;1356;25;66;112;6;186;no;si
61;otro;5;secundaria;rural;basico;897;697;555;22;293;91;9;410;no;si
73;otro;3;educacion superior;rural;medio;653;1498;343;53;175;72;7;153;no;si
56;otro;2;secundaria;urbana;basico;648;1705;287;48;234;44;4;159;si;no
46;mujer;5;secundaria;rural;basico;406;1738;1451;35;136;72;9;259;no;si
69;mujer;6;secundaria;urbana;premium;797;705;1152;45;199;115;10;60;si;no
64;otro;4;educacion superior;urbana;basico;646;702;664;24;51;65;2;429;si;no
63;mujer;2;primaria;urbana;basico;745;1326;1243;22;281;39;3;120;no;si
74;hombre;3;secundaria;rural;medio;943;1644;1091;15;222;11;1;499;si;no
65;hombre;5;secundaria;rural;medio;216;522;252;32;210;118;7;278;no;si
37;hombre;6;educacion superior;urbana;premium;604;853;796;8;143;97;10;94;no;no
71;hombre;2;secundaria;urbana;basico;985;149;43;18;224;71;7;123;si;no
58;mujer;1;educacion superior;urbana;medio;659;1612;1499;40;217;115;4;48;si;no
40;hombre;3;primaria;rural;medio;477;562;555;38;196;68;4;160;no;si
18;hombre;5;secundaria;urbana;medio;611;1452;1221;21;103;16;3;260;no;si
44;hombre;1;secundaria;urbana;medio;904;933;1166;43;293;14;3;176;no;si
75;hombre;5;secundaria;urbana;basico;601;243;1305;9;118;109;7;230;si;no
42;hombre;4;educacion superior;rural;premium;501;1095;227;49;92;20;5;169;si;no
31;otro;2;primaria;urbana;premium;426;922;274;22;197;92;5;444;no;si
31;mujer;5;primaria;urbana;premium;98;466;839;20;244;76;10;101;no;no
51;mujer;3;secundaria;urbana;basico;583;891;227;38;25;99;10;236;si;no
27;mujer;6;secundaria;urbana;premium;202;1843;506;18;84;20;3;436;si;no
63;hombre;2;secundaria;rural;medio;443;1215;163;21;142;78;10;421;no;no
46;mujer;2;educacion superior;rural;basico;63;1399;1328;28;235;58;0;411;si;no
54;mujer;1;educacion superior;urbana;premium;730;1275;508;8;3;95;2;95;si;no
64;otro;3;educacion superior;rural;medio;141;245;1317;36;152;57;6;409;no;no
70;hombre;5;secundaria;rural;medio;19;776;1057;53;110;69;5;404;no;si
74;otro;3;primaria;rural;basico;759;488;206;46;268;64;4;145;no;si
44;hombre;2;primaria;rural;premium;19;1152;1288;32;92;62;7;379;si;no
47;mujer;1;secundaria;urbana;medio;38;906;631;56;272;104;4;342;no;si
54;otro;3;primaria;rural;medio;435;572;337;44;123;15;5;317;si;no
38;mujer;1;secundaria;rural;premium;288;645;28;20;244;115;7;82;si;no
18;otro;3;primaria;rural;medio;587;454;1096;16;62;49;10;382;no;si
45;otro;4;primaria;urbana;medio;655;305;638;19;63;96;8;322;no;si
53;mujer;3;educacion superior;rural;medio;918;1039;277;51;84;74;4;487;si;no
56;otro;5;secundaria;urbana;premium;602;965;408;56;30;16;7;30;no;no
45;otro;4;educacion superior;urbana;basico;150;208;990;28;141;11;10;488;si;no
26;mujer;1;primaria;rural;basico;357;750;1239;44;18;76;5;351;si;no
43;hombre;6;secundaria;rural;medio;677;1176;442;24;191;39;7;253;no;si
58;mujer;3;primaria;rural;basico;103;1430;612;32;287;76;7;274;no;si
22;otro;1;educacion superior;rural;basico;756;1489;280;39;106;99;4;421;si;no
33;otro;5;secundaria;urbana;basico;560;1417;494;36;206;66;7;190;no;si
22;otro;1;primaria;rural;basico;794;1598;688;37;282;102;4;199;no;no
34;hombre;6;primaria;rural;medio;560;473;748;45;278;114;7;162;no;no
29;otro;5;secundaria;urbana;medio;957;1849;430;9;249;65;7;77;no;no
48;otro;3;secundaria;urbana;premium;572;704;701;23;191;21;4;261;no;si
26;mujer;2;educacion superior;urbana;medio;752;1798;383;32;189;70;4;374;no;no
23;otro;3;primaria;urbana;medio;968;1843;1281;17;243;83;3;408;no;si
26;mujer;2;educacion superior;urbana;premium;204;190;373;23;243;43;8;389;si;no
73;hombre;5;secundaria;urbana;medio;716;1986;765;27;180;47;10;476;no;no
68;hombre;1;secundaria;urbana;medio;319;694;1082;57;194;100;8;186;no;si
22;hombre;4;educacion superior;urbana;basico;911;1953;401;15;187;117;9;298;no;si
41;mujer;6;educacion superior;rural;basico;847;445;496;19;253;22;3;261;no;si
56;hombre;1;secundaria;rural;premium;412;379;304;35;206;35;3;254;si;no
57;hombre;4;educacion superior;urbana;basico;94;1266;74;41;90;96;8;417;no;si
71;hombre;3;primaria;urbana;premium;948;67;963;50;273;109;8;217;no;si
60;mujer;6;educacion superior;rural;premium;842;375;1097;47;292;33;4;470;no;si
73;otro;5;educacion superior;urbana;basico;433;1761;506;15;273;109;5;308;no;si
50;hombre;2;primaria;rural;premium;119;1967;1033;27;218;115;3;284;no;si
42;otro;2;educacion superior;urbana;medio;939;1061;942;31;188;4;5;472;no;si
32;otro;4;educacion superior;urbana;medio;70;1847;612;42;80;46;10;369;no;si
67;hombre;4;educacion superior;urbana;medio;988;831;256;60;196;44;9;469;no;si
25;hombre;4;primaria;rural;basico;647;111;1242;31;55;101;10;402;no;si
50;mujer;5;primaria;rural;basico;160;838;624;41;77;67;9;147;no;no
56;hombre;3;primaria;urbana;basico;908;1208;1018;46;253;44;9;261;si;no
62;mujer;1;secundaria;urbana;medio;907;165;758;48;297;65;7;236;si;no
48;mujer;5;primaria;urbana;premium;160;914;996;28;281;82;10;180;no;si
60;hombre;6;secundaria;rural;basico;978;1125;723;11;291;16;7;429;si;no
79;mujer;3;secundaria;rural;medio;720;301;482;24;243;9;0;498;no;no
57;mujer;4;educacion superior;urbana;basico;631;1280;859;38;127;53;0;488;si;no
20;hombre;3;educacion superior;urbana;basico;684;1245;351;23;275;28;6;484;no;si
78;mujer;5;educacion superior;rural;medio;855;1951;955;19;94;46;3;371;no;si
30;mujer;6;educacion superior;urbana;medio;273;1083;1234;55;239;48;3;229;no;no
78;mujer;6;secundaria;urbana;medio;137;211;1207;37;122;111;8;147;no;no
77;mujer;1;primaria;urbana;basico;639;534;99;45;182;72;5;241;no;si
56;mujer;6;secundaria;rural;basico;485;1018;362;15;35;111;7;65;no;no
59;otro;1;primaria;rural;premium;331;1859;972;17;233;107;9;162;no;si
25;hombre;3;primaria;urbana;basico;26;144;294;57;108;65;10;210;no;no
38;otro;3;primaria;urbana;basico;604;519;875;59;54;59;9;457;no;si
73;hombre;2;educacion superior;rural;basico;576;1772;460;15;138;104;7;274;si;no
32;otro;6;primaria;rural;medio;877;1688;633;9;257;2;6;494;si;no
72;hombre;6;primaria;rural;medio;563;90;707;59;194;103;9;112;no;si
37;mujer;5;educacion superior;urbana;premium;401;1768;500;60;94;47;3;271;no;si
30;otro;5;educacion superior;rural;premium;172;1489;821;47;246;90;7;176;si;no
42;otro;3;primaria;urbana;medio;696;1047;843;21;132;117;5;223;no;si
69;otro;1;secundaria;urbana;medio;610;1928;0;45;37;73;4;127;si;no
61;otro;4;educacion superior;rural;basico;507;1843;981;23;13;105;3;134;no;no
55;hombre;6;primaria;rural;basico;766;1307;245;31;117;54;5;51;no;si
52;hombre;3;educacion superior;rural;premium;28;1208;1283;42;281;52;9;87;no;si
40;hombre;6;secundaria;urbana;medio;909;660;996;35;99;78;4;137;no;si
65;hombre;1;educacion superior;urbana;premium;114;1575;269;40;287;59;5;208;no;si
22;otro;2;educacion superior;urbana;medio;794;1396;1455;13;254;63;6;418;no;no
58;hombre;4;primaria;rural;medio;246;871;266;47;142;32;8;173;no;si
68;otro;3;educacion superior;rural;medio;168;75;1485;43;265;50;10;121;no;si
56;mujer;1;educacion superior;rural;premium;257;1234;500;43;152;2;9;275;no;si
49;hombre;6;secundaria;urbana;basico;202;1343;329;21;19;3;6;265;no;no
76;otro;4;educacion superior;rural;medio;441;594;986;21;84;5;2;80;si;no
52;otro;5;educacion superior;rural;premium;909;510;1373;1;162;109;5;2;si;no
58;hombre;4;educacion superior;urbana;basico;510;1881;122;49;51;22;7;112;no;si
75;hombre;6;primaria;urbana;premium;529;76;1058;40;55;79;5;142;si;no
61;mujer;5;secundaria;urbana;premium;205;994;1104;46;130;82;10;448;no;si
63;otro;4;primaria;rural;basico;511;1833;210;16;180;103;10;109;no;si
80;mujer;6;secundaria;rural;premium;58;53;659;15;270;94;3;96;si;no
61;hombre;5;educacion superior;urbana;premium;984;1311;1272;32;281;116;5;241;no;no
27;hombre;2;primaria;urbana;premium;163;1603;342;17;184;32;6;481;no;no
38;hombre;4;educacion superior;rural;premium;38;1455;1141;21;132;31;3;252;no;si
21;otro;4;primaria;urbana;basico;47;1461;800;24;239;10;3;373;no;si
54;mujer;5;educacion superior;urbana;medio;152;952;897;44;98;29;4;335;no;si
79;mujer;3;secundaria;rural;basico;816;480;1213;36;83;49;7;378;no;no
53;otro;3;primaria;urbana;medio;833;1860;75;17;228;40;4;479;no;no
58;otro;6;secundaria;rural;basico;970;1584;974;51;54;24;10;393;si;no
53;mujer;5;primaria;rural;basico;664;1293;456;58;156;96;2;376;no;no
75;hombre;3;secundaria;urbana;medio;994;104;515;25;295;72;4;10;si;no
54;mujer;3;secundaria;rural;basico;92;1297;887;16;259;36;3;368;no;si
57;hombre;1;educacion superior;urbana;medio;744;875;338;29;67;72;6;403;no;si
37;mujer;5;primaria;rural;premium;95;599;898;10;239;102;1;285;no;no
22;hombre;6;secundaria;rural;premium;48;43;1109;6;121;34;10;168;no;no
23;mujer;2;primaria;urbana;medio;699;1155;1314;41;164;81;6;180;si;no
19;mujer;2;primaria;urbana;medio;1000;739;950;4;36;32;7;29;no;no
21;hombre;4;primaria;rural;medio;9;846;535;28;84;113;0;212;si;no
77;mujer;5;educacion superior;rural;premium;86;1781;157;15;75;15;3;388;no;si
50;hombre;3;secundaria;urbana;basico;903;1251;748;46;87;23;8;186;no;si
73;hombre;1;educacion superior;urbana;medio;529;248;705;5;232;37;0;263;no;no
20;otro;6;primaria;rural;basico;308;514;1267;47;173;58;5;343;no;si
25;mujer;6;educacion superior;rural;premium;295;596;859;27;272;51;10;113;no;no
66;otro;1;educacion superior;urbana;medio;6;965;1257;16;107;17;3;377;si;no
33;mujer;3;educacion superior;urbana;premium;141;149;902;26;289;37;2;176;no;no
41;otro;3;educacion superior;rural;premium;568;1380;1204;31;274;92;10;223;no;si
21;hombre;4;secundaria;urbana;medio;990;1032;1416;39;243;70;3;467;no;si
51;hombre;6;secundaria;rural;premium;654;1078;380;17;232;13;2;110;no;no
66;otro;6;secundaria;urbana;premium;566;1835;312;29;294;101;8;321;no;no
73;hombre;4;educacion superior;rural;premium;823;772;700;12;95;110;0;63;si;no
37;hombre;4;secundaria;rural;basico;701;1207;199;4;215;15;8;198;no;no
27;hombre;6;primaria;rural;premium;165;521;449;50;291;6;7;477;no;si
19;mujer;1;educacion superior;rural;premium;214;432;1149;49;134;78;4;403;no;si
49;mujer;4;primaria;urbana;medio;731;458;93;22;131;81;5;36;no;no
46;hombre;6;primaria;urbana;medio;124;1871;1407;15;250;79;9;124;si;no
63;hombre;1;primaria;urbana;basico;277;1427;695;25;160;73;6;303;no;si
41;hombre;5;educacion superior;rural;premium;467;272;966;11;26;114;3;477;no;no
36;hombre;1;primaria;rural;premium;282;848;1473;16;258;34;2;433;si;no
80;otro;4;educacion superior;rural;premium;741;1911;1243;55;7;28;5;231;no;no
18;hombre;1;primaria;rural;medio;956;1773;320;38;297;119;5;166;no;si
19;hombre;5;primaria;urbana;premium;884;139;1255;15;84;40;7;354;si;no
79;otro;5;secundaria;rural;basico;492;1593;1157;60;275;3;5;65;no;si
44;otro;3;secundaria;urbana;medio;548;1443;587;23;47;15;0;237;si;no
54;mujer;1;secundaria;rural;medio;65;1315;1417;40;163;5;10;254;no;si
77;hombre;3;primaria;urbana;basico;105;405;1328;33;267;23;2;53;no;no
75;otro;3;educacion superior;rural;premium;750;542;1472;51;129;65;8;279;si;no
39;mujer;3;secundaria;rural;basico;44;1781;316;9;7;54;1;157;si;no
32;otro;1;primaria;urbana;medio;202;1586;1040;54;71;49;5;429;si;no
19;hombre;1;educacion superior;rural;medio;874;1178;1044;39;215;57;6;248;si;no
19;hombre;4;primaria;rural;basico;763;1179;131;33;107;69;8;266;si;no
26;mujer;3;secundaria;urbana;premium;765;138;200;53;112;81;9;333;no;si
32;hombre;1;secundaria;urbana;basico;231;1933;375;38;280;12;3;268;no;si
61;hombre;6;primaria;rural;medio;140;1743;54;20;268;53;10;134;si;no
37;hombre;2;primaria;rural;medio;774;162;252;27;183;3;4;243;no;si
19;hombre;4;educacion superior;rural;premium;721;1949;1437;46;193;83;3;171;no;si
73;mujer;2;primaria;urbana;medio;938;1323;1136;60;39;74;2;95;no;no
39;hombre;3;secundaria;rural;premium;404;12;939;40;194;88;9;207;si;no
44;otro;6;educacion superior;urbana;premium;220;1127;1148;41;271;83;3;117;no;no
52;hombre;6;primaria;urbana;basico;232;699;172;1;194;16;9;326;si;no
34;otro;5;educacion superior;rural;medio;478;1040;906;0;84;50;4;36;si;no
63;otro;5;educacion superior;rural;premium;414;1963;490;32;127;56;10;436;si;no
76;otro;2;educacion superior;urbana;premium;526;1986;308;49;256;98;4;469;no;si
76;mujer;3;educacion superior;urbana;premium;598;890;587;9;107;82;5;76;si;no
71;mujer;6;educacion superior;rural;premium;528;872;425;39;262;106;9;82;no;si
69;mujer;4;educacion superior;rural;premium;173;912;54;30;274;29;4;207;no;si
17;otro;1;primaria;urbana;premium;984;959;51;47;193;30;5;326;no;si
66;hombre;6;primaria;urbana;basico;450;348;566;34;267;58;3;412;no;si
62;mujer;1;educacion superior;rural;basico;84;1596;864;52;297;78;9;489;no;no
61;otro;6;primaria;rural;medio;19;517;580;1;232;78;5;458;no;no
64;hombre;1;educacion superior;urbana;basico;853;1053;302;24;188;33;7;129;si;no
40;otro;2;educacion superior;rural;basico;9;1188;897;60;276;49;8;318;no;si
29;mujer;4;secundaria;urbana;basico;836;1913;601;47;227;97;7;301;no;si
26;mujer;2;secundaria;rural;premium;470;1654;1252;47;170;108;3;153;no;si
17;mujer;3;educacion superior;urbana;basico;635;1296;1454;21;164;78;4;2;si;no
33;hombre;3;primaria;urbana;medio;737;953;136;2;232;97;3;121;si;no
71;hombre;1;secundaria;urbana;premium;128;1793;274;53;228;98;1;361;si;no
53;mujer;4;primaria;rural;basico;34;898;61;36;73;22;8;153;no;no
34;hombre;3;secundaria;urbana;basico;509;1089;746;34;147;16;6;404;no;si
73;otro;4;educacion superior;rural;basico;955;1321;399;31;104;18;6;298;no;si
16;mujer;2;secundaria;urbana;basico;367;1672;916;44;270;13;2;155;si;no
67;mujer;3;educacion superior;rural;medio;291;814;413;16;147;66;7;242;no;si
18;otro;1;primaria;rural;basico;377;1735;14;33;222;6;5;343;no;si
31;hombre;6;primaria;urbana;premium;335;1790;374;41;52;93;8;118;no;si
79;otro;3;secundaria;urbana;basico;616;1966;154;23;198;108;3;269;no;si
68;otro;3;educacion superior;rural;premium;914;1042;956;34;117;5;9;249;no;si
60;hombre;6;primaria;rural;basico;279;1065;1001;1;55;80;6;377;si;no
59;mujer;1;secundaria;urbana;basico;39;390;1365;7;118;15;1;86;no;no
70;mujer;3;primaria;rural;premium;403;566;1200;58;232;104;7;312;no;si
21;mujer;4;primaria;urbana;basico;44;88;950;58;146;91;8;207;no;si
21;hombre;1;educacion superior;urbana;premium;84;954;410;38;171;14;3;461;no;si
26;hombre;4;educacion superior;urbana;medio;264;660;22;49;62;44;4;128;no;si
39;mujer;4;primaria;rural;medio;869;796;1456;43;72;80;3;408;no;si
31;hombre;1;secundaria;rural;premium;47;385;1021;25;225;18;7;89;no;si
35;mujer;2;secundaria;rural;medio;97;1785;15;38;217;33;6;105;no;si
73;mujer;1;secundaria;rural;premium;428;1013;792;18;106;8;5;154;no;si
22;hombre;3;secundaria;urbana;premium;265;1630;920;53;161;41;3;394;no;si
66;mujer;4;primaria;rural;basico;671;1260;533;53;220;61;8;196;no;si
40;mujer;2;educacion superior;rural;premium;323;1208;1418;52;190;10;6;319;no;no
79;otro;1;primaria;rural;premium;62;1064;678;39;111;113;9;163;no;si
78;mujer;5;primaria;urbana;basico;723;1310;817;40;184;82;8;136;no;no
50;hombre;6;educacion superior;rural;medio;411;241;983;55;202;74;1;217;no;no
74;otro;2;primaria;rural;premium;577;1179;1023;43;100;50;1;305;no;no
34;mujer;5;secundaria;rural;premium;574;170;952;15;28;9;4;284;si;no
37;otro;4;primaria;rural;medio;849;1124;1497;41;135;104;10;68;no;si
67;mujer;6;educacion superior;rural;medio;637;717;79;17;161;78;3;438;no;si
58;mujer;3;primaria;urbana;premium;369;1533;472;43;14;10;9;78;no;no
74;hombre;6;educacion superior;urbana;basico;729;1236;832;58;91;105;9;118;no;si
19;mujer;5;educacion superior;urbana;medio;192;75;569;48;104;116;10;251;no;si
56;otro;1;educacion superior;urbana;medio;67;1962;813;56;196;60;5;394;no;si
56;mujer;1;primaria;urbana;premium;683;1740;835;38;286;83;6;426;no;si
20;mujer;1;primaria;urbana;premium;458;969;1347;58;111;116;9;368;no;si
67;mujer;1;secundaria;rural;premium;518;612;250;41;65;33;7;95;si;no
48;mujer;4;educacion superior;rural;premium;148;796;1229;58;199;52;8;216;no;si
68;otro;5;secundaria;rural;medio;82;1539;102;15;234;40;9;328;no;si
48;hombre;1;secundaria;urbana;basico;497;914;115;3;283;26;9;482;no;no
40;otro;1;educacion superior;urbana;medio;101;741;98;29;31;96;2;166;no;no
16;mujer;6;educacion superior;rural;medio;573;1137;687;35;155;53;6;413;no;si
31;mujer;6;primaria;urbana;basico;223;3;1256;24;290;113;8;409;no;si
54;mujer;1;secundaria;rural;basico;758;1691;765;49;280;9;3;387;no;si
71;hombre;1;secundaria;urbana;premium;268;1628;1022;45;203;34;8;73;no;si
69;otro;3;secundaria;urbana;basico;392;1691;630;45;73;98;4;147;no;no
20;hombre;1;educacion superior;urbana;premium;872;1004;453;31;196;101;9;219;no;si
31;hombre;4;secundaria;urbana;basico;270;1520;765;39;269;33;9;170;no;si
44;otro;3;secundaria;urbana;basico;784;1476;624;52;259;37;4;28;si;no
24;hombre;3;secundaria;urbana;medio;673;73;1243;19;46;48;0;411;si;no
70;hombre;4;primaria;rural;medio;534;1585;665;43;177;105;6;207;no;si
58;otro;1;primaria;urbana;medio;297;451;607;49;149;95;9;471;no;no
27;mujer;2;primaria;rural;basico;277;423;822;39;174;70;8;118;no;no
68;hombre;2;educacion superior;rural;premium;925;276;1213;53;255;24;6;192;no;si
34;hombre;6;educacion superior;urbana;premium;622;74;1218;34;229;23;8;228;no;si
35;otro;2;primaria;urbana;medio;492;1830;950;35;124;21;8;190;no;si
79;otro;5;primaria;rural;medio;171;1677;635;54;266;109;6;438;no;si
44;mujer;1;primaria;rural;premium;910;1508;600;34;160;92;9;144;si;no
78;hombre;1;educacion superior;urbana;basico;200;694;602;22;200;57;3;145;si;no
54;hombre;4;educacion superior;rural;basico;251;1956;595;45;179;96;7;309;no;si
69;mujer;1;secundaria;rural;basico;287;227;1441;26;194;16;1;215;si;no
25;mujer;3;educacion superior;rural;medio;342;1447;1439;18;179;20;9;392;no;si
24;mujer;1;secundaria;rural;premium;635;368;1176;44;271;72;2;280;si;no
72;mujer;5;educacion superior;urbana;basico;96;1192;1095;12;190;36;7;462;si;no
41;otro;1;secundaria;urbana;medio;514;907;788;52;131;27;3;286;no;si
38;otro;2;educacion superior;urbana;basico;70;256;1253;43;232;17;0;159;no;no
26;hombre;1;primaria;urbana;medio;780;299;1145;12;40;69;4;132;no;no
20;mujer;2;secundaria;urbana;medio;166;1297;1284;30;194;13;3;300;si;no
17;hombre;6;primaria;rural;basico;151;740;56;43;15;34;10;488;si;no
66;hombre;3;secundaria;rural;medio;455;1586;984;34;238;46;3;478;no;si
34;hombre;5;secundaria;urbana;premium;598;657;387;35;163;73;5;115;no;si
71;mujer;2;primaria;urbana;medio;513;1139;994;2;40;104;4;82;si;no
43;mujer;3;educacion superior;urbana;basico;722;538;460;23;176;21;10;111;no;si
17;otro;1;primaria;urbana;premium;389;1726;9;40;212;98;10;275;si;no
63;mujer;4;educacion superior;urbana;medio;114;592;68;50;245;68;6;172;no;no
64;otro;6;secundaria;urbana;premium;786;976;725;19;284;1;8;74;no;no
50;otro;1;secundaria;urbana;premium;55;1733;439;28;90;53;9;387;no;si
47;otro;6;secundaria;rural;premium;105;1982;252;49;129;83;8;436;no;no
26;otro;5;educacion superior;urbana;premium;952;246;796;42;255;98;6;418;si;no
31;hombre;1;secundaria;urbana;premium;311;535;707;3;75;71;5;332;no;no
49;otro;4;primaria;urbana;premium;978;332;402;21;67;71;3;478;no;si
53;mujer;6;secundaria;urbana;basico;756;1468;1115;13;74;21;4;88;si;no
31;mujer;2;secundaria;rural;medio;24;1045;1177;34;168;113;6;363;no;si
59;mujer;2;primaria;urbana;premium;377;804;1249;4;175;119;4;167;no;no
44;otro;4;educacion superior;rural;medio;834;973;198;30;56;108;10;99;no;si
58;mujer;4;primaria;rural;basico;994;771;1043;37;59;99;8;210;no;si
33;otro;5;secundaria;rural;medio;785;1031;643;8;172;73;3;87;no;no
80;otro;4;primaria;urbana;basico;381;853;827;25;92;108;9;82;no;si
67;otro;1;secundaria;urbana;basico;246;1289;230;20;132;60;9;260;no;si
79;mujer;1;secundaria;urbana;premium;310;606;1011;40;179;81;2;64;si;no
74;otro;5;secundaria;rural;medio;838;1540;1018;35;288;69;4;489;no;si
25;mujer;2;secundaria;urbana;premium;642;1254;1043;37;137;119;6;294;no;si
17;hombre;3;primaria;urbana;medio;776;1934;281;49;206;83;3;89;no;si
61;mujer;3;secundaria;urbana;basico;8;1908;1287;16;175;31;9;376;no;si
70;hombre;1;secundaria;rural;premium;947;479;1377;42;56;105;7;398;no;no
38;hombre;6;educacion superior;rural;basico;376;564;63;52;108;111;10;395;si;no
59;mujer;5;secundaria;urbana;basico;811;166;79;49;237;99;8;312;no;si
52;mujer;2;primaria;rural;medio;60;1498;502;21;238;61;10;120;no;si
40;mujer;6;educacion superior;rural;medio;160;585;1078;25;292;106;4;444;no;si
48;mujer;6;educacion superior;rural;basico;233;901;1003;56;14;116;6;459;no;no
31;otro;6;educacion superior;rural;medio;383;200;33;28;228;3;9;394;no;si
72;hombre;6;secundaria;rural;premium;676;153;674;20;167;112;6;334;no;si
45;otro;1;educacion superior;rural;basico;935;1483;168;15;249;1;9;359;no;si
54;otro;1;primaria;rural;premium;61;787;896;39;68;78;10;133;no;si
16;mujer;4;educacion superior;rural;basico;974;1292;658;15;154;70;6;115;no;si
71;otro;1;primaria;urbana;premium;996;1043;1101;3;133;119;9;58;no;no
20;hombre;1;secundaria;urbana;premium;146;1972;897;46;217;114;6;344;no;si
53;mujer;6;secundaria;rural;premium;737;1521;1129;14;260;117;6;422;si;no
37;mujer;3;educacion superior;rural;premium;872;40;1322;60;54;19;10;287;no;si
46;otro;4;primaria;urbana;medio;385;1831;134;35;298;63;4;205;no;si
36;hombre;1;secundaria;rural;premium;698;886;240;1;108;114;2;123;si;no
36;otro;3;primaria;urbana;premium;578;187;400;3;291;68;8;281;no;no
35;mujer;3;secundaria;urbana;premium;461;534;355;41;130;109;4;294;no;si
77;mujer;5;educacion superior;rural;medio;165;637;942;38;78;13;8;126;si;no
47;hombre;6;secundaria;urbana;medio;951;1609;766;50;184;39;4;193;no;si
55;hombre;5;educacion superior;urbana;basico;64;1964;1031;27;224;45;10;409;no;si
34;hombre;2;primaria;rural;basico;959;771;335;42;149;18;7;392;no;si
42;hombre;4;primaria;urbana;premium;664;1640;12;39;135;113;7;300;no;si
50;otro;6;primaria;rural;premium;122;841;326;37;143;112;9;363;no;si
49;hombre;5;educacion superior;urbana;basico;551;360;846;49;121;25;7;450;no;no
45;mujer;1;educacion superior;urbana;medio;647;1134;331;31;248;61;6;119;no;si
80;mujer;5;educacion superior;rural;premium;545;1311;1182;18;99;93;5;485;no;si
29;otro;5;secundaria;urbana;premium;603;383;416;56;109;13;10;38;si;no
74;mujer;3;educacion superior;urbana;medio;136;697;1432;27;3;47;10;172;si;no
41;hombre;4;primaria;rural;medio;816;441;161;4;277;90;3;429;no;no
60;hombre;4;educacion superior;rural;basico;33;864;782;19;114;93;10;192;no;si
16;mujer;1;secundaria;urbana;basico;539;482;1482;44;185;18;7;180;no;si
34;otro;4;primaria;urbana;basico;240;503;731;55;89;108;9;140;no;si
24;otro;4;primaria;rural;basico;428;1163;644;42;99;24;4;252;no;si
45;mujer;1;primaria;rural;medio;826;552;349;42;94;35;8;281;si;no
20;mujer;5;secundaria;urbana;basico;490;426;384;5;113;16;7;62;si;no
34;hombre;4;secundaria;urbana;basico;603;1741;129;33;10;29;0;193;si;no
59;hombre;4;primaria;rural;premium;266;185;1437;57;220;82;10;125;no;si
50;mujer;1;primaria;urbana;basico;376;709;386;43;204;83;8;297;no;no
26;hombre;3;educacion superior;urbana;premium;473;1042;1134;45;179;107;5;485;no;si
29;hombre;1;educacion superior;urbana;premium;629;1762;9;47;79;108;7;349;no;si
25;mujer;5;secundaria;rural;basico;301;270;1221;9;185;114;0;448;si;no
47;mujer;6;primaria;rural;premium;395;1335;152;38;144;5;1;255;si;no
67;hombre;2;educacion superior;rural;premium;995;954;303;51;25;25;10;413;si;no
28;hombre;6;educacion superior;rural;basico;178;803;1026;6;150;96;1;476;no;no
64;hombre;1;educacion superior;urbana;premium;102;1563;1096;45;11;45;5;92;no;no
37;otro;3;educacion superior;urbana;medio;437;1412;471;22;57;71;6;58;no;si
60;otro;4;secundaria;rural;medio;262;627;929;4;246;9;1;346;si;no
58;otro;5;educacion superior;rural;basico;767;1775;1307;36;185;32;9;177;si;no
21;otro;1;educacion superior;urbana;premium;304;349;1140;33;257;89;7;198;no;si
77;mujer;1;primaria;rural;medio;304;384;712;12;28;103;6;423;si;no
63;otro;4;secundaria;urbana;medio;691;1478;614;30;173;59;7;315;no;si
37;hombre;4;secundaria;urbana;basico;762;194;1128;9;11;13;0;20;si;no
59;otro;1;primaria;rural;basico;508;1039;1361;6;14;49;1;165;si;no
79;mujer;1;educacion superior;rural;basico;310;469;209;36;68;106;3;333;si;no
61;hombre;3;primaria;rural;premium;132;1005;826;26;217;48;10;129;no;si
19;hombre;5;primaria;rural;medio;605;1646;1498;39;189;55;4;86;no;si
80;otro;3;primaria;urbana;premium;678;1904;916;45;230;49;4;444;si;no
72;hombre;5;primaria;rural;premium;342;1323;25;16;256;35;6;371;no;si
55;otro;5;educacion superior;rural;premium;538;678;394;20;180;76;6;107;si;no
59;hombre;2;primaria;rural;medio;631;79;1123;56;276;96;5;427;no;si
26;mujer;2;secundaria;urbana;basico;966;1511;636;43;286;1;4;414;no;si
51;otro;1;secundaria;rural;medio;878;752;1302;28;76;60;8;350;no;si
63;hombre;2;primaria;urbana;premium;580;311;1498;45;123;8;3;385;no;si
42;hombre;6;secundaria;urbana;premium;254;1428;519;20;177;9;3;302;no;si
58;hombre;3;educacion superior;urbana;premium;19;1494;1469;19;223;64;10;269;no;si
80;mujer;5;secundaria;urbana;basico;169;783;311;35;133;51;7;406;no;si
21;mujer;1;secundaria;rural;basico;807;1649;270;12;117;67;2;179;si;no
29;mujer;2;primaria;urbana;medio;218;323;471;29;34;57;4;305;no;no
40;mujer;1;secundaria;rural;basico;425;1155;353;55;225;85;3;207;si;no
45;hombre;4;educacion superior;urbana;medio;265;1536;1102;21;133;105;9;258;si;no
19;hombre;2;primaria;rural;basico;936;584;1118;37;148;60;10;299;no;si
80;mujer;5;primaria;urbana;medio;678;220;893;55;128;16;2;125;si;no
51;otro;3;secundaria;urbana;medio;388;829;1232;14;252;53;10;341;si;no
62;mujer;1;secundaria;rural;premium;160;934;1140;14;28;37;6;221;no;no
29;hombre;6;educacion superior;urbana;basico;424;1317;507;14;229;70;10;222;no;no
64;mujer;4;primaria;urbana;basico;597;463;366;47;34;6;9;45;no;no
70;otro;2;educacion superior;urbana;basico;849;1846;684;29;96;52;4;481;no;si
62;otro;3;educacion superior;urbana;basico;941;1990;1100;17;164;118;7;159;no;no
70;hombre;1;educacion superior;rural;medio;129;514;235;60;275;33;10;376;no;si
61;hombre;3;educacion superior;urbana;premium;87;244;661;19;50;68;0;489;si;no
43;hombre;4;primaria;urbana;premium;572;1248;1425;42;92;55;10;365;no;si
60;otro;1;primaria;urbana;medio;887;404;174;15;63;87;4;479;no;si
32;hombre;2;secundaria;urbana;premium;23;25;643;22;125;9;3;340;no;si
41;otro;3;primaria;rural;basico;345;656;392;0;157;74;3;12;no;no
40;otro;4;primaria;urbana;medio;79;1889;528;35;74;81;7;476;no;si
29;hombre;6;primaria;rural;premium;882;1618;911;20;295;72;8;436;si;no
33;otro;1;secundaria;rural;basico;385;1822;313;11;198;102;2;203;si;no
19;otro;6;secundaria;rural;medio;724;252;665;39;133;108;0;378;no;no
76;mujer;5;secundaria;urbana;premium;243;1216;1128;33;16;108;10;287;si;no
80;hombre;4;secundaria;urbana;premium;383;1629;498;46;229;43;5;382;no;no
30;mujer;5;primaria;urbana;basico;163;856;1111;21;98;32;7;169;no;no
72;mujer;3;secundaria;urbana;basico;610;981;1081;56;221;27;9;86;no;si
29;mujer;1;educacion superior;rural;premium;882;1271;825;26;98;69;7;294;no;no
71;mujer;3;educacion superior;rural;premium;786;1805;836;23;232;68;5;436;no;si
37;hombre;2;educacion superior;rural;premium;249;1129;199;39;150;66;7;406;no;si
22;mujer;4;primaria;rural;premium;296;705;617;39;225;72;3;245;no;si
72;hombre;3;secundaria;rural;premium;327;489;1473;29;87;56;4;332;si;no
78;otro;1;primaria;rural;medio;780;198;1490;28;90;80;3;157;no;si
20;mujer;4;primaria;urbana;basico;836;35;1354;50;68;30;6;471;no;no
30;otro;4;primaria;urbana;premium;782;1798;292;47;114;58;9;439;no;si
16;hombre;3;educacion superior;urbana;premium;680;1890;275;39;117;19;8;148;no;si
51;hombre;1;secundaria;urbana;basico;492;307;426;33;96;26;9;179;no;si
50;hombre;5;primaria;rural;medio;251;630;586;44;182;50;7;427;no;si
26;hombre;4;primaria;rural;premium;514;1720;762;31;106;97;10;54;no;si
66;otro;5;primaria;rural;basico;24;1012;1199;49;61;20;4;463;no;si
37;otro;5;primaria;urbana;basico;642;1051;245;41;222;93;9;409;no;no
26;hombre;2;secundaria;rural;premium;446;666;4;20;287;120;7;145;no;no
48;otro;3;primaria;rural;basico;757;1062;18;39;69;85;4;352;no;no
25;otro;4;educacion superior;rural;basico;889;353;778;31;141;84;6;434;no;si
30;mujer;2;educacion superior;urbana;basico;559;871;1113;28;115;84;10;412;no;si
45;mujer;1;secundaria;rural;premium;650;602;723;39;220;69;8;19;no;no
59;hombre;5;educacion superior;urbana;medio;583;568;857;41;120;90;9;91;no;si
52;hombre;1;primaria;urbana;basico;632;796;1331;38;145;108;4;402;si;no
61;otro;2;secundaria;rural;basico;790;1041;329;53;63;83;0;127;no;no
18;hombre;4;primaria;rural;medio;521;1209;421;28;5;97;2;199;si;no
74;hombre;4;secundaria;rural;basico;543;127;1483;38;117;12;8;70;no;si
54;hombre;4;primaria;urbana;basico;590;668;629;29;10;58;6;292;no;no
30;mujer;2;primaria;rural;medio;903;790;925;26;272;36;8;385;no;si
75;otro;3;primaria;rural;basico;300;60;42;53;157;48;0;462;no;no
61;mujer;1;secundaria;urbana;premium;723;1267;386;42;272;73;9;258;si;no
28;hombre;3;secundaria;rural;premium;350;93;1205;53;188;106;4;145;no;si
65;mujer;2;educacion superior;rural;basico;591;743;1085;17;225;65;7;76;no;si
76;hombre;2;educacion superior;rural;premium;73;1047;1292;25;98;31;8;244;no;si
18;mujer;1;educacion superior;urbana;basico;839;1873;4;7;32;5;9;282;no;no
19;mujer;5;primaria;rural;basico;683;612;152;36;294;89;9;65;no;si
34;otro;3;secundaria;rural;premium;441;1408;44;17;153;16;7;467;no;no
16;hombre;3;primaria;urbana;premium;834;860;1015;13;120;72;9;173;si;no
27;otro;2;secundaria;rural;medio;852;930;365;23;50;77;2;190;no;no
76;hombre;2;educacion superior;rural;premium;877;40;353;28;112;50;3;25;si;no
17;mujer;3;secundaria;urbana;premium;82;1843;76;34;131;39;9;231;no;no
58;otro;2;secundaria;rural;premium;450;1040;1309;30;138;36;7;112;no;no
73;otro;4;secundaria;urbana;premium;655;814;1274;55;52;111;10;138;no;si
60;mujer;1;secundaria;urbana;basico;715;1686;374;49;82;63;0;250;si;no
39;otro;6;primaria;urbana;basico;996;1190;274;41;43;69;5;243;si;no
51;hombre;3;primaria;rural;premium;481;537;251;51;97;24;4;153;no;si
80;otro;2;secundaria;urbana;premium;17;266;641;1;175;24;8;328;si;no
56;otro;3;educacion superior;urbana;premium;987;1988;709;8;279;77;0;388;si;no
32;otro;4;educacion superior;urbana;premium;689;752;581;26;175;78;8;349;no;si
48;mujer;4;primaria;urbana;basico;167;702;789;42;67;55;8;112;no;si
38;mujer;2;primaria;urbana;medio;167;1541;946;17;267;77;9;261;no;si
54;mujer;4;secundaria;urbana;medio;254;330;583;20;220;8;6;402;si;no
33;hombre;1;primaria;rural;premium;247;385;901;43;248;53;4;479;no;no
53;hombre;2;secundaria;urbana;medio;199;1987;802;34;204;20;4;78;no;si
77;otro;5;primaria;urbana;basico;445;282;1251;26;140;69;3;431;no;si
46;otro;4;secundaria;urbana;medio;178;1106;275;34;130;9;8;108;no;si
46;mujer;4;primaria;rural;basico;963;1054;84;48;173;90;7;302;no;si
73;mujer;4;primaria;urbana;basico;176;1978;1470;39;156;87;2;434;si;no
31;hombre;6;secundaria;urbana;premium;336;730;528;18;132;22;10;445;si;no
34;otro;6;educacion superior;rural;medio;92;268;1490;42;95;26;4;329;no;no
17;otro;3;secundaria;urbana;premium;819;127;896;35;123;98;6;403;si;no
59;mujer;4;secundaria;rural;premium;411;499;1421;45;280;27;9;152;si;no
43;mujer;5;primaria;rural;premium;491;597;102;59;177;21;4;189;no;si
27;hombre;3;secundaria;rural;premium;447;1728;924;16;158;100;3;210;no;si
42;otro;5;secundaria;urbana;medio;360;1086;1324;27;261;57;9;68;no;no
71;hombre;4;primaria;urbana;premium;726;1179;361;11;29;90;1;326;si;no
37;hombre;3;educacion superior;rural;basico;220;738;543;60;110;62;6;494;no;si
36;hombre;6;primaria;rural;basico;566;59;282;56;292;77;8;279;no;no
70;otro;6;primaria;rural;basico;471;689;1493;46;173;51;1;406;si;no
48;mujer;2;educacion superior;rural;premium;140;253;407;40;282;99;9;442;no;si
76;hombre;1;secundaria;urbana;basico;770;162;203;36;76;70;10;178;no;no
63;mujer;1;primaria;rural;basico;557;1110;138;57;220;87;1;312;si;no
23;otro;5;secundaria;urbana;premium;549;651;237;58;230;62;3;102;no;si
77;mujer;6;educacion superior;rural;medio;626;777;110;50;11;114;0;443;si;no
47;otro;2;educacion superior;rural;premium;734;1522;94;24;165;85;7;379;no;si
39;mujer;6;educacion superior;urbana;premium;593;797;786;36;133;34;8;486;no;si
55;mujer;2;primaria;rural;medio;416;917;740;43;71;46;3;55;no;si
58;mujer;2;primaria;urbana;medio;544;1602;990;40;175;84;5;447;no;si
45;otro;1;primaria;urbana;basico;144;317;322;33;71;60;6;158;si;no
44;hombre;5;primaria;rural;basico;768;840;683;27;165;50;4;110;no;si
63;mujer;4;educacion superior;urbana;basico;839;1165;93;42;101;61;8;240;no;si
17;hombre;1;primaria;rural;medio;539;326;297;52;228;40;4;328;no;no
37;hombre;5;educacion superior;urbana;premium;619;308;1231;55;177;74;1;172;si;no
63;hombre;3;primaria;urbana;medio;738;556;736;34;123;39;3;62;si;no
79;mujer;3;primaria;rural;medio;501;447;45;25;197;115;7;327;no;si
66;mujer;5;secundaria;rural;premium;623;124;572;13;114;42;2;266;no;no
59;otro;3;educacion superior;urbana;medio;101;1733;894;7;168;52;9;298;no;no
20;hombre;1;secundaria;urbana;medio;351;1036;471;56;114;7;10;191;no;si
33;mujer;3;primaria;urbana;medio;478;907;622;51;71;84;4;185;no;si
73;otro;5;primaria;urbana;premium;649;1061;668;54;213;97;5;461;no;si
36;hombre;6;educacion superior;urbana;medio;184;1564;969;45;52;18;3;384;no;si
52;mujer;5;primaria;rural;basico;482;375;749;12;223;2;10;224;no;no
52;otro;2;primaria;urbana;premium;987;689;1094;51;112;50;8;53;si;no
65;otro;2;primaria;rural;basico;412;1390;964;28;65;33;4;412;no;si
20;mujer;6;secundaria;urbana;medio;860;1612;456;30;75;64;8;408;no;si
50;mujer;5;educacion superior;urbana;medio;518;692;811;57;195;15;3;274;si;no
29;hombre;6;primaria;rural;basico;655;887;396;57;143;75;2;10;no;no
36;otro;4;secundaria;urbana;medio;92;1926;146;22;208;75;9;188;si;no
30;mujer;5;educacion superior;urbana;medio;61;1983;148;29;39;61;0;274;si;no
16;mujer;2;primaria;rural;premium;521;600;847;33;123;120;6;348;no;si
59;otro;1;educacion superior;rural;basico;652;1670;156;22;154;13;0;214;si;no
59;mujer;1;educacion superior;urbana;medio;749;865;73;34;218;110;4;64;no;si
74;otro;4;educacion superior;rural;medio;476;1092;428;1;65;108;6;463;no;no
41;mujer;4;educacion superior;urbana;basico;99;993;1307;20;255;29;6;425;si;no
57;mujer;2;secundaria;urbana;premium;454;673;1007;43;274;111;3;371;si;no
44;hombre;1;primaria;urbana;medio;695;502;483;60;193;90;6;171;no;no
18;hombre;1;educacion superior;urbana;premium;116;1529;1435;34;40;81;10;453;no;no
30;otro;5;secundaria;urbana;basico;717;1972;703;11;29;116;2;140;si;no
50;hombre;2;secundaria;urbana;medio;772;728;217;17;275;19;7;479;no;si
53;mujer;1;educacion superior;urbana;medio;235;1464;21;15;299;10;5;1;si;no
80;mujer;6;educacion superior;urbana;basico;859;1710;1493;5;14;46;9;155;no;no
75;hombre;5;educacion superior;urbana;premium;834;1412;1356;33;151;18;6;378;no;si
71;otro;1;primaria;rural;basico;506;1702;1384;48;174;104;4;453;no;si
35;otro;3;secundaria;urbana;medio;983;1486;692;42;11;10;3;449;no;no
77;hombre;1;primaria;rural;premium;726;573;520;18;264;97;9;145;si;no
49;mujer;3;educacion superior;urbana;basico;545;1030;26;15;163;26;6;127;no;si
57;mujer;2;educacion superior;rural;premium;58;879;649;11;44;46;8;94;si;no
34;otro;4;primaria;urbana;medio;20;1323;974;38;138;30;9;413;no;si
55;hombre;2;primaria;rural;basico;807;741;175;44;300;24;8;306;no;si
27;mujer;4;educacion superior;rural;premium;127;1053;1276;36;294;110;10;272;no;si
67;hombre;2;educacion superior;urbana;premium;111;580;255;52;184;91;8;89;no;si
42;hombre;2;primaria;urbana;basico;130;998;321;47;154;70;6;58;no;si
61;otro;6;educacion superior;rural;premium;360;159;1380;43;244;94;6;76;no;si
41;mujer;6;primaria;urbana;medio;277;359;594;31;68;97;8;251;no;si
56;otro;3;secundaria;urbana;basico;98;8;19;33;84;114;8;373;si;no
80;hombre;2;educacion superior;urbana;medio;464;914;213;34;251;29;5;284;no;no
19;mujer;6;primaria;rural;basico;459;891;198;9;140;100;9;365;no;no
67;otro;2;educacion superior;urbana;medio;748;1567;596;37;300;27;1;455;no;no
58;otro;3;primaria;rural;premium;357;538;1052;19;50;69;8;326;no;si
78;hombre;1;secundaria;urbana;medio;293;1423;1040;57;50;105;3;485;no;si
31;mujer;2;secundaria;urbana;basico;878;1921;943;4;146;10;8;430;no;no
80;otro;3;educacion superior;rural;medio;241;950;501;35;3;113;1;350;si;no
21;hombre;4;secundaria;urbana;premium;114;548;578;15;238;4;7;145;no;si
30;otro;5;educacion superior;rural;premium;699;1117;1118;51;288;58;4;419;no;no
74;mujer;5;secundaria;rural;premium;611;1613;325;59;287;51;4;85;no;si
76;mujer;5;educacion superior;rural;medio;838;1693;744;34;79;60;7;206;si;no
43;otro;2;educacion superior;urbana;medio;372;1784;586;52;192;20;7;417;no;si
37;otro;3;educacion superior;urbana;premium;831;1918;6;41;183;98;7;288;no;no
17;mujer;6;educacion superior;rural;medio;255;839;313;51;96;79;4;409;no;si
62;mujer;4;educacion superior;urbana;premium;814;1646;1049;28;83;76;4;368;no;si
53;mujer;5;educacion superior;rural;medio;626;664;586;29;220;83;8;385;no;si
63;mujer;4;educacion superior;rural;premium;967;1660;420;41;256;105;6;405;si;no
41;hombre;1;secundaria;rural;medio;525;628;954;54;272;75;5;415;si;no
55;mujer;3;primaria;rural;basico;508;1283;986;57;122;107;3;172;no;no
40;otro;3;primaria;rural;premium;125;1197;69;24;50;115;10;242;no;si
74;otro;3;primaria;urbana;basico;167;506;40;57;61;86;6;367;no;si
24;otro;5;primaria;rural;medio;324;1037;1179;13;77;41;10;61;no;no
45;mujer;5;secundaria;urbana;basico;250;1928;336;27;280;8;8;215;no;si
28;hombre;5;educacion superior;urbana;premium;567;941;1316;23;93;36;7;421;no;si
42;otro;6;primaria;rural;medio;726;1145;821;42;232;50;10;375;no;si
59;otro;3;educacion superior;rural;premium;394;393;651;39;286;21;5;214;no;si
44;otro;6;secundaria;rural;basico;323;335;1290;38;244;4;3;333;no;no
77;hombre;3;educacion superior;rural;premium;871;829;1100;53;155;52;4;324;no;no
73;mujer;3;educacion superior;urbana;premium;913;1522;523;58;245;109;5;292;si;no
35;otro;3;educacion superior;urbana;medio;320;21;1035;29;147;50;10;171;no;no
67;hombre;4;primaria;rural;medio;599;1973;1172;18;96;63;3;265;no;si
65;hombre;1;secundaria;urbana;basico;453;912;6;22;215;112;4;384;no;si
19;hombre;6;primaria;rural;basico;757;426;1006;5;205;38;1;351;si;no
68;mujer;2;secundaria;rural;medio;258;558;325;27;57;90;4;221;no;si
51;hombre;4;secundaria;rural;basico;473;763;1169;55;129;19;6;433;no;si
23;otro;4;secundaria;rural;basico;346;1015;857;49;168;68;3;267;no;si
47;mujer;3;secundaria;urbana;medio;439;1224;1313;43;69;23;0;401;si;no
21;otro;3;secundaria;rural;basico;941;1160;339;3;29;118;3;408;si;no
77;mujer;1;secundaria;urbana;medio;937;1190;733;0;227;46;9;30;si;no
77;mujer;3;educacion superior;urbana;premium;391;150;1110;22;225;5;9;62;no;si
58;mujer;1;secundaria;urbana;basico;642;1955;851;37;47;54;4;477;si;no
50;hombre;1;primaria;urbana;premium;788;326;551;53;150;110;9;237;no;si
72;otro;3;secundaria;urbana;basico;757;1188;369;10;57;24;1;429;si;no
51;hombre;6;primaria;rural;premium;608;994;1402;60;205;2;6;469;no;si
28;otro;1;primaria;rural;basico;569;1312;377;57;68;51;10;412;no;si
19;otro;4;educacion superior;rural;premium;149;656;1260;8;201;6;3;339;si;no
35;hombre;2;primaria;rural;premium;920;986;926;53;233;59;0;235;si;no
51;otro;1;educacion superior;rural;medio;470;1094;809;50;174;39;7;249;si;no
27;otro;6;secundaria;urbana;medio;427;1640;1493;29;181;97;8;248;si;no
36;hombre;6;primaria;rural;premium;564;1831;357;39;244;47;1;38;si;no
47;mujer;1;educacion superior;urbana;premium;70;1972;400;17;215;7;2;422;no;no
56;hombre;6;educacion superior;rural;medio;524;1137;425;50;116;84;0;432;si;no
52;mujer;1;secundaria;urbana;medio;596;263;1181;60;215;99;10;323;no;si
30;otro;6;educacion superior;urbana;premium;644;1395;987;56;170;88;4;328;no;si
33;hombre;1;primaria;rural;basico;744;783;337;54;104;18;10;260;no;si
70;hombre;3;primaria;urbana;medio;621;965;1233;55;207;39;0;66;si;no
62;otro;1;secundaria;urbana;premium;358;677;487;36;75;86;8;225;no;si
80;otro;3;primaria;urbana;medio;138;1961;862;41;199;116;4;105;no;si
70;hombre;6;secundaria;rural;basico;84;317;1498;20;229;15;3;432;si;no
68;hombre;4;secundaria;rural;medio;616;18;1000;26;139;117;2;282;si;no
71;otro;4;primaria;rural;basico;743;211;56;29;130;13;6;14;si;no
58;hombre;4;educacion superior;urbana;basico;855;685;687;50;77;105;9;363;no;si
68;mujer;5;secundaria;urbana;medio;636;441;205;22;164;84;0;344;si;no
45;mujer;1;secundaria;rural;premium;536;559;1352;30;216;62;4;452;no;no
72;mujer;6;primaria;rural;premium;551;1332;1130;34;227;61;9;481;no;si
48;mujer;4;primaria;urbana;medio;556;267;1104;21;242;85;6;495;no;no
35;mujer;1;educacion superior;rural;medio;134;1178;393;5;258;81;8;413;si;no
44;mujer;1;secundaria;rural;basico;254;1591;659;52;150;14;8;451;no;no
71;hombre;2;secundaria;rural;basico;64;1690;248;17;252;66;3;381;no;si
78;hombre;5;educacion superior;rural;premium;406;1004;277;29;269;92;4;453;no;no
69;hombre;4;primaria;urbana;premium;379;721;565;28;214;74;9;238;no;si
47;otro;6;educacion superior;urbana;premium;654;121;325;50;170;71;6;295;no;si
52;mujer;2;educacion superior;urbana;medio;120;1892;1500;11;103;38;2;100;si;no
20;mujer;1;secundaria;urbana;basico;896;43;1191;30;294;49;4;403;si;no
20;mujer;4;primaria;rural;premium;348;1454;680;9;273;111;9;160;si;no
68;mujer;6;educacion superior;urbana;basico;33;1500;250;30;51;69;0;172;no;no
20;otro;4;secundaria;urbana;medio;931;338;219;54;243;108;7;275;no;si
50;otro;5;educacion superior;urbana;basico;381;1319;546;16;213;59;3;313;no;si
62;mujer;4;educacion superior;urbana;premium;900;173;770;60;258;44;2;365;no;no
56;hombre;6;educacion superior;urbana;basico;912;123;66;32;213;94;8;468;no;no
75;hombre;5;educacion superior;urbana;premium;392;1753;356;16;126;50;5;378;no;si
32;hombre;3;primaria;urbana;premium;902;1396;1113;32;297;109;3;146;no;si
25;otro;3;educacion superior;urbana;premium;524;1281;799;60;187;93;9;58;no;si
58;otro;2;primaria;urbana;basico;703;1428;1398;15;210;99;6;271;si;no
20;hombre;3;primaria;urbana;medio;998;367;764;41;112;22;3;470;no;si
43;mujer;3;secundaria;rural;premium;53;375;1336;39;193;21;4;286;no;si
26;otro;5;educacion superior;rural;premium;154;1423;1113;53;124;20;3;185;si;no
51;otro;3;secundaria;urbana;premium;356;1533;717;46;237;96;2;266;si;no
73;hombre;6;secundaria;rural;premium;271;1314;1403;27;236;11;7;72;no;no
70;hombre;6;educacion superior;urbana;basico;201;1862;342;22;60;4;6;117;no;si
26;mujer;1;secundaria;urbana;basico;120;941;323;60;116;76;9;399;si;no
51;mujer;3;primaria;rural;medio;95;1316;945;19;129;59;10;143;no;si
42;otro;3;primaria;rural;basico;123;432;1362;26;114;95;1;394;si;no
39;mujer;4;primaria;urbana;basico;113;1171;1124;43;264;72;9;3;no;no
58;hombre;4;primaria;rural;premium;758;830;1230;41;167;17;8;180;si;no
63;mujer;3;secundaria;urbana;medio;133;1737;1380;15;178;47;9;452;no;no
16;mujer;1;primaria;urbana;medio;217;851;1131;22;241;96;6;482;no;si
19;mujer;1;secundaria;rural;premium;273;201;1122;1;75;14;5;376;no;no
67;otro;5;primaria;rural;medio;783;57;296;18;196;34;6;247;no;si
53;otro;6;educacion superior;rural;premium;154;741;226;55;114;24;3;21;no;no
35;hombre;3;educacion superior;rural;premium;310;171;1080;60;277;68;9;466;no;si
80;mujer;3;primaria;urbana;basico;643;1479;122;24;227;33;10;329;no;si
80;hombre;4;secundaria;urbana;basico;344;772;1258;3;253;65;1;324;no;no
45;hombre;1;primaria;rural;premium;544;755;547;3;102;57;7;117;no;no
23;hombre;6;educacion superior;urbana;medio;190;1969;118;11;209;115;0;465;si;no
45;mujer;2;secundaria;urbana;premium;214;853;176;40;188;37;5;138;no;si
39;hombre;4;secundaria;rural;premium;156;914;645;58;124;95;5;348;no;si
29;mujer;5;primaria;urbana;basico;11;1793;786;8;53;27;9;113;si;no
63;hombre;3;secundaria;rural;basico;87;1690;514;40;69;2;5;108;no;si
52;otro;4;educacion superior;urbana;medio;718;1941;1193;35;291;46;3;416;no;no
77;otro;1;primaria;urbana;premium;932;788;688;40;158;100;10;428;no;si
53;hombre;5;primaria;urbana;basico;447;1272;249;41;259;33;9;125;si;no
54;mujer;1;primaria;urbana;premium;959;1765;360;51;195;44;9;384;si;no
20;hombre;3;educacion superior;urbana;premium;448;1230;1248;50;113;11;7;123;no;no
78;otro;2;primaria;rural;premium;984;1430;231;42;242;46;4;70;no;si
37;otro;4;primaria;rural;medio;126;724;1195;54;60;7;1;492;no;no
70;mujer;6;secundaria;rural;basico;159;206;1065;21;132;51;8;268;no;si
21;hombre;3;primaria;rural;basico;619;1471;7;30;0;42;0;105;no;no
56;hombre;4;secundaria;rural;medio;357;406;885;8;21;80;7;169;si;no
67;mujer;5;educacion superior;rural;premium;898;1601;538;49;188;91;9;298;si;no
50;mujer;3;educacion superior;rural;medio;754;1367;599;48;135;42;3;487;no;si
50;otro;6;primaria;rural;medio;911;30;1192;25;163;24;3;171;no;si
48;otro;4;educacion superior;urbana;medio;561;422;1039;29;194;101;10;269;no;si
34;otro;4;secundaria;rural;basico;744;400;239;44;263;53;2;93;si;no
19;otro;4;educacion superior;rural;medio;826;50;283;58;245;44;4;387;no;si
22;otro;4;secundaria;rural;premium;672;1000;636;3;164;42;10;217;si;no
77;mujer;5;primaria;urbana;basico;270;1980;302;27;94;39;9;84;no;si
64;mujer;4;educacion superior;urbana;premium;783;1189;845;58;205;113;10;160;no;no
73;mujer;2;primaria;urbana;basico;156;289;710;27;102;73;10;183;si;no
31;otro;1;primaria;rural;medio;799;537;1177;56;148;38;9;284;no;no
58;hombre;6;educacion superior;urbana;basico;837;1407;42;16;11;33;4;16;si;no
44;hombre;3;educacion superior;rural;basico;693;658;805;41;253;61;4;381;si;no
45;otro;6;educacion superior;rural;medio;396;1294;1335;45;178;102;7;216;no;si
64;hombre;2;educacion superior;rural;medio;51;1739;934;41;37;19;8;112;si;no
54;hombre;5;primaria;urbana;medio;125;536;1130;48;18;99;5;191;si;no
47;otro;6;secundaria;rural;premium;64;727;620;56;72;21;3;326;no;si
35;otro;1;secundaria;rural;medio;179;430;1084;7;25;40;3;2;si;no
47;mujer;3;primaria;rural;medio;176;837;1490;42;148;35;6;63;no;si
56;otro;5;secundaria;urbana;premium;789;314;1108;51;78;96;7;390;no;si
20;mujer;3;educacion superior;urbana;medio;342;1002;1335;0;234;99;6;291;si;no
39;otro;1;primaria;rural;basico;625;1883;1410;55;57;63;3;75;no;si
73;hombre;4;educacion superior;urbana;premium;288;697;1280;16;255;112;2;163;no;no
30;otro;2;educacion superior;rural;premium;856;1809;1328;18;76;62;8;101;no;si
44;otro;1;secundaria;urbana;basico;558;192;1058;21;41;20;2;440;si;no
37;mujer;6;secundaria;rural;medio;219;409;80;60;171;110;5;359;no;si
17;hombre;1;primaria;urbana;medio;379;794;752;60;197;36;5;53;no;si
51;mujer;5;primaria;rural;basico;194;1551;255;51;275;60;10;426;no;si
38;otro;1;primaria;rural;basico;731;1040;662;7;19;4;1;93;si;no
79;hombre;3;secundaria;rural;premium;397;1387;172;44;293;75;6;187;si;no
25;otro;1;educacion superior;rural;basico;610;1256;1180;43;145;64;9;281;no;si
34;otro;1;educacion superior;rural;basico;377;586;1132;13;264;52;1;496;si;no
57;otro;3;secundaria;urbana;premium;520;324;1370;36;85;8;10;323;no;si
37;hombre;5;secundaria;urbana;medio;184;683;1000;31;27;74;9;153;si;no
29;hombre;4;secundaria;rural;basico;123;715;533;30;212;41;9;435;si;no
42;otro;2;secundaria;rural;basico;832;1377;22;46;100;27;4;96;no;si
45;hombre;6;educacion superior;rural;premium;615;1092;1027;41;69;12;3;436;no;si
27;otro;5;secundaria;rural;premium;573;1762;210;31;119;3;3;114;si;no
35;otro;3;educacion superior;rural;medio;854;1659;57;29;90;15;9;480;no;si
53;mujer;3;secundaria;urbana;medio;566;881;1494;50;18;93;10;121;no;no
60;otro;1;educacion superior;rural;premium;678;547;827;43;261;18;6;194;no;si
46;hombre;4;secundaria;rural;medio;683;1220;168;48;183;14;7;145;no;si
71;mujer;3;primaria;rural;basico;408;1112;1002;13;223;120;7;29;si;no
57;mujer;5;educacion superior;rural;basico;690;73;1001;52;254;63;3;11;no;no
25;hombre;4;secundaria;rural;basico;790;1529;187;30;268;83;6;496;no;si
76;hombre;4;secundaria;urbana;medio;521;1698;1427;2;288;2;3;357;no;no
42;mujer;1;secundaria;urbana;medio;306;1140;334;46;107;4;4;114;no;si
56;otro;5;primaria;urbana;premium;18;896;316;39;195;83;7;316;si;no
19;mujer;3;secundaria;rural;medio;348;1483;643;53;256;27;8;342;no;si
68;otro;3;primaria;rural;medio;241;209;34;34;140;103;3;482;no;si
56;otro;3;educacion superior;rural;medio;429;1598;966;27;145;12;9;222;no;si
60;hombre;6;secundaria;urbana;basico;308;985;1453;11;293;24;0;245;no;no
18;otro;6;primaria;rural;premium;593;1981;619;47;19;19;7;184;si;no
50;hombre;5;secundaria;urbana;medio;320;1153;847;41;243;102;6;124;no;si
27;mujer;5;secundaria;urbana;medio;102;37;1269;55;80;7;8;237;no;no
47;otro;3;educacion superior;rural;premium;783;879;336;8;157;107;1;64;si;no
32;hombre;6;educacion superior;rural;premium;671;1317;1470;42;97;20;8;273;si;no
75;hombre;4;primaria;urbana;medio;829;873;1227;29;233;107;8;418;no;si
19;mujer;2;primaria;urbana;premium;496;175;1163;17;277;22;4;432;si;no
79;otro;3;educacion superior;rural;medio;217;1888;1161;29;300;10;10;289;no;si
78;mujer;6;secundaria;rural;medio;583;694;486;42;132;20;10;127;no;no
55;mujer;4;educacion superior;urbana;premium;1000;1753;1301;21;231;27;4;398;no;no
70;otro;1;educacion superior;rural;basico;964;1515;389;5;32;11;5;31;si;no
22;mujer;4;educacion superior;urbana;basico;445;1034;1232;31;134;76;10;118;no;si
78;otro;1;secundaria;rural;basico;752;430;232;56;72;52;7;500;no;si
65;hombre;1;secundaria;rural;basico;411;1344;818;17;258;17;9;102;no;si
31;hombre;3;educacion superior;rural;basico;276;1315;136;16;182;97;3;211;no;si
28;otro;4;educacion superior;rural;premium;358;304;959;1;64;87;5;463;si;no
70;hombre;6;educacion superior;urbana;basico;268;1841;236;36;174;68;4;250;no;si
55;mujer;6;secundaria;urbana;medio;174;938;130;25;82;42;7;134;no;si
80;hombre;3;primaria;urbana;basico;298;1257;1160;54;198;3;9;229;no;si
71;otro;6;educacion superior;rural;premium;817;696;193;28;196;47;10;405;no;si
66;hombre;6;educacion superior;urbana;premium;447;1312;393;46;110;10;4;85;no;si
77;hombre;5;primaria;urbana;medio;603;1497;443;48;253;54;8;214;no;si
41;otro;6;primaria;rural;medio;783;370;675;27;292;100;4;192;no;si
67;mujer;1;primaria;rural;medio;844;294;128;18;288;78;8;454;no;si
67;otro;5;secundaria;rural;basico;549;736;224;60;182;10;5;321;no;si
26;otro;5;primaria;rural;basico;853;244;292;44;21;50;10;86;si;no
49;mujer;4;primaria;rural;basico;289;1934;772;0;142;82;7;125;si;no
40;hombre;4;primaria;rural;medio;672;268;518;31;61;76;1;294;no;no
62;otro;2;secundaria;rural;medio;799;77;1312;48;233;23;10;16;si;no
69;hombre;2;primaria;urbana;premium;395;1640;1404;58;173;60;5;125;si;no
37;mujer;2;secundaria;rural;medio;918;1017;1147;24;207;41;8;406;no;si
71;mujer;4;primaria;rural;basico;842;1682;1433;37;95;82;1;451;si;no
41;otro;3;primaria;rural;basico;686;1143;636;30;283;24;5;108;no;si
16;mujer;5;secundaria;urbana;premium;438;1397;606;17;246;88;4;431;no;si
25;otro;4;educacion superior;rural;medio;856;1923;1329;42;85;81;1;406;si;no
71;otro;5;secundaria;urbana;medio;923;820;465;41;244;64;2;234;si;no
34;otro;5;secundaria;urbana;medio;247;83;467;7;42;43;3;185;no;no
33;otro;3;educacion superior;rural;basico;35;1126;1005;23;222;95;1;449;no;no
62;mujer;5;secundaria;urbana;basico;355;1388;768;33;164;14;8;460;no;si
33;hombre;4;educacion superior;rural;medio;559;723;1107;9;185;47;6;234;no;no
59;hombre;5;educacion superior;rural;premium;222;1744;315;56;279;116;5;438;no;no
28;mujer;5;educacion superior;rural;premium;42;323;829;37;143;22;5;272;si;no
45;hombre;4;primaria;rural;premium;490;1670;439;52;38;96;0;191;si;no
43;mujer;1;secundaria;rural;premium;521;67;832;37;121;20;9;246;no;no
19;mujer;3;primaria;urbana;basico;69;679;937;28;166;13;5;103;si;no
76;mujer;5;secundaria;rural;medio;399;1842;442;58;295;66;6;452;no;si
30;mujer;6;educacion superior;rural;medio;700;722;605;23;286;59;8;339;no;si
36;otro;1;secundaria;rural;premium;407;325;514;50;214;79;10;135;si;no
72;hombre;4;secundaria;rural;premium;319;331;266;49;20;14;2;240;no;no
21;mujer;4;primaria;urbana;basico;990;1643;713;9;96;6;2;456;si;no
62;mujer;4;primaria;rural;premium;958;254;1296;19;127;88;8;263;no;no
40;otro;4;secundaria;urbana;premium;5;1668;1341;28;215;97;4;395;no;si
59;otro;6;primaria;rural;basico;558;1726;459;19;228;28;8;436;no;si
26;hombre;6;secundaria;rural;basico;105;1801;1182;51;235;64;7;161;no;si
76;mujer;3;educacion superior;rural;basico;814;1415;1499;17;139;102;5;117;no;si
44;otro;4;primaria;urbana;premium;227;717;234;54;94;109;4;211;no;si
28;mujer;4;educacion superior;urbana;basico;803;243;816;58;280;24;10;205;no;si
51;mujer;5;educacion superior;rural;basico;576;1060;836;58;198;88;3;252;si;no
68;hombre;4;secundaria;urbana;medio;657;1805;1123;37;61;89;3;316;si;no
80;hombre;6;educacion superior;urbana;medio;884;1976;56;44;143;19;6;210;no;si
65;hombre;2;secundaria;rural;premium;213;212;1341;48;97;112;7;13;no;no
17;hombre;6;educacion superior;urbana;basico;42;1414;1218;8;261;13;6;264;no;no
36;mujer;5;primaria;urbana;premium;848;1043;772;31;300;95;3;362;no;si
39;mujer;1;primaria;urbana;basico;799;1416;919;55;79;15;3;341;no;si
27;mujer;3;secundaria;rural;premium;82;953;1298;26;145;63;9;498;si;no
52;hombre;2;primaria;rural;basico;621;1181;1330;28;96;2;3;154;no;si
51;otro;4;educacion superior;rural;basico;651;1907;375;56;114;105;5;421;no;si
29;hombre;1;primaria;urbana;basico;84;1701;1065;53;185;80;8;52;no;no
76;mujer;1;secundaria;rural;premium;600;525;296;45;197;109;9;288;no;si
48;mujer;3;primaria;rural;basico;220;100;454;49;179;71;4;290;no;si
28;mujer;3;primaria;rural;basico;388;1601;44;41;105;84;5;203;no;si
64;hombre;2;primaria;rural;premium;440;999;1278;25;249;51;1;272;si;no
22;hombre;4;primaria;urbana;basico;37;675;1066;54;80;100;3;272;no;si
61;mujer;2;primaria;urbana;premium;970;1681;1417;41;81;65;4;383;si;no
54;hombre;6;educacion superior;rural;premium;683;566;582;36;273;1;10;404;no;si
41;mujer;5;secundaria;urbana;basico;915;925;797;39;95;54;4;318;no;no
51;hombre;4;primaria;urbana;medio;281;1236;139;60;102;22;6;333;no;no
65;hombre;2;educacion superior;urbana;basico;417;1583;967;57;53;20;1;219;si;no
47;otro;6;primaria;urbana;premium;7;1605;386;26;105;87;5;361;no;si
19;otro;5;secundaria;urbana;premium;543;1704;411;21;157;51;1;179;no;no
76;otro;5;secundaria;urbana;medio;564;341;619;9;212;28;5;285;no;no
77;otro;3;primaria;urbana;premium;344;1063;1125;24;260;111;6;157;no;si
52;mujer;2;educacion superior;rural;medio;817;305;311;55;87;67;7;210;no;si
55;mujer;2;educacion superior;urbana;premium;933;877;602;55;203;103;3;197;no;si
29;otro;3;secundaria;urbana;medio;998;291;865;59;274;1;3;185;no;si
58;otro;2;educacion superior;rural;premium;241;919;835;28;285;25;3;77;no;si
48;mujer;6;educacion superior;urbana;medio;831;69;1092;44;299;13;3;230;no;si
68;mujer;6;educacion superior;rural;premium;469;141;9;15;134;73;8;177;no;si
67;mujer;4;secundaria;urbana;basico;942;1735;1182;25;155;1;3;36;si;no
39;hombre;2;educacion superior;urbana;basico;387;364;989;50;17;114;1;423;no;no
76;otro;2;primaria;rural;basico;170;1265;1309;31;177;76;7;442;no;si
56;hombre;4;primaria;urbana;basico;913;1018;336;36;300;39;8;449;no;si
79;hombre;5;secundaria;urbana;premium;918;703;248;1;110;68;5;346;si;no
52;mujer;2;primaria;rural;basico;207;1556;143;47;227;117;7;82;no;si
69;mujer;2;secundaria;urbana;premium;166;546;646;49;228;65;9;463;si;no
79;hombre;2;educacion superior;rural;basico;968;719;372;42;90;80;4;346;no;si
21;hombre;4;secundaria;rural;basico;326;443;1196;60;178;84;4;317;no;si
45;hombre;1;secundaria;rural;premium;756;1542;957;5;72;13;3;401;no;no
65;otro;6;educacion superior;rural;premium;550;1734;333;18;266;57;8;80;no;si
32;mujer;4;secundaria;rural;premium;908;1855;199;25;281;19;1;435;no;no
57;otro;2;secundaria;urbana;premium;174;304;348;50;71;95;8;496;si;no
16;mujer;3;secundaria;rural;medio;238;1441;814;47;83;101;9;344;no;no
34;hombre;4;educacion superior;urbana;premium;195;163;966;55;257;116;6;133;no;si
35;mujer;6;primaria;rural;basico;871;879;40;40;131;76;8;75;no;si
51;hombre;5;educacion superior;rural;basico;760;24;1486;35;68;54;8;239;no;si
18;mujer;6;primaria;urbana;premium;948;1251;1376;24;57;59;3;127;no;si
59;mujer;6;secundaria;rural;premium;571;321;1452;0;50;41;8;149;no;no
62;otro;4;educacion superior;rural;medio;267;181;1495;47;191;62;4;112;no;si
61;mujer;4;secundaria;rural;medio;441;1163;799;18;170;10;10;245;no;si
60;hombre;6;primaria;urbana;premium;762;1980;881;37;131;76;5;73;no;no
31;mujer;2;primaria;rural;premium;317;523;847;14;274;98;7;419;si;no
61;hombre;1;secundaria;rural;medio;1000;245;582;46;234;72;2;118;si;no
21;hombre;1;secundaria;rural;basico;782;1125;308;19;156;76;7;254;si;no
38;hombre;2;educacion superior;rural;basico;457;1464;140;29;0;27;0;82;si;no
32;otro;2;primaria;rural;medio;394;1852;1453;15;97;8;7;361;no;si
49;hombre;1;educacion superior;rural;premium;511;348;840;51;275;9;4;152;no;si
31;mujer;4;primaria;urbana;basico;212;1795;1239;53;105;99;3;118;si;no
21;hombre;2;primaria;urbana;premium;463;1516;1176;25;219;82;9;331;no;si
19;mujer;2;primaria;urbana;premium;627;1383;331;60;268;29;7;427;no;si
19;mujer;5;educacion superior;urbana;medio;610;217;1491;36;224;66;7;159;si;no
76;hombre;3;educacion superior;urbana;basico;171;1126;107;25;64;86;10;451;si;no
78;mujer;6;primaria;rural;premium;712;1537;859;48;234;118;6;293;no;si
30;otro;1;primaria;rural;basico;814;1135;718;45;254;65;7;41;no;no
70;hombre;3;educacion superior;rural;premium;368;447;1120;20;120;113;6;192;no;si
38;otro;5;educacion superior;urbana;basico;817;1221;820;17;172;30;10;358;no;si
79;mujer;2;secundaria;rural;premium;593;449;156;18;100;59;6;462;si;no
49;mujer;6;secundaria;urbana;premium;977;155;89;40;34;7;2;13;si;no
79;hombre;3;educacion superior;urbana;premium;664;1545;1260;29;169;91;2;377;si;no
38;otro;4;educacion superior;rural;premium;10;1006;372;57;201;112;8;324;no;no
20;otro;4;educacion superior;rural;medio;505;917;1304;15;179;118;9;373;no;si
29;hombre;5;secundaria;rural;medio;569;1211;1310;22;282;120;10;433;no;si
56;hombre;5;educacion superior;rural;premium;576;956;923;30;121;108;7;287;no;no
37;hombre;6;secundaria;urbana;medio;987;1959;1254;54;158;38;5;51;no;si
19;hombre;5;educacion superior;urbana;basico;664;1935;493;45;296;102;2;83;no;no
76;otro;6;primaria;urbana;premium;577;156;675;57;85;106;3;296;no;si
73;otro;6;educacion superior;rural;premium;485;721;1295;29;77;90;10;178;no;si
29;otro;4;educacion superior;urbana;basico;98;1124;4;49;251;60;7;425;no;no
62;otro;2;secundaria;urbana;basico;32;153;856;39;176;4;8;82;no;si
41;otro;2;primaria;urbana;premium;813;965;713;23;113;115;4;328;no;si
46;mujer;3;educacion superior;urbana;basico;770;938;507;21;76;35;5;496;no;si
32;mujer;5;secundaria;urbana;premium;531;1106;1199;9;204;14;10;0;si;no
31;hombre;4;primaria;urbana;premium;466;1598;1466;60;270;5;5;220;no;si
21;otro;4;educacion superior;urbana;medio;904;1874;464;35;166;75;7;158;no;si
26;otro;1;educacion superior;rural;premium;941;1355;632;34;180;21;10;410;si;no
38;hombre;5;secundaria;rural;premium;835;1629;552;30;162;92;10;263;no;si
42;hombre;4;secundaria;rural;premium;582;62;611;36;299;92;3;304;no;si
27;mujer;5;educacion superior;urbana;premium;53;1581;719;59;119;120;4;144;no;si
74;hombre;3;educacion superior;urbana;premium;118;1950;1005;20;93;67;4;81;no;si
76;mujer;1;primaria;rural;medio;113;41;189;29;23;99;2;312;no;no
41;mujer;6;primaria;urbana;basico;566;1137;1252;59;211;17;10;202;no;si
78;mujer;1;secundaria;urbana;medio;450;448;328;18;176;38;5;172;no;si
33;mujer;2;primaria;rural;premium;420;1748;750;42;200;66;4;470;si;no
51;hombre;6;educacion superior;urbana;medio;906;784;252;35;273;42;7;274;no;si
65;otro;1;educacion superior;rural;premium;815;1103;643;15;250;114;6;108;no;si
29;otro;6;educacion superior;urbana;premium;26;1872;485;39;279;32;9;243;no;si
48;hombre;6;educacion superior;urbana;medio;838;182;868;50;62;13;4;116;no;si
60;hombre;2;primaria;rural;medio;108;1574;713;44;254;107;9;218;no;no
44;mujer;5;secundaria;urbana;medio;807;1460;1428;44;176;23;8;186;no;si
29;mujer;6;primaria;urbana;basico;402;719;744;43;238;10;3;167;no;si
42;hombre;3;educacion superior;rural;medio;895;1609;1303;51;128;120;9;352;no;si
18;mujer;5;secundaria;rural;basico;660;1874;381;16;243;110;5;175;no;si
40;mujer;3;primaria;rural;premium;567;1976;403;12;1;54;7;103;si;no
80;otro;3;primaria;rural;basico;40;584;209;54;208;20;10;281;no;no
32;otro;4;educacion superior;rural;medio;553;223;325;34;65;57;8;462;no;si
72;mujer;5;secundaria;urbana;medio;155;608;420;56;148;27;9;109;no;si
79;mujer;2;educacion superior;urbana;basico;948;1271;746;20;91;104;5;152;si;no
40;mujer;6;primaria;urbana;basico;933;290;989;57;185;95;6;127;no;si
67;otro;1;primaria;rural;medio;844;1475;749;57;105;31;3;449;no;no
52;hombre;6;educacion superior;urbana;medio;488;142;609;39;134;63;4;45;si;no
56;mujer;2;secundaria;urbana;premium;716;197;572;12;173;92;10;262;si;no
76;hombre;3;secundaria;urbana;basico;590;980;32;28;89;96;4;233;no;si
60;mujer;5;secundaria;rural;premium;843;552;1308;33;292;20;7;134;si;no
36;hombre;5;primaria;urbana;premium;36;989;1040;48;98;43;5;305;no;si
23;otro;1;primaria;urbana;premium;886;1185;680;49;88;86;8;334;no;si
53;otro;5;primaria;rural;premium;477;790;698;48;139;45;3;252;no;si
30;mujer;4;educacion superior;rural;basico;826;1202;102;53;44;51;2;482;si;no
18;otro;6;primaria;urbana;basico;919;797;175;24;60;32;4;477;no;si
60;mujer;2;primaria;urbana;medio;441;757;1161;48;219;100;2;360;si;no
80;otro;4;educacion superior;urbana;basico;866;1079;611;60;201;106;3;133;no;si
66;otro;6;secundaria;urbana;medio;443;399;645;37;243;33;9;21;si;no
27;hombre;2;secundaria;urbana;medio;770;425;659;43;64;54;8;348;no;si
40;hombre;4;educacion superior;rural;basico;222;1670;1339;37;130;111;10;135;no;si
32;mujer;2;educacion superior;urbana;premium;641;880;577;46;182;10;1;243;no;no
76;mujer;2;primaria;rural;premium;80;1120;302;57;287;104;8;170;no;si
68;mujer;6;secundaria;rural;medio;787;1183;789;36;113;72;9;248;si;no
27;mujer;4;educacion superior;rural;basico;504;894;259;9;271;98;10;462;no;no
78;hombre;1;primaria;urbana;basico;450;1650;1031;41;113;40;8;451;no;si
72;hombre;1;primaria;urbana;basico;400;1323;679;35;196;74;3;160;no;si
78;mujer;2;primaria;rural;medio;195;709;1329;37;146;76;7;437;no;si
18;mujer;4;primaria;urbana;basico;7;1740;1148;17;299;56;1;214;si;no
18;otro;5;secundaria;rural;basico;99;1606;1180;6;182;99;9;404;no;no
69;hombre;4;educacion superior;urbana;basico;281;1608;1207;17;125;109;6;283;no;si
31;mujer;3;secundaria;urbana;medio;634;873;1095;49;201;24;6;413;no;si
33;hombre;4;secundaria;rural;medio;611;957;762;56;112;51;1;25;si;no
39;mujer;2;educacion superior;rural;premium;806;595;495;37;264;49;5;247;no;no
68;otro;6;secundaria;urbana;basico;193;1141;810;41;135;24;0;188;si;no
36;otro;2;secundaria;urbana;premium;811;1126;1098;56;118;118;9;394;no;si
65;hombre;2;educacion superior;urbana;basico;130;211;421;13;139;31;2;483;no;no
24;otro;5;educacion superior;urbana;medio;483;491;52;37;137;62;10;409;no;si
47;hombre;1;educacion superior;rural;basico;418;529;720;57;285;76;10;115;si;no
54;hombre;3;educacion superior;rural;basico;688;956;1496;41;198;103;6;397;no;si
68;otro;1;secundaria;rural;basico;181;1087;286;39;203;44;8;35;no;no
18;mujer;3;primaria;urbana;basico;483;862;1110;19;148;66;3;403;no;no
75;otro;6;secundaria;urbana;medio;599;569;546;31;221;23;5;370;si;no
26;otro;4;educacion superior;urbana;medio;805;1559;1108;39;103;60;8;416;no;si
71;otro;4;educacion superior;urbana;premium;199;777;1242;43;243;120;10;411;no;si
72;otro;4;educacion superior;rural;premium;693;1608;391;43;106;28;5;431;si;no
61;otro;3;educacion superior;rural;basico;215;1820;1066;25;260;80;4;500;no;si
46;mujer;6;secundaria;rural;basico;670;63;96;1;63;23;3;482;si;no
17;hombre;4;primaria;urbana;medio;932;715;1384;55;275;109;8;317;no;si
20;otro;5;educacion superior;rural;premium;533;1650;1324;17;87;45;4;109;no;si
72;mujer;1;primaria;rural;basico;116;1852;603;34;255;10;10;422;no;si
33;otro;1;educacion superior;urbana;premium;427;1764;22;49;194;11;2;12;si;no
49;otro;1;primaria;urbana;premium;117;86;201;39;142;51;4;428;no;si
64;mujer;2;secundaria;urbana;premium;287;1288;1020;18;219;12;9;233;no;si
45;otro;6;secundaria;urbana;basico;894;640;200;16;45;115;1;27;no;no
51;mujer;6;educacion superior;urbana;basico;33;466;349;59;263;11;3;495;no;si
68;otro;2;educacion superior;rural;basico;276;1411;1370;58;105;71;5;51;no;no
20;mujer;5;educacion superior;urbana;premium;206;1061;740;16;230;109;8;303;no;si
26;otro;6;secundaria;urbana;basico;264;805;383;56;265;10;6;362;no;si
53;otro;5;primaria;rural;premium;496;1830;675;32;251;47;7;170;si;no
49;hombre;3;secundaria;urbana;basico;448;340;457;48;197;39;4;267;no;si
24;otro;2;secundaria;rural;basico;525;1327;742;50;268;95;0;445;no;no
63;otro;2;secundaria;urbana;premium;316;1742;822;35;51;107;7;172;no;si
33;mujer;5;educacion superior;rural;medio;158;209;1010;3;55;35;7;491;si;no
38;hombre;3;educacion superior;urbana;premium;606;1597;386;17;135;6;0;74;si;no
41;otro;3;educacion superior;urbana;premium;214;144;219;51;16;86;5;71;si;no
51;mujer;1;secundaria;urbana;basico;749;1369;1122;16;250;80;10;103;no;si
33;otro;6;educacion superior;rural;premium;898;321;195;33;156;82;3;290;si;no
26;mujer;5;primaria;rural;medio;139;1311;1427;1;225;68;1;497;no;no
65;otro;1;primaria;urbana;premium;314;954;68;51;235;1;10;18;no;no
31;hombre;3;secundaria;urbana;premium;975;1736;1460;20;233;78;1;9;si;no
20;otro;4;educacion superior;rural;premium;269;825;1242;43;249;70;7;460;no;si
21;hombre;3;educacion superior;urbana;medio;433;50;1250;48;70;66;5;214;no;si
47;hombre;6;educacion superior;urbana;premium;136;1367;1086;34;280;81;6;70;no;si
38;otro;3;secundaria;rural;premium;344;721;812;20;147;48;5;114;no;si
58;hombre;1;secundaria;rural;medio;293;1057;1227;59;17;9;4;229;si;no
38;mujer;4;primaria;rural;medio;140;1126;885;58;176;67;8;217;no;si
71;mujer;4;secundaria;rural;medio;211;1376;1268;24;123;90;6;443;no;si
23;otro;2;primaria;urbana;premium;139;708;1008;28;299;79;7;92;no;si
29;otro;1;primaria;rural;basico;367;1608;1499;43;8;26;5;36;no;no
22;hombre;6;secundaria;urbana;basico;249;485;100;30;172;5;6;301;no;si
74;otro;2;educacion superior;rural;medio;963;432;561;31;245;100;4;316;no;si
26;otro;6;primaria;urbana;premium;787;1753;629;36;177;104;4;19;si;no
74;mujer;3;educacion superior;rural;premium;994;1537;689;2;45;69;6;230;si;no
20;mujer;1;secundaria;rural;medio;188;1723;87;57;288;103;1;85;no;no
44;mujer;1;primaria;rural;basico;383;710;564;43;229;29;4;74;no;no
64;otro;2;primaria;rural;basico;254;924;926;14;200;20;3;341;no;no
62;otro;1;secundaria;rural;basico;499;1868;629;9;278;2;0;114;si;no
36;hombre;6;primaria;rural;basico;651;1949;265;16;55;85;8;118;no;no
67;hombre;1;primaria;urbana;premium;389;741;978;38;136;84;7;304;no;si
40;mujer;1;educacion superior;urbana;premium;133;1918;72;55;152;21;6;356;no;si
19;hombre;2;educacion superior;rural;medio;243;934;827;42;95;40;3;326;si;no
70;otro;1;educacion superior;urbana;basico;222;168;1014;30;4;95;5;299;si;no
64;hombre;6;primaria;rural;basico;874;1580;1188;59;171;111;0;68;si;no
73;mujer;1;secundaria;rural;basico;202;381;1385;21;178;63;10;234;si;no
17;mujer;2;primaria;urbana;premium;335;1685;851;42;173;36;8;204;no;si
31;otro;1;secundaria;urbana;medio;357;1180;1301;15;153;74;8;360;no;si
72;hombre;1;educacion superior;rural;premium;917;1693;1326;53;241;98;10;277;no;si
31;mujer;4;educacion superior;rural;premium;879;249;255;48;189;73;8;377;no;no
63;otro;4;educacion superior;urbana;medio;259;1022;771;30;82;106;10;375;no;no
71;hombre;6;primaria;rural;basico;488;602;642;43;122;38;5;178;no;si
62;otro;3;secundaria;rural;basico;902;897;707;17;27;87;2;49;si;no
68;otro;2;primaria;urbana;basico;765;1242;797;45;63;17;10;301;si;no
29;hombre;3;primaria;urbana;basico;296;1098;249;9;179;97;5;7;si;no
25;mujer;5;primaria;urbana;medio;679;1899;561;41;62;82;7;323;no;si
37;hombre;5;primaria;rural;basico;491;1036;6;27;105;79;1;395;no;no
47;otro;4;educacion superior;rural;basico;467;795;1181;21;118;23;8;348;no;no
27;hombre;5;secundaria;rural;medio;600;1409;626;47;102;119;8;205;no;si
29;mujer;3;educacion superior;rural;premium;176;500;1343;31;225;17;4;344;no;si
69;mujer;6;primaria;urbana;medio;238;275;1085;57;147;116;4;234;no;si
42;hombre;4;educacion superior;rural;premium;647;1845;1413;30;101;25;10;222;no;si
52;otro;1;primaria;urbana;medio;612;614;737;25;80;54;4;260;si;no
66;hombre;3;educacion superior;urbana;basico;352;137;689;55;156;26;8;227;no;si
20;otro;1;primaria;rural;basico;874;534;1178;41;196;17;3;402;no;si
64;mujer;3;educacion superior;urbana;medio;454;213;734;21;111;52;10;309;no;si
80;mujer;6;primaria;rural;basico;231;428;456;11;113;33;6;451;si;no
37;hombre;1;primaria;urbana;basico;704;1650;597;52;76;83;7;263;si;no
36;hombre;1;secundaria;urbana;basico;693;1246;1114;60;187;34;3;429;no;si
72;mujer;3;educacion superior;urbana;medio;996;766;1027;28;269;12;6;80;si;no
60;hombre;6;secundaria;urbana;premium;582;1022;1429;52;224;7;6;164;no;si
32;otro;3;educacion superior;rural;premium;553;233;1432;32;87;62;5;270;no;si
29;hombre;3;secundaria;urbana;basico;47;364;1419;47;256;99;10;325;no;si
25;mujer;1;primaria;urbana;medio;34;1092;1196;28;2;64;1;204;si;no
45;hombre;6;primaria;rural;basico;572;745;1315;49;154;79;5;392;no;si
19;mujer;4;primaria;rural;medio;431;331;569;46;290;1;7;434;no;si
66;otro;4;educacion superior;urbana;medio;468;735;514;32;69;1;4;79;no;si
49;otro;5;primaria;rural;premium;627;531;1493;32;159;41;7;90;no;si
74;hombre;2;educacion superior;rural;premium;913;1731;257;57;167;48;8;486;no;si
47;hombre;2;secundaria;urbana;medio;995;228;1459;48;198;106;9;120;no;no
30;otro;5;educacion superior;urbana;medio;647;208;437;26;264;83;9;344;no;si
73;otro;6;primaria;urbana;basico;835;1861;15;1;265;101;0;221;no;no
66;hombre;6;primaria;rural;medio;566;1352;959;52;269;5;9;261;no;si
22;otro;4;secundaria;rural;medio;95;1147;75;42;60;102;9;449;si;no
30;otro;4;educacion superior;rural;medio;84;1630;1392;40;117;102;10;326;no;no
23;otro;6;educacion superior;urbana;premium;184;1713;584;42;39;45;7;50;no;no
77;otro;1;secundaria;rural;premium;442;1173;106;48;147;40;9;477;no;no
56;hombre;5;secundaria;rural;premium;455;78;387;20;95;87;7;476;no;no
47;hombre;1;educacion superior;rural;premium;673;1069;408;26;132;120;9;151;no;si
68;mujer;2;secundaria;rural;basico;702;1237;509;20;237;87;7;47;si;no
66;hombre;4;secundaria;rural;basico;409;1797;384;35;80;18;7;306;no;si
52;hombre;4;secundaria;urbana;medio;871;413;1354;19;120;29;9;175;no;si
17;hombre;2;secundaria;urbana;premium;67;1311;1211;21;169;49;5;460;no;si
40;hombre;1;primaria;rural;medio;171;39;416;39;184;6;10;281;no;si
32;hombre;2;primaria;rural;premium;889;171;939;58;184;30;10;87;no;si
44;hombre;4;secundaria;urbana;premium;117;426;50;48;198;54;9;22;si;no
63;hombre;2;educacion superior;urbana;medio;492;1570;20;28;129;114;7;323;no;no
74;hombre;2;secundaria;urbana;basico;46;778;241;19;189;5;10;396;no;si
28;hombre;3;educacion superior;urbana;medio;889;334;1007;36;176;91;8;186;no;si
42;mujer;3;secundaria;urbana;premium;565;1692;270;18;298;54;8;367;no;si
57;mujer;1;secundaria;rural;medio;700;602;1172;3;8;15;4;97;si;no
57;hombre;4;educacion superior;urbana;premium;138;453;1002;16;260;5;3;353;no;si
77;hombre;4;secundaria;rural;premium;306;1205;139;52;97;85;6;337;no;si
62;otro;6;educacion superior;rural;premium;350;1448;1154;21;126;34;5;186;no;si
34;mujer;2;secundaria;urbana;medio;759;478;1309;57;40;6;10;220;si;no
53;mujer;4;primaria;urbana;medio;394;1875;1119;26;189;19;8;65;si;no
64;mujer;6;educacion superior;rural;medio;6;1241;453;28;209;99;8;420;no;no
48;hombre;6;secundaria;rural;premium;69;130;386;33;158;23;4;256;no;si
18;hombre;6;educacion superior;urbana;medio;327;1929;1382;47;150;72;1;447;si;no
68;otro;4;secundaria;rural;premium;905;1807;265;47;185;66;4;338;no;si
28;otro;1;secundaria;urbana;premium;500;198;507;28;224;112;7;364;no;si
35;otro;3;primaria;urbana;basico;547;718;814;29;118;114;8;227;no;si
64;otro;5;educacion superior;urbana;medio;79;37;50;54;59;7;3;412;no;si
33;mujer;6;secundaria;urbana;basico;120;915;772;7;183;69;10;10;no;no
58;otro;2;primaria;urbana;basico;684;1129;812;49;289;80;0;51;si;no
78;mujer;3;educacion superior;rural;basico;239;111;824;25;107;119;0;281;no;no
17;hombre;2;primaria;rural;basico;775;1585;1000;27;4;86;10;284;si;no
27;hombre;4;secundaria;rural;medio;285;1370;307;19;17;96;1;381;si;no
60;hombre;4;educacion superior;rural;basico;815;910;1489;44;269;97;7;379;si;no
48;otro;2;educacion superior;rural;premium;265;166;847;41;190;86;7;438;no;no
33;hombre;2;educacion superior;rural;medio;585;1206;314;39;73;109;5;215;no;no
22;otro;2;primaria;rural;premium;647;96;1357;23;4;30;3;15;si;no
43;hombre;2;secundaria;urbana;premium;214;1221;935;34;157;21;6;399;no;no
71;hombre;4;educacion superior;rural;premium;873;1264;753;32;287;66;3;398;no;no
48;mujer;1;primaria;urbana;basico;763;1712;490;11;272;112;6;330;si;no
36;hombre;6;secundaria;rural;basico;936;1999;326;51;200;3;4;339;no;si
77;hombre;3;secundaria;urbana;medio;408;1991;1084;19;82;101;3;250;si;no
35;otro;5;secundaria;urbana;basico;746;395;897;4;243;21;0;449;si;no
51;mujer;2;secundaria;urbana;premium;669;868;1242;22;269;62;8;120;no;si
31;otro;6;educacion superior;urbana;medio;200;1016;721;57;102;39;9;231;no;si
67;mujer;4;educacion superior;urbana;basico;561;627;1291;50;257;117;8;270;no;si
46;otro;2;primaria;rural;premium;854;1683;484;28;259;11;2;388;si;no
51;mujer;1;educacion superior;rural;medio;64;1478;736;35;125;117;8;427;si;no
62;mujer;6;educacion superior;rural;basico;9;129;409;44;229;106;8;289;si;no
20;mujer;1;educacion superior;rural;medio;324;1538;593;0;227;77;5;412;no;no
36;hombre;1;educacion superior;urbana;premium;302;1507;1322;54;201;61;4;296;no;si
71;hombre;2;primaria;urbana;medio;309;870;45;14;207;2;0;45;no;no
46;mujer;5;secundaria;urbana;medio;995;1195;309;27;220;43;1;336;no;no
72;mujer;2;educacion superior;urbana;medio;297;91;1332;35;76;93;3;68;no;si
46;mujer;5;primaria;rural;basico;446;1699;57;18;101;35;7;305;si;no
17;hombre;2;primaria;rural;premium;135;193;1021;53;76;20;3;441;no;no
26;otro;5;primaria;rural;medio;280;404;482;20;32;91;3;272;si;no
79;mujer;5;secundaria;urbana;basico;940;1422;1494;20;94;32;10;206;si;no
37;hombre;5;secundaria;urbana;premium;120;1016;596;12;192;79;9;233;si;no
23;hombre;1;educacion superior;urbana;basico;375;1706;856;60;216;25;1;289;no;no
80;mujer;5;primaria;urbana;basico;64;595;98;40;68;47;5;353;si;no
46;otro;6;primaria;urbana;basico;469;1883;674;10;155;85;1;197;si;no
18;otro;1;educacion superior;urbana;basico;961;1673;143;23;241;54;8;154;no;si
43;hombre;1;educacion superior;urbana;premium;421;45;868;46;62;54;6;318;no;si
22;mujer;5;educacion superior;urbana;premium;1;582;752;10;105;95;5;493;no;no
35;otro;5;educacion superior;rural;basico;109;1836;612;49;204;40;10;262;no;no
69;otro;1;educacion superior;rural;basico;567;1389;504;34;272;117;4;291;si;no
69;hombre;4;primaria;urbana;premium;426;626;976;41;191;50;4;416;si;no
64;hombre;4;secundaria;urbana;medio;10;935;862;36;113;30;9;467;no;si
17;hombre;1;primaria;rural;premium;125;779;403;60;98;119;4;229;no;si
47;hombre;4;primaria;rural;medio;409;920;472;19;216;75;3;168;no;si
69;otro;3;secundaria;urbana;basico;742;33;422;30;23;79;6;231;si;no
19;otro;6;secundaria;urbana;basico;552;650;388;29;290;65;1;237;no;no
64;mujer;2;educacion superior;urbana;medio;818;277;979;55;84;95;10;435;no;si
64;hombre;1;primaria;rural;medio;89;1812;1001;42;155;12;1;35;si;no
68;hombre;3;educacion superior;rural;basico;540;844;610;40;267;83;9;229;no;si
20;otro;3;educacion superior;rural;premium;392;313;258;46;128;33;6;178;no;no
49;otro;4;primaria;rural;medio;714;1901;1050;31;95;19;8;221;no;si
73;mujer;2;educacion superior;rural;medio;689;1556;286;60;23;51;10;179;no;no
67;hombre;4;educacion superior;rural;medio;728;932;607;57;39;43;5;382;si;no
58;mujer;5;educacion superior;rural;medio;270;777;895;55;171;15;3;192;no;si
60;otro;2;primaria;urbana;premium;536;1065;978;20;93;16;9;73;no;si
23;otro;1;educacion superior;urbana;premium;574;1155;181;55;59;44;8;246;si;no
23;otro;4;educacion superior;urbana;basico;950;1143;52;4;291;48;9;180;si;no
64;mujer;1;educacion superior;rural;premium;243;1994;531;39;144;15;6;319;no;si
66;mujer;3;educacion superior;urbana;basico;461;262;612;12;206;38;3;47;si;no
79;otro;2;educacion superior;urbana;basico;114;1741;1043;50;131;28;5;143;no;si
71;mujer;4;primaria;rural;medio;340;71;1043;45;131;44;6;8;no;no
35;hombre;5;educacion superior;rural;basico;405;327;1128;45;128;79;3;347;no;no
46;mujer;3;primaria;urbana;premium;658;200;906;19;221;50;3;42;no;no
63;otro;2;secundaria;urbana;basico;845;447;25;29;144;79;8;500;no;si
71;mujer;6;educacion superior;urbana;medio;991;739;1250;60;272;106;6;489;no;si
65;mujer;1;secundaria;rural;basico;225;1002;835;42;44;63;1;173;si;no
63;mujer;3;educacion superior;urbana;premium;849;1382;895;14;236;49;1;96;no;no
69;mujer;6;primaria;rural;medio;966;1385;936;20;56;74;5;205;no;si
19;hombre;2;educacion superior;urbana;basico;772;496;1029;60;244;18;10;182;no;si
31;otro;4;primaria;rural;premium;74;1802;1398;43;78;82;8;79;no;si
16;mujer;2;educacion superior;urbana;basico;59;1791;99;38;74;90;6;204;no;si
61;otro;3;primaria;urbana;medio;255;164;566;56;138;4;3;20;si;no
37;mujer;2;secundaria;urbana;medio;388;936;1488;23;30;84;1;357;no;no
51;otro;2;primaria;rural;medio;749;547;872;16;246;92;3;352;no;si
48;otro;5;educacion superior;urbana;basico;5;963;203;53;96;108;3;223;no;si
17;hombre;5;educacion superior;rural;medio;610;1838;37;4;95;108;8;415;no;no
34;hombre;6;secundaria;urbana;basico;89;489;1018;58;242;94;2;457;no;no
37;otro;6;secundaria;urbana;basico;482;1223;772;56;37;62;4;205;si;no
75;hombre;6;secundaria;rural;premium;213;1090;1498;33;135;15;7;189;no;si
68;mujer;1;educacion superior;rural;medio;556;170;1176;37;242;6;9;356;si;no
21;otro;3;secundaria;urbana;medio;293;1753;1310;27;227;103;2;192;no;no
39;otro;4;secundaria;urbana;medio;484;1334;485;25;215;94;9;169;no;si
74;mujer;6;educacion superior;urbana;medio;601;1848;496;36;206;37;7;303;no;si
52;hombre;5;secundaria;urbana;basico;559;833;410;37;249;71;9;419;no;si
19;otro;6;primaria;urbana;basico;255;1765;1256;21;195;45;3;172;si;no
25;mujer;4;primaria;rural;basico;632;1563;1487;23;110;5;7;307;no;si
16;mujer;5;secundaria;rural;premium;146;281;1152;49;207;48;5;400;no;si
49;hombre;4;primaria;urbana;premium;187;1444;360;15;255;43;6;319;no;si
74;mujer;5;secundaria;rural;basico;304;1094;1268;23;283;25;5;400;no;si
20;hombre;2;secundaria;urbana;basico;804;1446;80;3;3;94;3;328;si;no
16;otro;1;educacion superior;rural;medio;7;687;1211;42;109;15;1;51;no;no
49;mujer;1;educacion superior;rural;medio;207;578;1231;60;265;81;8;171;no;si
22;otro;1;secundaria;rural;basico;142;1117;1450;49;228;33;3;440;no;no
28;mujer;3;primaria;urbana;premium;902;245;506;53;224;76;6;204;no;si
78;mujer;2;primaria;urbana;premium;483;1948;1241;11;2;80;3;308;si;no
43;otro;1;primaria;rural;premium;962;1328;208;41;283;86;8;208;no;si
46;mujer;5;secundaria;rural;premium;947;1489;990;9;207;1;3;49;si;no
18;hombre;2;primaria;urbana;medio;721;1698;939;33;124;120;4;335;no;si
47;hombre;3;educacion superior;urbana;medio;750;1467;305;59;148;89;4;223;no;si
50;otro;1;primaria;urbana;basico;453;1853;134;29;210;3;6;52;no;no
71;hombre;3;primaria;rural;premium;507;211;52;31;172;114;3;12;no;no
17;otro;4;secundaria;urbana;premium;534;251;1317;45;251;67;10;177;no;si
21;otro;4;educacion superior;urbana;medio;952;366;1268;54;284;18;8;463;no;si
36;hombre;2;educacion superior;rural;basico;801;1067;1233;4;122;19;9;0;no;no
19;hombre;2;secundaria;rural;medio;662;604;32;33;146;114;7;205;si;no
79;otro;5;primaria;rural;premium;606;1485;827;11;247;29;6;177;no;no
76;otro;4;primaria;urbana;premium;501;1064;1273;59;202;68;10;84;no;si
72;hombre;3;secundaria;urbana;premium;882;1211;835;28;298;37;9;420;no;si
63;hombre;2;educacion superior;urbana;premium;814;1058;1195;0;109;41;7;185;no;no
74;mujer;5;primaria;rural;premium;691;381;120;27;112;62;7;58;no;si
44;hombre;3;primaria;rural;medio;852;166;529;9;22;6;5;376;no;no
73;otro;6;educacion superior;rural;premium;277;474;196;13;117;94;7;265;si;no
49;mujer;1;primaria;rural;basico;274;1967;442;26;221;59;7;160;no;si
37;otro;1;secundaria;urbana;medio;395;1064;1301;21;21;113;4;31;si;no
56;otro;3;educacion superior;urbana;medio;172;1356;710;50;281;63;8;197;no;si
52;mujer;6;educacion superior;urbana;basico;990;368;1160;26;285;87;3;367;no;si
66;mujer;2;secundaria;urbana;medio;887;791;184;35;192;47;5;136;no;si
72;hombre;2;educacion superior;rural;basico;589;1500;1082;38;13;53;5;161;si;no
30;otro;6;educacion superior;urbana;medio;702;187;1249;57;17;80;0;239;no;no
50;hombre;6;educacion superior;rural;basico;869;353;953;18;181;21;5;447;no;no
36;hombre;4;primaria;urbana;medio;534;1431;545;17;209;17;10;286;no;si
55;otro;4;primaria;urbana;premium;827;152;586;36;159;13;1;292;no;no
40;hombre;4;educacion superior;urbana;medio;798;1217;1171;40;133;73;8;123;no;no
40;hombre;5;secundaria;urbana;medio;976;1133;374;56;210;21;9;51;no;si
46;mujer;4;secundaria;rural;basico;422;1265;119;60;39;19;0;137;si;no
44;otro;3;primaria;rural;premium;320;1181;189;41;232;103;8;330;no;si
36;otro;5;primaria;urbana;basico;603;112;1327;21;20;109;1;318;si;no
79;otro;1;primaria;rural;premium;512;1856;794;32;106;28;9;491;si;no
37;otro;5;educacion superior;rural;basico;530;1912;1074;7;52;26;4;50;no;no
78;otro;4;secundaria;rural;premium;718;902;1260;29;286;25;7;114;no;si
23;otro;6;primaria;rural;medio;762;716;1263;54;94;32;10;57;no;si
19;mujer;3;educacion superior;rural;basico;788;1572;402;37;91;103;9;418;no;si
30;mujer;4;secundaria;rural;premium;335;188;1298;28;75;88;6;379;no;si
60;hombre;1;educacion superior;urbana;premium;954;518;1328;18;254;19;3;132;no;si
28;mujer;4;primaria;urbana;premium;902;841;274;35;80;26;9;207;no;si
69;otro;1;educacion superior;urbana;basico;918;104;623;20;94;91;4;240;no;si
44;hombre;4;educacion superior;rural;premium;883;1372;927;47;155;46;0;158;si;no
68;otro;5;primaria;urbana;medio;285;885;18;1;195;14;1;242;si;no
38;hombre;6;educacion superior;rural;medio;883;1828;883;17;236;57;1;89;no;no
29;otro;3;primaria;rural;basico;758;1135;284;42;215;117;4;95;no;si
80;mujer;5;educacion superior;urbana;basico;15;1839;625;32;274;42;10;286;si;no
64;mujer;6;primaria;rural;premium;455;260;1341;52;285;97;5;189;no;si
36;mujer;2;primaria;urbana;premium;989;1069;902;44;72;93;6;398;no;si
25;hombre;3;educacion superior;urbana;medio;835;1716;433;10;186;99;10;14;si;no
37;hombre;5;educacion superior;rural;basico;658;724;318;28;132;51;10;341;no;si
32;otro;4;primaria;rural;medio;54;1869;429;33;75;96;3;389;no;no
70;otro;4;primaria;rural;premium;990;245;1044;43;69;30;8;206;si;no
70;mujer;6;primaria;rural;medio;879;1222;637;14;277;36;9;107;si;no
37;hombre;3;educacion superior;rural;premium;790;136;838;54;239;12;4;153;no;si
51;otro;6;educacion superior;rural;premium;437;703;6;22;262;15;4;60;si;no
40;hombre;4;educacion superior;rural;basico;992;1708;1329;50;265;29;1;438;si;no
48;mujer;4;primaria;rural;medio;38;1650;218;37;283;40;5;265;no;si
80;mujer;1;educacion superior;urbana;premium;550;1360;332;15;134;53;4;397;no;no
20;hombre;2;primaria;urbana;premium;904;1691;979;3;92;5;0;248;no;no
24;mujer;6;educacion superior;urbana;basico;474;536;618;55;243;59;5;443;no;si
76;hombre;5;educacion superior;urbana;basico;838;795;104;48;210;30;7;490;no;si
20;hombre;4;primaria;rural;premium;341;299;563;12;13;102;10;447;si;no
36;otro;1;secundaria;rural;premium;764;1259;50;3;246;17;10;133;no;no
80;otro;5;educacion superior;rural;medio;925;1000;249;50;72;26;4;438;no;si
70;mujer;6;secundaria;rural;premium;970;920;180;45;84;104;2;363;no;no
76;mujer;5;primaria;urbana;basico;189;1913;649;41;100;78;4;157;no;si
72;mujer;4;primaria;rural;premium;439;1465;1009;39;254;68;9;158;no;si
46;hombre;6;educacion superior;urbana;basico;4;403;465;33;48;52;7;65;no;no
56;hombre;1;educacion superior;urbana;premium;45;39;87;41;225;19;8;450;no;si
42;mujer;3;educacion superior;rural;basico;168;180;1147;40;158;74;5;441;si;no
76;otro;2;primaria;rural;premium;267;1551;997;29;250;70;6;298;no;si
22;mujer;6;secundaria;urbana;basico;872;1687;980;32;197;26;9;274;si;no
42;mujer;2;secundaria;rural;basico;822;713;540;45;295;113;6;403;no;si
43;mujer;1;primaria;urbana;premium;572;1349;1172;31;97;22;10;277;no;si
53;otro;4;primaria;rural;premium;146;300;811;31;289;70;7;452;no;si
36;hombre;5;secundaria;rural;medio;736;1133;1358;21;71;5;10;187;no;si
31;otro;3;primaria;rural;basico;632;2;203;51;278;113;2;475;no;no
59;hombre;1;secundaria;rural;premium;135;1953;1064;22;229;24;2;339;no;no
39;hombre;2;primaria;urbana;medio;648;716;147;7;138;7;9;476;no;no
67;otro;4;secundaria;urbana;medio;906;1199;990;30;4;92;7;245;no;no
34;hombre;1;educacion superior;urbana;medio;996;158;1069;12;56;4;9;396;si;no
40;mujer;3;educacion superior;urbana;basico;603;466;1271;32;291;15;10;472;no;si
47;otro;6;primaria;urbana;basico;116;740;596;45;233;30;5;423;no;si
45;mujer;4;secundaria;urbana;basico;401;1781;1313;19;80;104;3;133;no;si
60;otro;5;primaria;urbana;premium;466;1622;794;26;195;40;8;409;no;si
76;mujer;5;primaria;rural;premium;805;1077;47;31;217;87;6;470;no;si
22;hombre;4;secundaria;rural;medio;879;1459;52;38;188;59;0;97;no;no
59;hombre;2;primaria;urbana;basico;629;459;934;28;258;65;9;438;no;si
45;mujer;1;educacion superior;urbana;medio;225;1361;374;13;167;87;8;275;no;no
49;mujer;4;primaria;urbana;premium;302;1961;56;15;127;45;9;81;no;si
21;otro;1;educacion superior;urbana;medio;64;347;865;38;183;119;7;350;no;si
22;otro;1;primaria;urbana;premium;165;1009;1425;20;154;58;9;474;no;si
24;otro;5;educacion superior;urbana;premium;251;1588;260;30;63;49;7;437;no;si
64;hombre;2;primaria;urbana;premium;0;1623;1154;51;204;29;9;421;no;si
22;hombre;4;primaria;urbana;basico;29;1255;634;50;178;18;5;495;no;si
20;otro;6;primaria;urbana;basico;175;145;104;50;19;55;9;291;no;no
79;otro;3;secundaria;rural;premium;851;1308;1393;52;173;25;8;399;no;si
76;hombre;1;secundaria;rural;premium;18;1495;693;43;213;9;8;229;no;si
80;otro;5;educacion superior;rural;medio;589;999;875;56;81;88;8;213;no;si
58;mujer;3;primaria;rural;premium;635;64;1041;4;114;100;5;489;no;no
44;otro;2;educacion superior;urbana;medio;495;1989;760;18;144;63;8;462;no;si
51;otro;6;secundaria;rural;premium;291;513;1247;33;149;39;5;458;no;si
48;mujer;3;secundaria;rural;medio;595;999;779;33;134;95;3;109;no;si
80;hombre;6;primaria;urbana;premium;489;579;1131;20;235;104;8;481;no;si
54;hombre;6;educacion superior;urbana;medio;831;1621;811;50;94;4;10;410;si;no
30;mujer;2;educacion superior;urbana;premium;1000;1208;700;60;62;104;10;218;no;no
26;hombre;3;primaria;rural;basico;508;404;683;47;276;49;4;84;no;si
48;hombre;4;educacion superior;rural;basico;72;599;158;20;176;52;4;72;no;si
43;mujer;2;secundaria;urbana;basico;275;333;614;5;238;69;2;319;si;no
18;mujer;3;primaria;rural;medio;791;282;257;58;146;6;7;409;no;si
74;mujer;3;secundaria;urbana;basico;249;1461;1050;47;135;75;4;176;si;no
59;otro;4;secundaria;rural;premium;841;1800;1473;26;137;91;4;41;no;no
24;hombre;3;educacion superior;urbana;premium;848;1262;201;54;122;101;10;284;no;si
72;mujer;4;secundaria;urbana;premium;115;1036;553;41;280;118;9;239;no;si
71;hombre;3;primaria;rural;medio;366;488;1174;27;181;38;10;107;no;si
75;hombre;1;educacion superior;rural;basico;30;847;1337;53;211;119;7;169;no;no
61;hombre;1;secundaria;urbana;premium;498;512;410;4;115;119;7;429;no;no
54;otro;5;secundaria;rural;medio;333;1545;731;16;58;5;8;322;no;si
30;mujer;1;educacion superior;rural;premium;77;519;968;55;148;101;1;349;no;no
45;mujer;6;educacion superior;urbana;medio;809;233;634;54;119;101;0;333;no;no
34;mujer;3;educacion superior;rural;medio;364;256;475;50;141;120;4;166;no;no
42;hombre;2;secundaria;rural;premium;930;48;105;36;21;54;5;137;si;no
45;otro;6;educacion superior;rural;premium;940;1803;552;10;279;12;0;275;no;no
35;otro;2;educacion superior;urbana;premium;382;1831;396;25;204;41;8;30;si;no
46;hombre;1;primaria;urbana;premium;251;1549;80;30;118;4;7;6;no;no
34;otro;1;primaria;urbana;medio;455;1328;17;11;168;7;9;100;si;no
41;hombre;2;secundaria;rural;premium;915;596;1272;56;298;58;7;234;no;si
39;hombre;2;primaria;urbana;premium;346;302;1057;37;131;69;2;298;no;no
66;hombre;6;secundaria;urbana;premium;896;35;1198;60;214;89;6;355;no;si
70;hombre;3;educacion superior;rural;basico;494;565;883;21;90;6;8;483;no;si
22;otro;3;primaria;urbana;medio;941;405;707;1;193;30;7;133;si;no
54;mujer;3;secundaria;urbana;medio;822;1388;345;9;104;89;6;334;si;no
31;otro;2;primaria;rural;basico;632;1203;1444;30;216;93;6;345;no;no
54;mujer;6;secundaria;urbana;medio;881;1916;1465;46;100;92;0;229;no;no
23;otro;1;educacion superior;urbana;premium;828;343;742;51;257;63;3;152;no;si
59;mujer;6;secundaria;urbana;basico;144;855;433;38;258;77;10;12;no;no
54;mujer;1;educacion superior;urbana;premium;259;1115;1148;15;293;84;3;429;no;si
43;otro;1;primaria;rural;basico;221;1246;1147;55;149;55;7;7;si;no
75;hombre;3;secundaria;rural;medio;597;1335;1471;21;211;118;3;457;no;si
74;otro;3;educacion superior;rural;medio;437;319;253;45;273;56;5;211;no;no
76;otro;6;primaria;urbana;basico;989;1925;915;50;242;72;10;464;no;no
38;otro;5;primaria;urbana;premium;647;487;1284;29;186;5;8;280;no;si
61;hombre;5;secundaria;rural;basico;352;925;1120;24;4;74;1;344;si;no
63;otro;5;secundaria;rural;medio;662;1129;973;59;243;85;10;443;no;si
18;hombre;3;secundaria;urbana;premium;849;1853;1249;46;144;30;0;42;si;no
30;hombre;3;educacion superior;urbana;basico;843;1255;1461;33;173;65;4;446;si;no
74;mujer;1;secundaria;urbana;basico;328;1764;1219;41;30;20;4;304;si;no
68;mujer;3;secundaria;urbana;medio;706;1155;1243;41;107;101;5;455;no;si
71;otro;5;primaria;rural;premium;721;1874;1376;29;193;73;6;323;no;no
26;mujer;1;educacion superior;rural;basico;725;1793;921;4;291;6;9;15;si;no
72;hombre;4;secundaria;urbana;basico;282;348;497;49;136;78;8;87;no;si
34;mujer;4;primaria;urbana;premium;152;623;1278;7;43;58;7;467;si;no
70;mujer;6;primaria;rural;medio;878;702;195;3;72;101;7;470;no;no
55;mujer;3;primaria;urbana;basico;580;349;1477;7;30;59;6;257;no;no
41;otro;4;secundaria;urbana;premium;828;669;663;32;49;7;3;78;si;no
74;hombre;1;secundaria;urbana;medio;410;1638;903;44;164;88;4;195;no;si
25;otro;1;primaria;urbana;premium;295;1179;518;19;173;37;10;271;no;si
24;mujer;5;primaria;urbana;medio;673;1356;158;56;101;76;10;68;no;si
72;mujer;6;educacion superior;urbana;premium;323;1334;326;41;233;116;0;422;no;no
46;hombre;5;primaria;urbana;medio;334;203;304;55;265;95;5;364;no;si
67;otro;5;secundaria;urbana;premium;326;816;932;25;61;55;6;45;no;no
38;mujer;3;primaria;rural;basico;820;978;1263;34;152;35;3;221;si;no
36;hombre;5;primaria;urbana;basico;500;982;106;21;172;111;8;194;no;si
71;mujer;4;secundaria;urbana;premium;570;1015;662;59;96;9;9;229;no;si
62;mujer;1;secundaria;urbana;medio;619;884;677;19;222;49;8;51;no;si
75;hombre;1;secundaria;urbana;premium;719;319;400;33;205;110;8;82;no;si
25;hombre;4;primaria;rural;basico;444;1876;630;0;116;107;0;47;no;no
39;mujer;4;primaria;urbana;basico;744;1989;121;18;144;92;7;73;no;no
80;hombre;1;secundaria;urbana;premium;169;1839;1402;30;131;43;8;282;no;si
41;hombre;1;secundaria;urbana;premium;994;1793;36;28;65;47;1;100;si;no
35;otro;2;primaria;rural;basico;296;1608;790;35;109;81;4;27;no;no
32;otro;5;primaria;urbana;premium;37;117;1205;16;94;21;10;322;no;si
58;otro;2;primaria;urbana;medio;690;770;1158;6;84;68;3;458;no;no
55;otro;5;primaria;rural;basico;816;475;752;23;215;119;8;415;no;si
67;otro;4;secundaria;rural;medio;390;451;470;7;199;18;7;229;si;no
59;mujer;2;educacion superior;urbana;premium;323;508;407;20;75;110;3;500;no;si
57;otro;2;primaria;rural;medio;401;1735;1051;35;205;5;7;347;no;si
22;hombre;5;primaria;rural;premium;116;1945;874;11;238;46;10;156;no;no
37;mujer;6;secundaria;urbana;medio;734;1009;990;23;175;95;0;107;si;no
79;mujer;5;educacion superior;urbana;medio;657;332;1048;7;136;69;3;450;no;no
65;otro;1;primaria;urbana;premium;694;63;165;32;250;19;4;145;no;si
40;otro;4;secundaria;rural;basico;856;129;769;42;158;118;3;434;no;si
52;mujer;2;educacion superior;urbana;premium;257;847;433;45;112;8;1;467;no;no
67;otro;1;educacion superior;urbana;medio;70;1852;1259;6;281;20;2;326;no;no
25;mujer;1;secundaria;urbana;premium;23;1899;402;9;104;20;5;200;si;no
42;mujer;5;educacion superior;urbana;basico;301;1341;1315;44;26;102;9;460;si;no
74;mujer;2;secundaria;rural;basico;602;311;490;23;241;110;6;290;no;si
72;otro;3;secundaria;rural;basico;140;512;905;6;134;63;3;209;si;no
61;hombre;3;secundaria;rural;medio;440;1584;1;42;258;95;10;16;no;no
77;mujer;5;secundaria;rural;basico;316;1550;1107;59;277;70;8;404;no;si
31;mujer;6;educacion superior;rural;basico;191;1550;1265;39;204;97;7;126;no;si
73;mujer;5;educacion superior;rural;premium;115;1213;801;45;299;106;6;335;no;si
60;hombre;1;secundaria;urbana;medio;953;1213;906;53;251;22;7;309;no;no
71;mujer;1;secundaria;rural;basico;79;995;742;19;268;112;1;55;no;no
61;otro;4;educacion superior;urbana;basico;917;1096;1080;45;103;25;7;450;no;si
59;hombre;4;primaria;urbana;basico;630;1227;46;23;117;72;7;477;no;si
40;otro;5;primaria;rural;medio;955;1636;483;43;96;51;6;453;si;no
77;hombre;3;educacion superior;rural;basico;432;690;252;46;199;20;5;462;no;si
35;otro;6;educacion superior;urbana;basico;721;850;1356;20;282;36;5;387;no;si
68;mujer;4;educacion superior;rural;basico;393;1316;8;42;23;88;5;320;no;no
55;otro;6;primaria;rural;basico;446;1501;1467;36;52;35;10;184;no;si
39;hombre;1;primaria;rural;basico;978;501;569;5;273;63;7;357;no;no
56;otro;5;educacion superior;rural;basico;591;1440;203;9;247;53;9;187;si;no
48;otro;4;educacion superior;urbana;premium;446;1570;93;20;46;102;4;483;no;no
52;otro;4;primaria;urbana;medio;296;1787;269;45;122;36;5;499;no;si
44;otro;3;educacion superior;rural;medio;83;492;916;26;185;37;1;275;si;no
69;hombre;2;educacion superior;rural;basico;783;1409;222;48;142;40;9;89;no;si
63;mujer;6;primaria;rural;basico;847;1741;806;47;68;29;4;390;no;si
46;mujer;1;educacion superior;urbana;medio;675;425;998;53;263;90;1;391;no;no
75;otro;6;secundaria;urbana;basico;46;1818;129;33;101;75;8;159;no;si
21;hombre;2;educacion superior;urbana;premium;911;1194;864;48;294;18;5;414;no;si
33;mujer;2;primaria;rural;medio;785;1748;765;18;59;25;3;444;no;si
40;mujer;6;educacion superior;rural;basico;190;854;1043;24;110;39;5;202;si;no
66;hombre;4;secundaria;urbana;premium;708;1398;1016;52;191;69;9;130;no;si
33;mujer;2;secundaria;urbana;premium;98;1652;836;26;123;20;5;56;no;si
45;otro;5;secundaria;rural;premium;791;197;379;58;112;17;8;190;no;si
32;hombre;5;educacion superior;urbana;medio;625;893;1104;38;197;79;7;272;si;no
62;mujer;6;educacion superior;urbana;medio;619;194;1381;46;85;106;7;68;no;si
69;otro;6;primaria;rural;medio;147;1538;1369;1;204;114;0;342;si;no
42;mujer;5;primaria;urbana;premium;256;931;1495;43;259;3;4;430;no;si
39;mujer;1;educacion superior;urbana;medio;55;1161;472;55;145;56;9;325;no;si
48;otro;6;educacion superior;urbana;medio;978;94;449;50;130;8;8;446;no;si
36;hombre;2;secundaria;urbana;premium;144;1632;578;52;295;44;5;334;si;no
70;otro;1;primaria;rural;premium;934;1239;193;60;238;32;0;382;si;no
34;hombre;5;primaria;rural;basico;61;1749;1205;29;94;41;9;115;no;si
21;otro;6;educacion superior;urbana;medio;928;102;1423;48;139;86;6;141;no;si
66;mujer;3;secundaria;urbana;basico;43;804;590;4;206;52;1;410;no;no
66;otro;3;educacion superior;rural;medio;418;1435;1209;15;17;116;1;275;si;no
28;mujer;4;secundaria;urbana;basico;777;1582;517;14;142;10;1;408;no;no
25;mujer;6;primaria;urbana;medio;577;722;302;25;105;45;6;317;no;si
63;hombre;6;primaria;rural;medio;87;514;1010;56;276;70;8;345;no;si
22;hombre;4;secundaria;rural;premium;906;1349;416;48;199;11;9;109;no;si
54;otro;3;primaria;urbana;premium;31;200;262;52;265;40;10;201;no;si
67;otro;3;educacion superior;urbana;basico;401;663;454;22;133;68;10;298;no;si
33;otro;2;secundaria;rural;basico;373;550;385;0;13;49;9;292;no;no
64;mujer;1;primaria;urbana;basico;320;987;816;50;228;105;5;354;no;no
25;otro;2;educacion superior;urbana;medio;348;1052;1091;0;39;78;8;290;si;no
20;otro;5;educacion superior;rural;premium;658;200;1216;23;248;88;8;212;no;si
66;mujer;3;educacion superior;urbana;medio;127;1657;1210;41;208;17;9;316;no;si
47;hombre;2;primaria;rural;basico;172;218;554;47;53;20;2;179;si;no
69;hombre;5;educacion superior;urbana;medio;105;1409;317;25;80;52;4;169;no;no
70;hombre;2;secundaria;urbana;premium;849;726;1407;60;259;29;7;153;no;si
33;hombre;4;secundaria;rural;premium;302;60;1304;57;234;80;4;166;no;si
68;hombre;6;educacion superior;urbana;premium;854;1736;748;42;79;80;10;64;no;si
38;otro;2;secundaria;urbana;basico;132;512;322;21;243;62;9;418;no;no
67;mujer;2;primaria;urbana;medio;834;1063;525;7;276;68;4;378;no;no
26;mujer;5;educacion superior;rural;medio;459;1273;1383;3;115;17;7;138;no;no
18;hombre;5;educacion superior;rural;medio;849;122;963;33;109;79;4;286;si;no
48;hombre;2;secundaria;rural;medio;489;1615;1152;38;51;118;8;357;no;si
72;otro;1;secundaria;rural;basico;158;1988;45;30;224;61;4;85;no;si
45;otro;4;secundaria;urbana;basico;942;1568;1163;50;51;73;7;448;no;si
55;mujer;6;educacion superior;rural;basico;734;52;1161;18;210;104;1;419;no;no
51;mujer;5;educacion superior;rural;basico;745;1443;1110;40;186;80;6;444;no;si
51;otro;1;educacion superior;rural;basico;561;1518;620;45;52;81;10;441;no;si
18;hombre;6;primaria;rural;medio;363;758;846;3;10;54;10;440;si;no
47;mujer;4;educacion superior;rural;premium;116;1147;191;49;203;41;3;423;no;si
64;otro;2;primaria;urbana;medio;473;1873;228;16;99;21;7;181;no;si
79;mujer;1;educacion superior;urbana;medio;47;1377;951;54;193;33;9;141;no;si
31;mujer;4;secundaria;urbana;medio;858;371;297;45;230;37;9;277;no;si
48;mujer;3;secundaria;rural;premium;901;344;419;34;168;23;6;428;no;si
48;mujer;5;educacion superior;rural;premium;495;1630;960;55;180;78;6;355;no;si
16;hombre;4;primaria;urbana;medio;746;1985;428;32;109;114;7;428;no;si
62;otro;2;educacion superior;rural;medio;690;1466;918;49;173;87;9;315;no;si
70;otro;4;primaria;urbana;basico;851;664;525;15;141;93;3;415;no;si
30;otro;1;primaria;rural;medio;784;500;1323;21;123;68;5;175;no;si
36;hombre;5;educacion superior;rural;basico;534;965;720;34;186;24;5;68;no;si
63;otro;3;educacion superior;rural;premium;554;1100;942;55;255;62;8;88;si;no
73;hombre;5;secundaria;urbana;medio;528;1868;624;59;71;88;1;430;si;no
68;otro;6;primaria;urbana;medio;591;1650;997;3;270;20;7;358;si;no
52;mujer;6;primaria;urbana;basico;242;1614;1237;60;218;70;3;322;no;no
25;mujer;4;primaria;urbana;medio;958;1718;1425;37;297;84;8;499;no;si
49;otro;1;educacion superior;rural;premium;333;409;1244;25;121;18;4;391;no;si
32;mujer;5;primaria;rural;premium;51;444;19;45;193;13;3;411;no;si
59;otro;1;educacion superior;rural;basico;239;593;499;31;83;64;4;232;si;no
19;hombre;6;primaria;urbana;basico;191;907;991;33;161;77;6;212;no;si
53;mujer;3;secundaria;rural;medio;628;923;831;16;279;26;5;403;no;si
23;otro;3;primaria;rural;premium;646;1619;786;53;75;18;10;272;no;si
80;mujer;3;primaria;rural;medio;748;1435;105;3;4;95;3;453;si;no
77;mujer;6;primaria;urbana;premium;989;1105;959;31;138;56;10;119;no;si
36;mujer;5;primaria;rural;basico;328;1716;128;57;291;29;8;151;no;si
22;mujer;2;educacion superior;urbana;premium;325;1998;1449;56;227;75;10;105;no;si
76;hombre;3;secundaria;urbana;medio;242;1779;1149;51;159;12;6;63;no;si
17;mujer;4;educacion superior;rural;medio;604;1341;80;41;185;113;3;366;si;no
62;otro;3;secundaria;rural;premium;26;803;1099;32;265;17;9;261;no;si
63;otro;2;educacion superior;urbana;basico;424;1899;179;59;171;67;7;405;no;si
62;hombre;5;educacion superior;urbana;medio;883;1017;1485;15;47;1;2;229;si;no
33;mujer;3;secundaria;rural;medio;561;641;307;18;66;52;3;155;no;si
64;otro;5;educacion superior;urbana;basico;197;587;1442;42;157;114;7;442;no;no
41;mujer;4;primaria;rural;medio;579;1969;1389;47;134;54;3;176;si;no
71;hombre;2;primaria;urbana;medio;869;33;1493;37;175;89;8;357;no;si
24;mujer;1;secundaria;urbana;premium;72;1767;1118;43;104;15;4;158;no;si
59;otro;4;primaria;rural;premium;202;829;954;6;212;31;4;268;no;no
34;hombre;4;primaria;rural;premium;652;1465;1421;54;136;18;9;174;no;si
59;otro;5;educacion superior;urbana;premium;240;845;160;51;292;33;5;253;no;si
43;otro;1;secundaria;rural;medio;63;1132;27;35;71;35;9;88;no;si
36;otro;5;educacion superior;urbana;medio;350;1876;1042;47;89;22;9;366;no;si
43;hombre;3;primaria;rural;premium;634;419;1470;37;79;84;10;422;no;si
75;hombre;5;primaria;rural;basico;572;380;204;56;137;76;9;222;no;si
75;mujer;5;primaria;urbana;basico;0;498;1432;57;54;115;7;109;si;no
50;mujer;4;educacion superior;rural;basico;897;752;1325;49;89;65;8;374;no;si
24;hombre;4;primaria;urbana;basico;170;536;727;56;200;2;5;483;no;si
43;hombre;4;primaria;rural;premium;520;1996;178;38;101;57;10;75;no;si
58;otro;1;primaria;rural;basico;534;1169;135;21;160;40;6;193;no;si
56;hombre;5;primaria;urbana;basico;369;195;844;18;57;30;3;186;no;no
75;hombre;3;educacion superior;rural;medio;632;1076;791;41;167;20;2;239;no;no
79;mujer;2;secundaria;urbana;premium;763;1566;1251;50;231;44;4;75;no;si
51;mujer;4;primaria;rural;premium;567;149;909;50;46;7;8;13;si;no
43;otro;2;educacion superior;urbana;premium;984;849;378;1;285;13;5;121;no;no
57;mujer;4;primaria;urbana;premium;826;73;1036;44;198;31;7;254;no;no
52;mujer;1;primaria;rural;basico;131;231;1272;30;131;12;6;453;no;si
63;mujer;3;educacion superior;rural;basico;24;696;987;30;249;14;5;115;no;si
75;otro;2;secundaria;urbana;medio;655;131;324;36;102;114;5;473;si;no
68;otro;1;secundaria;urbana;premium;469;1703;1255;52;133;20;2;88;si;no
46;otro;2;secundaria;rural;medio;497;1136;1458;26;112;17;7;186;no;si
60;otro;2;secundaria;urbana;medio;602;1040;470;49;1;1;3;119;si;no
37;otro;2;educacion superior;urbana;premium;165;1275;1023;19;210;16;6;197;no;si
79;mujer;5;primaria;urbana;basico;167;1474;964;54;183;51;3;407;no;si
27;otro;1;secundaria;rural;medio;991;703;744;16;58;22;10;60;no;si
29;otro;3;secundaria;urbana;medio;632;620;1035;21;123;73;3;88;si;no
60;hombre;3;secundaria;rural;medio;52;380;618;39;76;6;7;411;no;si
32;hombre;1;primaria;rural;medio;344;557;924;57;61;72;7;113;no;si
75;hombre;3;primaria;rural;medio;156;143;1472;38;291;53;9;346;no;si
64;hombre;2;primaria;rural;premium;601;287;863;18;98;52;3;89;no;si
56;otro;4;secundaria;urbana;medio;537;429;771;52;92;101;1;354;no;no
27;hombre;2;primaria;rural;medio;319;1897;839;31;41;115;0;210;no;no
51;hombre;4;primaria;rural;medio;61;1395;893;39;196;76;10;419;no;no
71;mujer;5;primaria;rural;basico;802;931;206;29;295;77;10;398;si;no
80;hombre;2;educacion superior;rural;premium;440;725;1386;51;134;96;4;182;no;no
24;mujer;4;primaria;rural;medio;772;560;903;57;279;88;0;278;si;no
53;hombre;1;primaria;rural;premium;611;1232;549;0;151;46;6;492;si;no
73;mujer;2;primaria;urbana;basico;906;1903;211;46;109;34;5;198;si;no
19;hombre;6;educacion superior;rural;premium;875;1840;746;43;222;80;7;405;no;si
19;otro;2;secundaria;urbana;medio;415;1346;542;45;285;31;6;327;no;si
54;mujer;6;primaria;urbana;premium;693;1778;294;41;215;111;6;497;no;si
36;hombre;2;primaria;rural;medio;374;1103;1174;18;168;21;7;358;no;si
78;hombre;3;primaria;rural;basico;174;971;130;60;151;8;9;274;no;si
71;hombre;1;primaria;rural;basico;892;1725;1439;29;107;120;7;166;no;si
32;hombre;3;primaria;rural;basico;156;1031;1000;38;144;72;4;76;no;si
69;hombre;1;secundaria;urbana;premium;412;1896;175;46;116;57;10;367;no;si
17;hombre;1;primaria;urbana;basico;360;756;1142;18;111;49;6;191;no;si
23;otro;6;educacion superior;rural;basico;891;155;1316;24;101;89;0;442;no;no
35;otro;4;primaria;urbana;basico;569;536;918;33;257;18;5;77;no;si
33;otro;4;primaria;rural;basico;660;80;988;37;85;74;0;254;no;no
52;hombre;6;primaria;urbana;medio;615;1196;495;30;78;32;9;213;no;si
67;hombre;2;secundaria;urbana;premium;734;113;474;19;91;70;10;369;no;si
70;mujer;3;educacion superior;urbana;basico;937;1708;274;34;274;20;9;147;no;si
75;hombre;5;secundaria;urbana;premium;163;1987;364;17;138;56;4;377;no;si
37;hombre;5;secundaria;urbana;medio;102;1370;711;2;26;64;3;298;si;no
27;otro;2;secundaria;rural;premium;352;1511;462;52;211;61;10;62;no;si
76;otro;4;educacion superior;urbana;premium;593;1975;526;17;65;32;3;178;no;si
28;otro;3;secundaria;rural;basico;791;467;1001;35;192;17;6;181;no;si
40;otro;2;educacion superior;urbana;basico;328;1221;691;1;60;75;8;479;no;no
23;mujer;2;primaria;rural;premium;639;1469;6;38;156;114;6;287;no;no
16;mujer;5;primaria;rural;medio;78;862;30;18;289;117;8;329;no;si
36;mujer;5;secundaria;urbana;medio;511;549;1345;27;188;47;10;102;no;si
69;otro;6;educacion superior;urbana;medio;38;449;432;10;203;90;5;14;si;no
36;otro;2;primaria;urbana;medio;651;1337;539;21;299;97;5;420;si;no
48;hombre;3;primaria;urbana;basico;317;1988;1231;10;128;112;6;369;si;no
65;mujer;4;educacion superior;urbana;premium;105;950;1225;34;131;120;3;230;no;si
57;otro;5;primaria;rural;premium;978;163;1033;52;173;30;8;145;no;si
34;mujer;5;secundaria;urbana;basico;223;868;1260;42;300;18;7;187;no;no
36;hombre;6;primaria;rural;basico;938;1134;817;14;84;7;3;433;no;no
29;hombre;5;secundaria;urbana;basico;144;718;523;56;258;43;3;423;no;si
34;hombre;2;educacion superior;urbana;premium;567;1953;67;41;72;20;5;231;no;si
76;mujer;1;primaria;rural;premium;837;653;1457;38;277;85;5;331;no;si
21;mujer;4;educacion superior;rural;premium;221;1003;1467;32;270;92;7;493;no;no
36;otro;5;primaria;rural;basico;607;768;162;19;298;93;0;306;no;no
39;mujer;5;primaria;rural;premium;885;1597;853;3;9;49;1;453;si;no
74;hombre;5;educacion superior;urbana;premium;165;266;306;25;296;58;10;137;no;no
26;mujer;5;secundaria;urbana;medio;451;395;135;35;98;21;5;64;no;si
17;otro;2;educacion superior;urbana;basico;160;1739;576;9;244;55;6;101;no;no
46;hombre;3;primaria;rural;medio;871;1905;1086;18;135;103;4;134;no;si
50;hombre;5;primaria;rural;basico;614;1945;789;60;137;63;7;144;no;si
63;otro;5;educacion superior;rural;basico;125;11;491;27;217;2;5;319;no;si
64;hombre;3;primaria;rural;premium;261;1172;1086;43;43;90;9;173;si;no
28;otro;6;primaria;urbana;medio;466;607;1078;37;50;84;5;498;no;si
78;mujer;3;primaria;urbana;premium;356;192;794;29;168;115;10;255;no;no
38;otro;2;primaria;rural;medio;217;957;1228;14;265;5;1;73;no;no
72;mujer;1;secundaria;urbana;basico;629;1229;564;49;52;17;10;175;si;no
59;otro;5;primaria;urbana;medio;925;417;1082;21;230;108;5;239;no;si
22;mujer;5;secundaria;urbana;basico;720;1641;690;28;127;34;8;7;si;no
21;hombre;5;secundaria;rural;basico;792;11;1159;56;149;67;0;299;si;no
80;mujer;2;educacion superior;urbana;medio;768;830;711;28;125;14;1;417;no;no
21;otro;4;primaria;rural;premium;435;679;541;56;284;97;1;104;no;no
34;mujer;2;educacion superior;urbana;basico;200;1847;996;49;62;49;8;182;no;si
32;hombre;4;primaria;urbana;premium;943;1900;745;5;25;10;3;471;si;no
55;hombre;4;educacion superior;rural;premium;749;1708;667;14;267;69;2;80;si;no
19;otro;4;primaria;urbana;medio;71;1142;479;52;267;71;9;101;no;si
73;mujer;2;educacion superior;urbana;medio;452;564;924;41;176;57;6;387;no;si
40;otro;2;educacion superior;urbana;basico;240;1941;826;54;265;32;7;93;no;si
58;hombre;5;secundaria;rural;basico;992;461;527;31;44;91;3;172;si;no
45;hombre;3;educacion superior;rural;medio;571;1639;731;31;196;92;4;141;si;no
49;mujer;1;educacion superior;urbana;basico;679;1753;90;60;141;120;4;57;no;si
67;hombre;1;educacion superior;urbana;premium;954;556;168;57;51;36;7;352;no;si
27;otro;4;primaria;urbana;basico;792;1805;386;28;178;62;5;315;no;no
80;hombre;5;educacion superior;urbana;basico;753;562;767;45;156;27;10;305;no;si
62;otro;6;primaria;urbana;basico;37;316;1007;18;140;84;8;143;no;si
67;mujer;2;secundaria;urbana;basico;480;1797;1459;52;158;91;0;346;si;no
16;otro;4;primaria;urbana;premium;891;77;256;5;134;8;3;124;no;no
73;mujer;1;secundaria;urbana;basico;282;1036;253;36;243;48;6;3;no;no
45;mujer;4;educacion superior;rural;medio;591;1153;983;19;115;35;7;121;no;si
68;otro;6;primaria;rural;basico;567;552;662;49;139;57;10;349;no;no
46;hombre;3;secundaria;urbana;medio;433;86;1426;19;88;103;0;227;si;no
50;hombre;3;secundaria;urbana;medio;411;622;1020;44;89;89;3;144;no;si
23;mujer;6;secundaria;rural;basico;374;1927;1451;23;174;68;8;241;no;si
71;hombre;5;primaria;rural;premium;683;1363;1202;43;74;42;4;242;no;no
80;mujer;2;secundaria;urbana;medio;448;1200;343;51;227;95;9;74;no;si
69;hombre;3;educacion superior;urbana;medio;747;1363;757;32;204;100;2;266;no;no
29;mujer;3;primaria;rural;premium;539;714;721;26;232;54;10;400;no;si
20;hombre;5;primaria;rural;medio;492;785;975;45;287;39;0;427;si;no
30;hombre;5;primaria;rural;medio;276;61;62;51;108;49;4;415;no;no
25;otro;3;secundaria;urbana;medio;219;1062;397;26;165;30;3;454;no;si
45;hombre;4;primaria;urbana;premium;408;922;1054;17;74;53;10;405;no;no
31;mujer;4;secundaria;urbana;medio;486;1813;117;57;210;42;7;484;no;si
74;hombre;3;secundaria;urbana;medio;63;1518;437;20;265;1;4;491;no;si
65;mujer;6;primaria;rural;medio;409;1810;328;33;108;38;4;60;no;si
73;mujer;5;secundaria;rural;premium;740;866;778;17;166;103;5;490;no;si
43;otro;6;educacion superior;urbana;basico;346;460;849;25;142;75;5;492;si;no
27;otro;2;primaria;rural;basico;406;541;282;43;241;105;9;426;si;no
41;hombre;2;secundaria;rural;medio;932;392;284;45;75;9;3;250;no;si
77;mujer;4;primaria;urbana;premium;679;237;322;48;245;91;8;293;no;si
51;mujer;6;educacion superior;rural;premium;186;632;138;56;204;118;8;451;no;no
69;hombre;5;educacion superior;urbana;medio;901;659;1019;10;263;58;0;100;si;no
16;otro;3;primaria;rural;medio;447;1772;1024;48;269;98;0;459;no;no
33;mujer;3;primaria;rural;premium;519;569;799;24;62;91;6;170;no;si
41;mujer;5;primaria;rural;basico;932;841;502;53;284;34;5;171;no;si
35;otro;5;secundaria;urbana;medio;270;130;482;49;127;29;10;281;no;si
60;hombre;6;primaria;rural;premium;353;1843;1407;6;35;62;9;467;no;no
27;otro;4;secundaria;urbana;basico;991;1393;1120;48;175;4;0;269;si;no
65;hombre;2;secundaria;urbana;basico;947;665;1086;51;75;113;3;74;no;si
78;mujer;4;educacion superior;urbana;premium;636;1523;266;51;246;68;5;102;si;no
29;otro;1;secundaria;urbana;premium;233;814;573;28;74;53;10;132;no;si
71;otro;6;educacion superior;urbana;basico;279;1264;386;59;188;30;10;126;si;no
66;mujer;3;secundaria;urbana;premium;479;1443;667;55;106;64;7;292;no;no
65;hombre;3;secundaria;rural;basico;760;863;1040;19;60;10;9;438;no;si
32;hombre;6;primaria;rural;medio;800;1739;883;43;160;113;10;206;no;no
21;otro;6;secundaria;rural;medio;996;1477;44;55;203;109;5;256;no;si
58;mujer;5;educacion superior;urbana;medio;598;1881;1318;59;33;52;0;433;no;no
48;hombre;5;educacion superior;urbana;premium;13;494;1430;37;145;86;6;250;no;si
50;hombre;6;secundaria;rural;basico;15;624;813;13;39;17;8;499;no;no
28;hombre;6;educacion superior;rural;premium;880;1005;0;48;279;43;8;163;si;no
44;mujer;3;secundaria;rural;basico;380;1142;224;48;146;24;4;174;si;no
60;hombre;5;primaria;rural;medio;816;1258;407;31;250;107;4;450;no;si
61;hombre;5;educacion superior;rural;premium;517;470;680;46;131;21;5;85;no;si
21;otro;3;secundaria;urbana;basico;996;1562;844;21;153;97;10;278;no;si
37;mujer;2;educacion superior;urbana;basico;420;1383;177;12;58;15;0;196;no;no
69;mujer;6;secundaria;rural;premium;698;1805;633;20;165;7;3;461;si;no
23;mujer;3;primaria;urbana;medio;997;1432;92;34;262;27;5;100;no;si
66;otro;5;educacion superior;rural;premium;950;726;1452;40;91;108;7;335;no;si
56;mujer;5;primaria;urbana;basico;672;1298;1069;40;198;94;8;250;si;no
65;mujer;4;secundaria;rural;premium;445;1389;1491;39;280;87;6;189;no;si
38;otro;4;educacion superior;rural;medio;925;789;1479;15;212;113;10;445;no;si
43;otro;5;secundaria;urbana;premium;129;617;160;27;56;20;7;357;si;no
39;otro;6;secundaria;urbana;premium;187;694;547;51;145;108;6;385;no;si
51;hombre;5;primaria;rural;premium;534;1247;417;56;177;66;7;179;no;si
34;hombre;5;educacion superior;rural;medio;564;30;90;19;210;97;9;251;no;si
48;mujer;2;secundaria;urbana;premium;523;1308;680;31;207;96;5;99;no;no
48;otro;2;secundaria;rural;basico;610;1629;839;35;243;56;4;117;no;no
55;otro;3;educacion superior;urbana;premium;431;1862;414;28;31;113;2;448;si;no
24;hombre;1;educacion superior;rural;basico;514;362;288;17;265;87;3;411;no;no
51;otro;6;primaria;rural;medio;85;229;654;33;178;30;9;176;no;si
37;otro;5;primaria;rural;medio;226;377;621;14;202;81;2;131;si;no
47;hombre;5;secundaria;urbana;premium;454;1207;725;18;199;71;10;492;no;si
64;hombre;2;educacion superior;rural;premium;934;1172;853;55;163;79;8;124;no;si
78;hombre;4;primaria;rural;medio;761;605;304;50;182;57;7;103;no;si
36;mujer;5;educacion superior;urbana;medio;915;1485;1365;15;118;72;5;440;no;si
21;mujer;1;secundaria;urbana;medio;967;835;319;19;78;45;6;127;no;si
45;mujer;1;educacion superior;rural;basico;708;142;657;60;296;15;7;31;si;no
68;otro;2;primaria;urbana;basico;349;572;1016;40;203;99;6;232;no;si
56;otro;5;primaria;urbana;medio;183;190;1194;19;3;17;10;127;no;no
36;mujer;1;primaria;rural;premium;989;207;710;39;200;68;6;321;no;si
66;mujer;1;secundaria;rural;premium;342;1959;364;14;35;15;3;422;no;no
58;otro;2;secundaria;rural;premium;801;1609;220;11;52;115;4;319;no;no
28;hombre;2;educacion superior;rural;medio;472;769;1047;52;172;55;8;136;no;si
52;otro;1;educacion superior;rural;basico;915;1963;1160;3;242;103;3;4;no;no
26;otro;5;primaria;urbana;basico;331;1796;477;28;179;84;0;120;si;no
47;mujer;4;secundaria;urbana;medio;506;280;330;33;254;39;5;153;no;si
29;otro;2;primaria;rural;basico;130;1859;21;7;282;98;4;214;si;no
47;mujer;1;secundaria;rural;basico;134;1699;892;14;157;9;5;85;si;no
18;mujer;4;educacion superior;urbana;basico;987;640;819;50;63;12;7;428;no;si
73;hombre;5;educacion superior;urbana;premium;552;1788;1088;48;56;97;6;70;si;no
71;mujer;5;primaria;rural;premium;285;392;372;51;125;118;10;472;no;si
48;hombre;2;secundaria;urbana;premium;251;10;51;22;84;52;7;312;no;si
33;hombre;3;primaria;rural;basico;120;310;821;36;167;48;8;368;si;no
40;mujer;4;secundaria;rural;premium;382;1474;649;54;122;112;6;254;no;si
29;hombre;1;educacion superior;urbana;medio;483;1220;502;58;82;61;3;357;no;si
72;mujer;1;primaria;rural;medio;670;1353;1205;49;115;83;6;180;no;si
20;otro;6;secundaria;urbana;premium;298;1200;11;32;168;97;5;342;no;si
46;mujer;4;primaria;rural;medio;8;1027;1249;54;53;48;5;385;no;si
51;mujer;5;secundaria;rural;basico;987;1449;33;43;201;15;4;257;no;si
80;otro;2;secundaria;rural;premium;989;494;982;22;24;6;9;313;no;no
70;hombre;3;secundaria;rural;medio;618;1782;261;40;175;49;9;460;no;si
29;mujer;6;secundaria;rural;premium;907;1844;813;9;183;29;0;149;si;no
47;mujer;5;primaria;rural;premium;325;1081;600;36;126;64;8;494;no;si
46;mujer;4;secundaria;rural;premium;483;1833;685;33;230;85;6;205;no;no
72;otro;2;educacion superior;urbana;basico;416;1431;1410;36;94;87;3;492;no;si
57;mujer;5;educacion superior;urbana;premium;5;1251;279;33;287;103;9;252;no;si
19;mujer;3;educacion superior;urbana;basico;6;1766;788;22;177;95;10;317;no;si
21;hombre;3;secundaria;rural;premium;68;550;463;50;255;14;9;142;no;si
35;mujer;1;secundaria;urbana;medio;872;1037;1140;39;68;10;2;4;si;no
16;mujer;4;secundaria;urbana;basico;100;11;959;29;164;58;3;251;no;si
23;mujer;2;educacion superior;urbana;premium;282;473;1204;30;262;41;2;268;si;no
21;mujer;1;secundaria;rural;medio;169;205;442;51;231;115;8;210;no;si
29;mujer;6;secundaria;urbana;medio;519;1385;255;48;147;101;10;377;no;si
79;otro;1;secundaria;urbana;basico;819;1049;1139;44;67;3;7;126;no;si
52;mujer;6;primaria;rural;medio;770;78;1014;1;198;23;1;368;si;no
38;otro;6;secundaria;rural;basico;202;1115;1250;39;259;30;10;419;no;si
20;hombre;3;educacion superior;urbana;premium;579;1823;57;48;18;97;0;91;si;no
46;mujer;3;secundaria;urbana;basico;582;548;1360;22;111;56;0;490;si;no
23;hombre;4;educacion superior;urbana;medio;231;124;856;38;152;101;6;81;no;si
48;mujer;3;secundaria;rural;premium;989;401;245;32;154;43;6;409;no;si
48;hombre;1;secundaria;urbana;basico;704;1828;1009;43;270;39;3;282;no;no
69;mujer;2;primaria;rural;basico;609;798;218;45;107;42;2;381;no;no
36;mujer;5;educacion superior;rural;premium;285;161;153;30;236;10;6;421;no;si
38;mujer;1;educacion superior;urbana;premium;89;1888;1218;43;226;20;3;57;no;si
65;otro;4;educacion superior;urbana;medio;61;341;286;4;0;56;1;18;no;no
60;mujer;6;primaria;urbana;basico;236;964;1235;34;261;39;3;171;no;si
80;otro;1;primaria;urbana;basico;85;778;871;44;152;50;9;426;no;si
44;otro;1;secundaria;urbana;medio;237;1106;631;24;236;71;10;239;no;no
68;otro;1;secundaria;urbana;premium;536;1606;730;42;226;36;4;169;no;no
30;mujer;3;educacion superior;urbana;premium;472;1973;1352;38;110;4;10;181;no;no
73;mujer;6;primaria;urbana;premium;257;526;607;49;295;67;4;499;no;si
73;otro;2;educacion superior;rural;premium;664;1297;1372;23;54;59;10;384;no;si
37;otro;5;primaria;rural;premium;91;386;1154;1;236;99;4;190;no;no
40;otro;3;primaria;rural;premium;444;1598;205;50;14;70;5;289;no;no
74;hombre;1;primaria;urbana;medio;229;1007;504;24;157;14;6;251;no;si
32;otro;2;primaria;rural;medio;533;1201;719;44;126;31;4;82;no;no
75;mujer;3;educacion superior;rural;premium;910;1618;1066;12;244;102;1;91;no;no
40;otro;1;primaria;urbana;basico;830;317;493;48;179;12;10;187;no;no
80;mujer;3;secundaria;urbana;medio;605;754;99;25;30;82;8;256;no;no
68;mujer;6;educacion superior;urbana;premium;690;69;543;50;98;49;4;324;no;si
62;mujer;2;primaria;rural;premium;171;1467;489;18;194;80;9;144;no;no
52;hombre;2;educacion superior;urbana;medio;449;1386;37;33;96;8;9;139;no;si
62;mujer;4;primaria;urbana;medio;589;79;1349;28;85;95;10;274;no;si
72;mujer;3;educacion superior;urbana;medio;107;1807;536;30;274;72;2;80;si;no
62;mujer;3;primaria;rural;medio;10;1856;170;15;191;91;8;449;no;no
24;hombre;5;educacion superior;rural;premium;410;963;1474;25;112;87;4;147;no;si
47;hombre;2;primaria;urbana;basico;438;680;877;41;224;113;5;11;no;no
70;mujer;6;primaria;rural;medio;331;531;1025;23;95;86;3;495;no;si
73;otro;4;primaria;urbana;premium;321;1683;1380;21;289;72;5;183;no;si
22;hombre;1;primaria;urbana;basico;564;295;913;23;46;117;6;281;no;no
16;otro;5;secundaria;rural;premium;882;1986;1068;28;228;77;7;495;no;si
39;mujer;1;primaria;urbana;basico;434;599;306;36;132;110;6;91;si;no
17;mujer;3;secundaria;rural;medio;901;645;650;59;207;28;2;143;si;no
71;hombre;6;secundaria;rural;medio;447;1799;1130;32;83;61;10;259;no;no
75;mujer;3;secundaria;urbana;premium;314;1465;997;41;272;61;8;179;si;no
36;mujer;2;secundaria;urbana;medio;175;1951;521;4;35;82;8;449;no;no
39;mujer;2;secundaria;urbana;basico;482;1953;1118;28;126;3;0;240;si;no
46;hombre;1;educacion superior;rural;medio;612;389;1488;1;287;16;2;292;si;no
67;mujer;1;secundaria;rural;premium;911;1706;162;3;122;62;8;59;si;no
63;mujer;5;primaria;rural;medio;529;1796;119;44;18;29;4;468;si;no
78;otro;2;educacion superior;rural;basico;60;1370;1404;55;146;104;0;433;no;no
68;otro;2;secundaria;urbana;premium;887;1117;1195;6;145;87;9;208;si;no
47;mujer;6;secundaria;urbana;basico;224;148;382;31;132;18;6;295;no;si
58;otro;3;secundaria;urbana;medio;608;1425;1207;39;197;8;9;101;no;si
70;mujer;2;primaria;rural;premium;944;1755;1136;25;113;70;8;210;si;no
43;otro;5;primaria;rural;basico;782;843;744;38;293;33;9;486;no;no
34;hombre;1;primaria;rural;medio;524;1090;537;35;232;59;7;420;no;si
54;otro;3;educacion superior;urbana;premium;881;1112;1236;56;170;5;8;390;no;si
20;mujer;1;primaria;urbana;basico;854;256;134;29;199;51;10;149;no;si
21;otro;1;primaria;urbana;basico;833;1808;217;28;1;66;5;189;si;no
30;hombre;6;primaria;rural;medio;205;811;1209;33;291;88;6;421;no;si
37;otro;2;primaria;rural;medio;434;1918;277;18;237;4;5;212;no;si
61;otro;3;primaria;urbana;basico;797;717;711;55;95;63;5;24;no;no
58;otro;1;secundaria;rural;medio;811;1028;594;10;54;80;10;404;si;no
44;hombre;3;primaria;rural;medio;816;1485;684;26;69;27;7;335;no;si
41;hombre;3;educacion superior;urbana;premium;758;450;474;40;62;50;5;178;no;no
68;otro;2;secundaria;rural;medio;869;1938;1308;34;51;12;4;266;si;no
51;mujer;1;educacion superior;rural;premium;91;396;499;16;201;106;6;323;no;si
74;otro;5;secundaria;rural;premium;853;214;1163;20;105;119;0;116;no;no
75;otro;2;primaria;rural;premium;371;1045;484;35;108;24;4;314;no;si
51;mujer;5;educacion superior;urbana;basico;359;1427;186;34;204;87;10;167;no;si
16;hombre;2;primaria;rural;medio;789;300;1390;25;225;41;6;448;no;si
18;otro;6;secundaria;urbana;basico;29;1452;1452;15;153;34;0;240;no;no
53;hombre;2;secundaria;rural;basico;865;1413;691;54;107;119;10;190;no;si
27;hombre;5;secundaria;urbana;medio;337;867;602;23;35;11;5;377;no;no
17;otro;4;primaria;rural;medio;302;1610;128;39;217;10;4;317;no;si
50;otro;6;educacion superior;rural;medio;322;1150;28;55;153;78;4;392;no;si
45;otro;2;educacion superior;rural;basico;125;1001;48;22;127;46;2;106;si;no
41;mujer;4;primaria;urbana;basico;274;1239;176;21;130;51;0;205;si;no
76;otro;5;secundaria;rural;premium;505;240;199;33;61;78;6;73;no;si
80;otro;6;secundaria;rural;basico;827;37;1350;0;70;90;0;386;no;no
63;otro;3;educacion superior;urbana;medio;142;1710;147;41;225;68;10;446;si;no
65;otro;6;secundaria;urbana;premium;269;1596;603;30;160;19;6;415;no;si
74;otro;4;primaria;rural;premium;760;1263;1099;28;259;82;0;281;si;no
26;hombre;4;educacion superior;urbana;premium;463;991;909;43;60;69;9;304;no;no
57;otro;3;educacion superior;urbana;basico;990;1151;462;32;137;74;8;260;si;no
54;hombre;1;educacion superior;rural;basico;667;962;1001;33;254;65;4;337;no;si
25;mujer;5;educacion superior;urbana;premium;519;495;79;24;266;76;6;322;no;si
29;otro;5;educacion superior;urbana;medio;267;1542;250;45;112;101;0;259;si;no
22;hombre;4;educacion superior;rural;premium;996;1812;90;28;156;51;3;331;no;si
17;hombre;1;primaria;urbana;premium;527;1994;678;50;286;17;4;302;si;no
41;hombre;6;secundaria;urbana;basico;972;776;782;29;147;17;5;250;no;no
28;hombre;2;secundaria;urbana;medio;527;1780;1170;12;114;45;5;6;si;no
72;hombre;2;primaria;urbana;medio;866;639;1106;39;68;20;4;68;no;si
17;mujer;6;secundaria;urbana;basico;346;188;71;27;234;71;3;245;no;si
16;hombre;6;educacion superior;urbana;premium;609;1195;1106;36;256;31;3;218;no;si
61;mujer;5;primaria;rural;basico;298;836;512;15;130;9;8;498;no;si
24;mujer;6;educacion superior;rural;basico;343;1498;423;27;133;93;10;83;no;si
51;otro;5;secundaria;rural;medio;361;39;984;57;229;4;3;121;no;si
66;mujer;4;educacion superior;rural;basico;806;1528;571;17;131;111;6;483;no;si
63;mujer;5;primaria;urbana;premium;882;177;57;46;76;18;1;45;no;no
73;mujer;5;primaria;urbana;basico;800;1581;680;51;125;15;8;488;no;no
65;otro;2;educacion superior;urbana;premium;239;550;1431;33;122;53;5;120;no;si
47;hombre;2;primaria;urbana;premium;173;368;1174;46;131;23;4;358;no;si
44;otro;2;primaria;rural;basico;572;1869;304;19;277;23;8;128;no;si
43;otro;1;primaria;rural;basico;449;572;996;9;63;54;6;269;no;no
73;otro;6;primaria;rural;basico;939;1785;1178;32;268;18;6;184;no;si
39;otro;6;secundaria;rural;basico;437;1735;986;59;238;111;8;143;no;si
57;hombre;1;primaria;urbana;medio;937;1840;1409;59;230;99;7;440;no;si
29;hombre;6;educacion superior;urbana;medio;743;1331;74;12;124;64;2;396;no;no
51;mujer;3;primaria;rural;medio;77;184;317;0;204;33;6;219;no;no
76;hombre;2;secundaria;rural;medio;65;1611;285;58;85;56;8;122;si;no
32;otro;1;primaria;rural;basico;677;1021;574;33;272;39;3;305;no;no
40;hombre;2;educacion superior;rural;premium;640;757;268;24;278;50;6;175;no;si
45;mujer;6;primaria;urbana;medio;765;524;983;12;100;111;7;201;si;no
17;hombre;4;secundaria;urbana;medio;157;1532;621;28;192;73;3;448;no;si
29;mujer;2;primaria;rural;basico;764;113;995;46;84;96;9;438;no;si
31;hombre;5;educacion superior;urbana;medio;112;1495;1438;30;216;45;2;76;no;no
38;hombre;2;primaria;rural;premium;401;89;990;47;227;72;5;292;no;no
36;mujer;3;primaria;urbana;premium;285;1250;633;33;129;51;9;265;no;si
29;hombre;3;educacion superior;urbana;medio;187;893;610;22;278;111;4;217;no;si
25;otro;3;secundaria;urbana;basico;894;1161;526;41;269;85;8;384;no;si
53;otro;3;primaria;urbana;medio;936;481;1113;8;157;58;3;367;si;no
53;otro;6;secundaria;rural;premium;986;1162;1220;42;261;100;1;487;no;no
42;hombre;3;secundaria;rural;premium;411;179;1221;48;138;18;10;156;no;si
72;hombre;6;primaria;rural;basico;807;1314;591;31;150;117;9;106;no;si
45;mujer;5;educacion superior;urbana;premium;297;913;1279;56;13;8;10;9;no;no
24;hombre;3;secundaria;urbana;medio;448;516;1432;21;257;35;7;286;no;si
72;otro;6;educacion superior;rural;medio;813;590;684;27;298;73;7;328;no;si
80;hombre;1;primaria;rural;basico;945;1503;806;24;98;43;6;66;no;si
26;otro;4;secundaria;urbana;basico;318;348;102;57;286;66;7;473;no;si
77;mujer;3;primaria;urbana;premium;196;564;1400;29;155;83;7;433;no;si
43;mujer;6;educacion superior;rural;premium;910;269;976;34;187;113;5;64;no;si
73;hombre;6;primaria;rural;premium;800;748;1356;21;166;42;5;301;no;si
34;hombre;4;educacion superior;rural;medio;496;597;1064;5;218;8;5;136;no;no
23;mujer;1;secundaria;urbana;medio;672;1354;55;33;71;110;9;481;si;no
54;mujer;6;educacion superior;rural;premium;899;865;462;55;61;81;3;404;si;no
48;otro;4;educacion superior;urbana;basico;899;95;55;20;57;27;7;463;no;si
38;otro;1;educacion superior;urbana;medio;687;1881;134;24;11;16;2;403;no;no
76;otro;3;educacion superior;urbana;premium;515;1287;651;21;164;92;5;162;no;si
27;hombre;1;educacion superior;rural;basico;263;514;1339;18;139;100;9;384;no;si
57;otro;3;educacion superior;rural;basico;444;1036;1230;18;75;33;10;147;no;si
47;mujer;3;educacion superior;rural;medio;406;1508;626;41;251;18;7;347;no;no
41;otro;4;secundaria;urbana;basico;379;364;139;13;14;69;5;326;no;no
62;hombre;3;educacion superior;urbana;premium;382;1845;20;15;56;110;3;237;no;si
46;otro;3;secundaria;urbana;premium;154;1119;198;22;180;49;5;375;no;si
46;otro;6;secundaria;urbana;premium;118;291;8;32;132;47;7;494;no;si
30;otro;5;primaria;rural;medio;51;1983;1237;47;293;55;4;128;no;si
48;otro;4;secundaria;urbana;premium;270;1575;1137;55;24;38;10;194;no;no
65;hombre;2;secundaria;rural;medio;527;1165;1046;31;269;81;5;256;no;si
25;hombre;2;primaria;rural;basico;89;1126;1382;53;58;5;10;246;no;si
70;mujer;2;primaria;rural;basico;68;1098;671;19;124;67;10;175;no;si
80;mujer;6;secundaria;urbana;medio;460;1826;1397;2;29;120;10;99;si;no
74;otro;6;secundaria;urbana;basico;653;732;612;20;132;41;3;414;no;si
77;mujer;3;educacion superior;urbana;premium;405;417;1370;32;241;63;10;255;no;si
69;mujer;6;secundaria;urbana;medio;877;1655;71;40;252;34;10;108;si;no
43;hombre;6;educacion superior;rural;medio;598;1896;832;39;29;111;2;322;no;no
66;hombre;6;primaria;urbana;basico;258;1496;1066;54;69;88;7;134;no;no
22;mujer;1;educacion superior;rural;medio;1000;1031;1163;41;156;100;8;349;si;no
26;otro;4;secundaria;rural;basico;220;1474;912;7;28;91;8;352;no;no
27;otro;6;primaria;rural;premium;500;1896;724;40;10;75;2;113;no;no
57;otro;5;primaria;rural;basico;511;952;1495;11;23;2;2;447;no;no
26;otro;2;secundaria;rural;premium;366;1119;794;53;251;52;2;165;no;no
53;hombre;4;educacion superior;rural;premium;427;1267;445;44;94;81;9;490;no;si
29;mujer;4;secundaria;urbana;medio;948;1801;789;3;18;30;9;34;si;no
55;hombre;2;primaria;urbana;premium;891;1999;580;12;17;58;2;490;no;no
79;otro;5;primaria;rural;premium;780;399;876;32;299;85;7;250;no;no
33;mujer;3;educacion superior;urbana;medio;719;1461;1424;27;99;84;3;343;no;si
28;otro;1;secundaria;urbana;medio;132;979;182;5;84;39;8;446;si;no
38;hombre;2;secundaria;urbana;basico;645;458;256;23;27;11;7;25;no;no
40;mujer;2;educacion superior;urbana;premium;7;1806;329;36;58;28;9;407;no;si
24;hombre;3;educacion superior;rural;premium;410;389;751;32;98;81;0;346;si;no
45;hombre;6;primaria;urbana;basico;676;392;749;45;261;19;9;103;no;si
67;mujer;2;educacion superior;urbana;medio;326;202;1003;32;204;56;9;112;no;si
72;mujer;1;secundaria;rural;medio;152;682;549;30;62;13;3;477;si;no
40;mujer;4;educacion superior;urbana;medio;606;1599;147;21;201;60;6;470;si;no
20;otro;5;primaria;rural;medio;263;230;1172;26;210;69;4;345;si;no
33;mujer;2;educacion superior;urbana;medio;375;614;961;54;42;2;1;69;no;no
77;hombre;3;educacion superior;rural;medio;795;497;341;42;263;97;2;207;no;no
52;otro;2;primaria;urbana;premium;960;211;605;49;292;47;0;363;si;no
80;otro;4;secundaria;rural;premium;640;1848;903;57;120;18;5;179;no;si
64;otro;5;primaria;urbana;medio;11;139;495;29;224;45;8;274;no;si
47;mujer;1;primaria;urbana;medio;854;1289;64;54;249;80;3;277;no;si
76;otro;1;secundaria;urbana;basico;800;307;523;24;83;80;9;185;no;si
43;mujer;6;secundaria;rural;premium;818;189;1438;32;273;96;8;320;no;si
18;otro;1;primaria;urbana;basico;342;602;679;44;242;83;6;81;si;no
65;otro;6;educacion superior;urbana;medio;231;140;259;17;172;33;7;78;no;si
16;mujer;1;educacion superior;rural;basico;102;1196;647;49;133;95;5;169;no;si
66;otro;4;primaria;urbana;premium;448;1391;566;36;227;83;8;55;no;si
19;otro;3;primaria;rural;medio;44;1007;608;48;88;33;8;212;no;si
61;mujer;2;primaria;rural;basico;329;1678;356;45;222;58;9;145;si;no
57;hombre;1;educacion superior;urbana;basico;943;413;358;53;190;79;6;380;no;si
58;otro;3;secundaria;rural;basico;202;940;593;40;236;20;9;114;no;si
58;hombre;6;educacion superior;urbana;premium;146;990;1330;22;119;83;7;364;no;si
54;hombre;4;secundaria;urbana;medio;72;1508;1122;27;300;13;5;194;si;no
42;mujer;5;secundaria;urbana;basico;89;780;990;47;163;102;4;207;no;si
64;mujer;3;educacion superior;urbana;basico;308;1776;129;49;162;16;4;498;no;si
54;mujer;3;primaria;rural;premium;572;1206;348;33;121;102;7;255;no;si
47;otro;4;primaria;urbana;basico;587;1198;388;29;114;83;10;386;no;si
69;hombre;3;educacion superior;rural;basico;893;135;634;48;159;14;8;75;no;si
17;otro;4;secundaria;rural;premium;901;599;830;19;79;42;5;107;no;si
51;mujer;1;educacion superior;urbana;premium;51;543;1281;50;151;7;10;364;no;si
31;hombre;6;secundaria;urbana;premium;261;817;1231;41;278;74;4;275;no;no
24;hombre;5;secundaria;urbana;basico;725;1412;420;22;71;93;6;36;no;no
79;hombre;6;primaria;urbana;medio;227;1668;103;15;172;15;3;408;si;no
34;hombre;5;primaria;rural;basico;752;1216;1352;22;153;113;5;153;no;si
67;hombre;4;primaria;urbana;premium;397;350;93;33;74;79;6;283;no;si
21;hombre;6;educacion superior;urbana;basico;521;1647;822;55;155;78;3;368;no;no
76;otro;2;primaria;rural;medio;920;1595;1374;39;173;105;6;337;no;si
73;hombre;4;primaria;urbana;basico;511;575;456;60;200;49;7;461;no;si
80;mujer;1;secundaria;rural;premium;445;1970;886;8;256;102;0;423;si;no
57;mujer;2;educacion superior;rural;premium;371;151;1283;16;245;36;7;382;si;no
62;otro;2;primaria;urbana;premium;828;15;1430;53;61;36;10;308;si;no
43;mujer;4;educacion superior;rural;basico;353;1400;679;40;218;63;6;500;no;si
46;mujer;2;educacion superior;rural;basico;914;1355;825;32;108;83;8;398;no;no
71;hombre;5;educacion superior;rural;basico;281;1595;1253;16;250;110;6;253;no;si
18;otro;6;educacion superior;rural;medio;206;1690;1195;58;176;102;6;270;si;no
73;hombre;4;primaria;rural;basico;323;882;508;28;14;113;4;445;si;no
19;mujer;6;secundaria;rural;medio;319;1061;901;54;157;101;8;298;no;si
35;otro;5;primaria;rural;basico;883;1519;415;37;135;116;9;436;no;si
74;otro;4;primaria;urbana;medio;236;1150;436;52;51;116;4;72;no;si
46;hombre;5;primaria;urbana;premium;750;316;594;1;113;83;9;312;si;no
64;otro;6;primaria;rural;premium;257;1626;83;18;2;65;5;358;si;no
20;mujer;6;primaria;rural;medio;332;382;935;32;155;12;1;389;no;no
44;otro;3;educacion superior;urbana;medio;455;1751;234;32;43;12;7;381;no;no
73;mujer;6;secundaria;rural;medio;224;381;173;22;207;24;3;232;no;si
60;mujer;1;secundaria;rural;basico;974;1129;1481;2;126;20;7;412;si;no
42;otro;5;educacion superior;urbana;medio;421;1368;1018;41;85;47;9;107;si;no
49;otro;1;primaria;urbana;medio;47;1908;1110;25;172;53;4;96;no;si
59;otro;4;secundaria;rural;basico;600;1546;941;29;60;15;5;185;no;si
72;hombre;6;educacion superior;urbana;medio;882;1857;520;52;57;53;9;315;si;no
20;otro;1;educacion superior;urbana;premium;483;887;606;22;218;73;10;43;si;no
35;mujer;2;primaria;rural;medio;513;1604;1166;31;86;114;10;68;no;si
25;otro;4;educacion superior;urbana;basico;198;715;1129;6;291;68;1;103;no;no
64;mujer;5;secundaria;rural;medio;403;1180;335;53;121;70;9;246;no;si
51;otro;3;educacion superior;rural;premium;137;544;131;38;246;47;7;385;no;si
39;hombre;1;secundaria;rural;basico;381;575;568;60;21;120;8;400;si;no
19;mujer;6;educacion superior;urbana;basico;493;1502;509;57;267;23;8;438;no;si
43;hombre;4;primaria;rural;basico;923;1851;1139;33;66;100;6;152;no;si
78;hombre;6;secundaria;urbana;basico;661;1007;227;60;133;14;8;248;no;si
29;hombre;5;educacion superior;rural;medio;604;1366;804;25;294;91;9;472;no;si
33;otro;5;primaria;rural;medio;733;68;102;33;101;117;0;20;si;no
63;mujer;2;primaria;rural;medio;829;1403;46;45;129;113;3;86;si;no
16;otro;3;secundaria;urbana;premium;29;1146;297;58;263;19;4;8;no;no
68;otro;1;secundaria;urbana;medio;279;1595;1152;57;131;56;3;60;no;si
69;mujer;4;secundaria;urbana;basico;35;204;1265;15;161;76;9;51;no;si
60;mujer;4;primaria;urbana;basico;697;1571;1023;17;135;19;7;204;no;si
16;otro;4;secundaria;rural;basico;793;757;330;36;299;17;3;57;no;si
58;otro;2;secundaria;rural;medio;376;1979;206;31;90;4;9;220;si;no
63;mujer;6;educacion superior;urbana;medio;979;562;515;24;65;100;3;486;no;si
44;hombre;2;educacion superior;urbana;premium;385;1689;621;22;292;3;3;67;no;si
67;mujer;2;primaria;rural;premium;159;1973;726;54;109;87;5;317;no;si
78;hombre;3;educacion superior;urbana;basico;987;46;285;9;160;92;9;371;no;no
77;hombre;2;secundaria;urbana;medio;169;1850;1250;18;141;79;1;52;no;no
28;otro;2;primaria;rural;basico;249;1020;1387;20;204;69;9;59;no;no
48;otro;5;primaria;urbana;premium;817;715;714;56;161;40;0;362;no;no
35;hombre;3;educacion superior;rural;medio;442;518;1372;56;176;107;3;109;no;si
60;otro;1;educacion superior;rural;premium;615;1632;125;51;220;30;10;342;no;si
29;mujer;2;primaria;urbana;basico;116;326;1384;9;81;107;9;62;no;no
46;mujer;5;secundaria;urbana;premium;801;1570;949;27;232;79;3;13;no;no
58;hombre;6;educacion superior;urbana;premium;867;1335;653;47;249;17;7;455;no;no
63;hombre;4;primaria;urbana;premium;46;1583;1436;31;50;110;0;417;si;no
33;hombre;2;educacion superior;urbana;basico;186;41;289;53;180;35;7;309;no;si
59;otro;3;educacion superior;rural;basico;35;193;1035;46;121;54;10;434;no;si
73;otro;3;educacion superior;urbana;medio;604;1402;1025;4;250;115;4;40;no;no
54;hombre;5;secundaria;urbana;medio;895;230;115;19;284;106;10;358;no;si
48;otro;2;primaria;rural;premium;92;491;109;39;131;103;1;448;no;no
34;mujer;3;secundaria;urbana;premium;150;144;646;38;228;19;5;249;no;si
25;hombre;4;educacion superior;urbana;medio;922;1022;366;55;71;50;6;288;no;si
31;hombre;3;primaria;rural;premium;962;891;1019;28;215;60;8;73;no;si
16;otro;5;secundaria;rural;premium;62;406;478;9;37;82;5;443;si;no
21;hombre;1;secundaria;rural;basico;436;777;739;59;51;99;8;138;si;no
79;otro;2;primaria;rural;basico;486;1225;459;35;209;101;10;75;no;si
43;mujer;6;secundaria;urbana;premium;462;410;896;7;196;100;9;425;no;no
19;otro;4;secundaria;rural;basico;446;1409;37;9;264;46;2;485;si;no
59;mujer;3;educacion superior;urbana;medio;294;1313;1084;30;195;34;8;397;si;no
57;mujer;5;primaria;urbana;premium;577;153;904;11;72;108;8;213;si;no
21;mujer;2;secundaria;urbana;medio;224;72;407;14;150;118;6;444;si;no
23;mujer;6;secundaria;rural;medio;322;1338;764;41;219;35;6;209;no;si
52;mujer;2;primaria;rural;medio;55;107;60;35;69;44;10;182;no;si
31;hombre;2;primaria;rural;medio;912;1558;364;55;229;27;10;402;si;no
76;mujer;6;secundaria;urbana;medio;477;557;987;45;124;85;5;216;no;no
35;mujer;3;educacion superior;urbana;medio;448;1988;1418;35;62;9;5;414;no;si
35;mujer;6;secundaria;urbana;medio;75;1799;1180;18;245;74;4;391;no;si
66;otro;4;secundaria;rural;premium;853;812;1082;29;275;72;4;97;no;no
64;otro;6;primaria;rural;medio;59;212;819;58;143;91;7;239;no;si
16;mujer;2;primaria;urbana;premium;278;1460;560;31;68;99;8;439;no;si
39;otro;1;primaria;urbana;basico;642;1696;1484;26;290;83;7;310;no;si
66;otro;4;secundaria;rural;premium;271;163;767;43;64;18;3;388;no;si
41;hombre;1;primaria;urbana;basico;382;1314;325;24;81;20;10;36;no;no
45;otro;6;educacion superior;urbana;medio;1;896;417;42;298;114;4;362;no;si
65;mujer;1;educacion superior;rural;premium;650;184;1289;44;239;55;3;397;no;si
53;mujer;2;primaria;urbana;medio;554;747;1133;2;25;105;9;12;no;no
63;otro;5;primaria;urbana;premium;121;1125;1012;14;214;24;6;398;si;no
78;hombre;6;secundaria;rural;premium;280;609;260;41;91;38;6;485;no;si
34;mujer;3;primaria;urbana;medio;688;1569;84;11;269;87;5;332;no;no
31;otro;5;educacion superior;rural;medio;1;1341;1327;15;121;96;10;409;si;no
66;hombre;1;secundaria;urbana;premium;550;1382;456;21;199;71;6;203;no;si
64;mujer;6;primaria;rural;medio;106;207;1338;41;97;59;2;185;no;no
34;hombre;1;primaria;rural;medio;236;1917;460;14;25;40;5;346;si;no
36;hombre;6;secundaria;urbana;basico;674;1450;573;26;248;71;6;187;no;si
45;hombre;3;primaria;urbana;premium;948;1377;1353;27;251;2;0;310;si;no
39;otro;1;secundaria;urbana;premium;969;1110;740;38;216;117;3;182;no;no
38;otro;2;secundaria;rural;basico;698;164;157;47;297;92;8;151;no;si
61;hombre;5;educacion superior;urbana;premium;505;1958;526;16;297;8;6;254;no;si
20;mujer;4;primaria;rural;basico;454;846;1481;30;287;3;2;482;no;no
72;otro;6;educacion superior;rural;medio;304;752;471;17;180;41;3;191;si;no
35;mujer;6;secundaria;urbana;medio;742;504;2;58;177;41;5;401;si;no
75;hombre;3;educacion superior;rural;medio;534;1267;672;25;73;55;5;271;no;si
16;hombre;1;secundaria;urbana;medio;516;1151;633;34;58;18;3;71;no;si
30;mujer;2;secundaria;urbana;basico;18;587;1390;53;200;92;5;358;no;si
41;hombre;4;secundaria;urbana;medio;259;1895;323;20;238;115;4;89;no;si
17;otro;4;primaria;urbana;medio;862;1564;692;22;283;77;7;228;no;si
42;hombre;5;educacion superior;urbana;basico;744;1361;539;56;90;62;5;176;si;no
62;mujer;2;secundaria;rural;medio;970;337;1056;48;58;72;3;249;no;si
36;otro;5;primaria;rural;premium;532;377;1205;57;109;67;3;225;no;no
44;mujer;4;primaria;rural;premium;487;1551;783;43;228;59;2;329;no;no
58;mujer;3;secundaria;rural;basico;843;592;162;14;274;68;9;471;no;no
63;otro;3;secundaria;rural;basico;211;613;1263;52;278;97;8;333;no;si
64;hombre;6;educacion superior;urbana;premium;701;1955;1172;11;213;65;0;1;si;no
58;mujer;3;secundaria;urbana;basico;699;1242;1199;43;242;1;5;281;no;si
80;otro;5;educacion superior;urbana;medio;368;1992;593;29;141;120;4;436;no;si
41;hombre;6;primaria;rural;basico;319;1889;1484;50;134;11;9;477;no;si
63;hombre;3;educacion superior;urbana;premium;563;539;35;42;222;50;4;23;si;no
77;otro;5;secundaria;urbana;medio;976;1424;1176;3;107;79;7;262;si;no
50;otro;3;secundaria;urbana;premium;589;856;818;42;195;58;8;269;no;si
38;mujer;6;secundaria;urbana;premium;761;592;189;27;83;51;4;486;no;si
74;hombre;2;educacion superior;rural;medio;297;1378;1411;18;109;55;5;412;no;si
53;otro;4;secundaria;rural;basico;943;1912;414;17;1;2;8;87;si;no
26;hombre;5;educacion superior;urbana;basico;824;87;126;12;95;54;8;184;no;no
40;mujer;3;primaria;rural;basico;169;516;536;57;269;67;4;162;no;si
72;otro;2;educacion superior;urbana;medio;752;1012;361;22;258;13;7;325;no;si
20;mujer;5;educacion superior;rural;medio;377;1275;1071;19;121;77;0;276;no;no
62;mujer;3;secundaria;rural;basico;360;1466;23;60;197;10;3;263;no;si
21;otro;1;primaria;rural;medio;733;816;420;58;103;9;8;169;no;si
63;otro;3;secundaria;rural;premium;899;297;1486;57;88;85;3;380;no;si
63;otro;2;educacion superior;urbana;medio;788;563;785;30;247;45;5;167;no;no
60;hombre;3;primaria;rural;basico;456;1527;1263;33;97;54;9;208;no;si
47;otro;1;secundaria;rural;medio;617;720;1075;24;98;58;8;259;si;no
70;hombre;3;secundaria;rural;basico;463;1274;720;5;241;70;2;227;no;no
22;hombre;6;educacion superior;rural;medio;733;1920;471;23;214;90;9;87;no;si
30;otro;5;secundaria;rural;basico;176;1785;151;26;55;43;8;456;no;no
19;otro;3;secundaria;rural;medio;453;697;1446;6;245;66;9;53;no;no
43;otro;4;secundaria;rural;medio;826;1741;743;49;175;49;6;381;no;si
66;mujer;6;educacion superior;rural;basico;498;228;383;32;189;44;9;153;no;si
17;hombre;2;primaria;urbana;medio;639;1602;781;41;115;27;9;334;si;no
45;otro;6;primaria;rural;basico;678;1354;666;50;137;29;4;387;no;si
19;otro;1;primaria;rural;basico;476;735;30;8;148;17;7;123;no;no
72;otro;4;primaria;urbana;basico;331;624;579;30;177;108;6;200;no;si
36;mujer;5;secundaria;rural;premium;369;928;1161;33;205;100;5;150;si;no
23;mujer;5;educacion superior;rural;basico;440;1477;555;36;65;28;6;188;no;si
16;otro;6;primaria;urbana;basico;483;550;497;46;214;34;5;247;no;no
65;hombre;2;primaria;urbana;basico;978;171;422;5;241;117;4;257;no;no
42;otro;5;secundaria;urbana;medio;762;313;1018;28;210;89;7;432;no;no
56;otro;3;secundaria;urbana;medio;201;29;1099;55;153;23;0;392;si;no
26;mujer;4;primaria;rural;medio;305;11;1015;51;103;73;7;282;no;si
69;otro;1;secundaria;urbana;medio;902;1728;1434;56;269;81;5;261;no;no
30;otro;2;primaria;rural;premium;810;978;1402;21;191;40;8;451;no;no
22;otro;3;primaria;rural;basico;168;1998;89;40;241;68;3;113;no;si
70;otro;1;primaria;rural;basico;270;470;38;37;158;85;4;351;no;no
22;hombre;3;secundaria;rural;medio;414;489;38;9;186;50;4;160;no;no
48;otro;5;secundaria;rural;premium;835;504;1473;22;104;106;4;181;no;si
31;otro;3;primaria;urbana;premium;910;327;1421;56;160;68;10;249;no;si
44;otro;5;primaria;rural;basico;578;996;1049;55;130;45;9;307;no;si
74;otro;4;educacion superior;urbana;basico;947;951;1474;0;233;67;10;168;si;no
43;hombre;5;secundaria;urbana;medio;443;103;1029;60;261;2;10;86;no;si
41;mujer;5;primaria;urbana;premium;86;1888;132;28;228;56;5;433;no;si
42;mujer;1;primaria;rural;basico;212;1525;330;60;73;49;2;360;no;no
46;otro;2;secundaria;rural;medio;867;449;1162;50;69;117;8;73;no;si
30;mujer;1;secundaria;urbana;basico;702;102;881;39;43;75;10;240;no;no
45;mujer;5;primaria;rural;basico;971;288;987;32;201;36;5;368;no;si
28;otro;3;primaria;rural;medio;584;1655;213;48;146;70;3;60;no;si
32;mujer;1;primaria;urbana;basico;834;536;881;14;251;103;5;250;no;no
45;hombre;2;secundaria;urbana;medio;215;161;283;60;287;63;8;447;no;si
79;otro;5;primaria;rural;medio;372;25;1252;51;32;106;0;354;no;no
19;otro;3;primaria;rural;medio;262;117;1395;55;121;85;6;493;no;si
71;hombre;6;educacion superior;urbana;premium;168;1621;1405;28;76;75;5;196;no;si
56;otro;2;primaria;urbana;premium;711;611;95;33;159;114;4;467;no;si
59;mujer;5;primaria;rural;medio;260;1068;801;45;210;7;2;316;si;no
29;mujer;4;primaria;rural;basico;653;615;492;45;42;16;8;135;no;no
27;mujer;5;primaria;rural;premium;190;390;1359;41;9;20;3;164;no;no
22;otro;4;primaria;rural;medio;549;14;494;42;69;69;2;299;si;no
59;otro;6;secundaria;rural;premium;832;697;1025;30;221;83;7;64;si;no
65;otro;2;primaria;urbana;medio;778;1107;1382;31;243;98;10;479;no;si
56;hombre;5;secundaria;urbana;basico;209;1665;777;55;190;49;4;121;no;si
20;otro;1;secundaria;rural;basico;790;1522;315;26;200;26;5;180;no;no
57;otro;5;secundaria;urbana;medio;2;1083;253;17;182;23;7;147;no;si
20;mujer;1;secundaria;urbana;basico;752;96;1072;60;297;26;10;304;no;si
46;mujer;1;educacion superior;urbana;premium;1000;1424;996;60;108;22;6;120;no;si
34;mujer;2;primaria;rural;medio;184;865;1384;53;297;17;7;202;no;no
73;mujer;5;primaria;urbana;medio;847;393;1360;30;61;46;0;213;si;no
26;otro;5;educacion superior;rural;basico;583;629;457;47;181;108;4;162;no;no
22;mujer;1;educacion superior;urbana;medio;473;1231;1238;59;266;33;5;444;no;si
18;mujer;1;secundaria;rural;basico;503;665;1190;44;166;21;9;327;no;si
34;mujer;1;educacion superior;rural;medio;351;1453;627;60;114;113;1;462;no;no
74;otro;1;educacion superior;rural;basico;297;924;845;23;202;47;6;392;no;si
76;mujer;1;primaria;rural;basico;567;1763;209;29;299;47;3;213;no;no
46;otro;2;primaria;rural;premium;183;1914;946;25;139;77;4;265;no;si
30;hombre;4;educacion superior;urbana;premium;223;1274;1467;55;179;45;7;203;si;no
48;hombre;5;primaria;urbana;basico;411;402;1014;42;193;46;2;221;no;no
30;mujer;1;educacion superior;urbana;basico;514;1874;864;16;245;36;5;448;no;no
53;otro;3;educacion superior;urbana;basico;531;1976;839;18;45;85;3;163;no;no
65;otro;4;educacion superior;urbana;basico;500;1673;197;39;159;22;2;387;no;no
36;mujer;1;educacion superior;rural;basico;696;1433;855;25;131;78;10;164;no;si
65;hombre;4;educacion superior;urbana;basico;531;1031;1418;34;195;44;8;460;no;si
56;hombre;4;educacion superior;rural;medio;610;735;405;0;296;92;1;374;no;no
49;hombre;3;primaria;urbana;basico;210;154;140;12;279;7;7;132;no;no
41;mujer;1;secundaria;rural;medio;382;1747;538;14;278;69;10;493;no;no
26;hombre;5;secundaria;rural;basico;142;722;114;25;156;8;5;437;no;no
20;otro;2;educacion superior;rural;premium;778;1239;217;39;48;9;10;287;si;no
24;otro;3;primaria;urbana;medio;987;1324;1174;36;227;84;0;488;no;no
58;hombre;5;secundaria;rural;medio;974;29;1342;27;183;119;4;268;no;no
70;otro;5;primaria;rural;premium;963;1003;1341;0;38;90;3;17;si;no
46;mujer;5;primaria;urbana;premium;93;1717;788;18;109;61;8;256;no;si
16;hombre;1;primaria;urbana;medio;746;1760;1150;17;148;101;9;445;si;no
43;mujer;6;educacion superior;urbana;medio;339;1840;721;23;51;47;4;446;no;si
75;hombre;2;secundaria;urbana;medio;429;1545;379;0;43;15;6;135;no;no
51;hombre;5;educacion superior;urbana;medio;497;428;1133;43;158;88;7;163;no;si
25;mujer;4;primaria;urbana;basico;66;1978;403;28;250;93;3;69;no;no
44;mujer;1;secundaria;urbana;premium;60;1304;1128;40;10;103;8;197;no;no
46;hombre;1;educacion superior;rural;basico;137;140;1400;20;129;59;5;292;no;si
78;otro;1;secundaria;rural;basico;173;1917;963;45;140;64;5;398;no;si
78;hombre;5;secundaria;rural;premium;996;1712;648;42;200;102;9;194;si;no
70;mujer;3;primaria;urbana;premium;22;1001;1077;40;242;47;10;417;no;si
43;mujer;6;secundaria;urbana;premium;280;1038;265;54;196;14;6;236;no;no
64;mujer;6;educacion superior;urbana;medio;83;655;686;37;58;90;5;425;no;si
16;otro;3;educacion superior;urbana;medio;166;633;1166;56;221;4;9;269;si;no
79;otro;2;primaria;rural;medio;763;771;1172;28;212;3;8;117;no;si
64;hombre;5;primaria;rural;basico;443;96;243;35;67;3;3;411;no;si
36;mujer;3;secundaria;urbana;premium;231;1837;34;25;244;90;3;449;no;si
56;otro;5;educacion superior;urbana;medio;536;161;446;33;84;41;5;329;no;si
30;otro;4;educacion superior;urbana;basico;173;876;126;31;253;56;1;391;si;no
56;otro;5;educacion superior;urbana;medio;437;1532;320;36;80;6;7;101;no;si
40;hombre;2;primaria;rural;basico;22;1404;702;37;99;103;10;34;si;no
80;mujer;4;educacion superior;rural;basico;299;436;215;4;223;84;1;173;no;no
44;otro;4;educacion superior;urbana;medio;945;527;1009;51;138;114;10;185;no;si
65;mujer;2;secundaria;urbana;premium;658;1697;172;15;106;33;9;498;no;si
51;otro;3;primaria;rural;basico;1000;485;1107;24;178;27;10;147;no;si
49;mujer;2;secundaria;rural;premium;629;1991;1085;20;186;75;10;91;no;no
79;hombre;4;secundaria;urbana;medio;77;1353;966;10;233;91;3;173;no;no
42;mujer;6;educacion superior;urbana;basico;462;973;1354;45;193;103;8;438;no;si
37;mujer;4;secundaria;rural;basico;449;1016;757;7;134;50;3;124;si;no
64;mujer;3;educacion superior;urbana;basico;107;1135;664;6;93;30;4;77;no;no
53;mujer;1;secundaria;urbana;medio;587;437;37;33;137;11;3;68;no;si
79;hombre;4;primaria;urbana;premium;10;1465;1211;42;74;104;5;351;no;no
41;hombre;2;educacion superior;urbana;premium;653;1217;646;43;8;32;3;215;no;no
42;hombre;4;primaria;rural;medio;75;511;1369;33;218;48;7;165;no;no
54;mujer;5;secundaria;urbana;basico;331;970;1116;39;194;73;2;208;no;no
79;hombre;5;educacion superior;rural;medio;869;302;835;38;274;21;4;429;no;si
60;mujer;6;educacion superior;rural;medio;14;275;970;37;203;1;9;146;no;si
27;otro;5;educacion superior;rural;medio;133;1096;1478;28;203;40;10;83;no;si
31;hombre;6;secundaria;urbana;medio;718;498;311;58;83;72;3;327;no;si
54;mujer;2;secundaria;rural;premium;175;203;1256;25;180;35;2;14;si;no
27;hombre;4;educacion superior;urbana;medio;945;1721;265;3;178;38;3;416;si;no
45;hombre;3;educacion superior;rural;basico;143;1087;1442;23;131;91;10;482;no;si
76;hombre;5;primaria;urbana;premium;993;892;838;1;99;10;10;309;si;no
28;hombre;3;secundaria;rural;medio;913;1646;632;8;282;120;7;7;si;no
34;hombre;5;secundaria;rural;medio;889;964;1055;32;256;104;6;322;no;no
30;otro;5;primaria;urbana;basico;356;1108;696;37;37;40;4;311;si;no
68;mujer;6;primaria;rural;premium;493;749;1049;49;209;66;9;478;no;si
68;otro;4;educacion superior;urbana;medio;729;1107;702;34;198;28;10;68;si;no
61;hombre;6;educacion superior;urbana;premium;898;1789;842;50;89;40;10;287;no;no
49;hombre;4;secundaria;rural;premium;138;496;959;26;73;53;7;104;no;si
48;hombre;4;educacion superior;rural;medio;578;1786;5;33;38;18;1;134;si;no
50;otro;1;primaria;urbana;basico;712;196;206;51;123;6;10;198;no;no
19;otro;2;primaria;rural;premium;173;76;363;32;201;21;0;453;no;no
26;hombre;3;educacion superior;rural;basico;324;783;1185;42;222;35;3;78;no;si
54;hombre;5;educacion superior;urbana;medio;188;1357;168;29;69;78;9;448;no;no
45;otro;3;secundaria;urbana;premium;779;50;825;52;89;9;4;42;si;no
76;hombre;6;educacion superior;rural;medio;281;207;1424;49;203;102;7;55;no;si
41;hombre;1;secundaria;rural;premium;740;1258;1384;29;220;115;7;175;no;si
45;otro;2;secundaria;urbana;medio;458;852;428;59;244;53;5;257;no;si
30;otro;2;educacion superior;rural;medio;544;265;323;33;48;107;3;61;si;no
34;hombre;6;secundaria;rural;premium;854;431;1067;8;49;29;10;482;no;no
67;hombre;4;educacion superior;urbana;basico;853;1871;982;44;131;92;10;392;no;no
77;otro;4;educacion superior;urbana;medio;909;1094;608;49;205;66;5;447;no;no
43;hombre;4;secundaria;urbana;premium;234;1863;381;51;125;80;7;380;no;si
41;otro;6;educacion superior;urbana;premium;373;251;1055;43;255;32;4;379;no;si
69;hombre;6;secundaria;rural;premium;892;51;1431;50;267;28;6;301;no;si
64;otro;3;secundaria;rural;medio;71;1410;230;43;285;38;5;227;no;si
28;hombre;5;educacion superior;rural;medio;106;55;1164;14;55;75;10;278;si;no
16;hombre;5;educacion superior;urbana;basico;635;1906;856;6;52;115;1;430;si;no
78;otro;2;secundaria;rural;basico;644;1643;677;0;13;89;7;258;no;no
31;hombre;3;primaria;rural;premium;425;1493;151;39;172;74;10;251;no;no
55;hombre;2;secundaria;rural;medio;162;28;655;2;102;38;2;300;si;no
32;hombre;4;educacion superior;urbana;premium;287;284;1053;47;132;109;9;485;no;si
22;hombre;5;educacion superior;urbana;basico;389;867;1363;58;66;56;5;228;no;si
42;hombre;3;educacion superior;urbana;basico;474;755;1027;19;117;119;6;371;no;si
59;mujer;1;secundaria;rural;premium;241;1463;1120;10;175;100;5;277;no;no
21;mujer;6;educacion superior;urbana;premium;826;583;995;56;183;26;4;140;no;si
43;hombre;5;primaria;rural;basico;307;1765;1152;57;128;18;7;333;no;si
57;mujer;2;primaria;rural;medio;304;824;542;22;242;24;4;240;no;si
17;mujer;1;secundaria;rural;basico;302;51;791;30;235;105;5;85;no;si
60;hombre;4;educacion superior;rural;basico;28;907;1351;46;188;72;4;278;no;no
72;hombre;6;secundaria;urbana;medio;522;1460;304;33;100;86;8;250;no;si
37;mujer;5;primaria;urbana;medio;673;729;998;2;61;42;5;73;si;no
79;hombre;1;primaria;rural;basico;927;1222;728;24;221;51;10;435;no;no
39;hombre;4;primaria;urbana;basico;118;1744;510;50;88;24;5;213;no;no
75;otro;2;secundaria;urbana;medio;300;1741;386;18;262;116;3;236;no;si
48;hombre;1;primaria;urbana;basico;646;1838;537;4;144;89;6;66;si;no
41;hombre;4;secundaria;rural;basico;475;1923;1356;17;168;7;10;135;no;si
35;hombre;2;secundaria;rural;basico;238;44;1043;29;290;39;7;151;no;si
29;otro;1;educacion superior;urbana;basico;438;1652;983;0;294;18;8;57;no;no
68;otro;4;educacion superior;rural;premium;347;994;387;32;128;26;4;143;no;si
45;hombre;1;secundaria;urbana;basico;844;205;833;57;134;87;1;499;no;no
80;otro;5;primaria;urbana;premium;951;614;525;57;285;39;7;393;no;si
35;otro;1;primaria;rural;basico;231;1675;1038;23;221;50;0;78;si;no
69;hombre;2;primaria;urbana;premium;683;1943;341;43;159;25;10;173;no;si
47;hombre;6;secundaria;urbana;basico;608;551;1187;38;52;57;6;454;si;no
60;hombre;2;educacion superior;urbana;medio;136;1568;778;33;220;18;8;405;no;si
57;mujer;5;educacion superior;urbana;basico;909;1356;434;30;205;20;7;85;no;no
79;hombre;6;educacion superior;rural;medio;63;1753;222;26;204;68;4;133;no;si
64;mujer;3;secundaria;urbana;premium;980;696;1487;46;62;113;10;259;si;no
75;hombre;4;secundaria;urbana;medio;54;510;1162;34;172;95;3;147;no;si
50;otro;4;primaria;rural;medio;580;1621;1359;17;220;108;3;231;no;si
17;otro;2;secundaria;rural;premium;195;1204;944;1;89;105;7;272;no;no
42;mujer;6;primaria;rural;medio;249;1039;509;21;227;33;6;425;no;no
29;otro;4;secundaria;rural;medio;357;1506;887;31;180;41;10;227;si;no
69;otro;3;secundaria;urbana;basico;942;310;305;54;211;58;4;340;no;si
56;otro;6;secundaria;urbana;basico;73;1803;1436;38;183;6;7;196;si;no
22;mujer;4;secundaria;urbana;basico;209;1507;342;13;41;114;10;474;si;no
36;mujer;1;secundaria;rural;medio;891;1975;118;35;218;32;8;280;no;si
75;otro;5;educacion superior;rural;medio;106;806;846;38;245;100;10;15;si;no
30;hombre;5;secundaria;urbana;basico;246;561;1452;33;124;66;9;131;no;si
21;otro;2;primaria;rural;medio;384;875;969;47;66;84;10;98;si;no
35;hombre;5;primaria;rural;medio;477;764;1398;57;248;44;6;265;no;si
17;mujer;6;secundaria;urbana;premium;383;582;1289;22;91;104;6;126;no;no
43;mujer;3;secundaria;urbana;premium;547;1649;1087;25;282;26;0;39;no;no
74;hombre;3;primaria;rural;premium;908;1350;383;23;176;97;7;50;si;no
37;mujer;2;educacion superior;rural;basico;724;1549;1495;52;127;90;7;265;no;si
48;mujer;3;secundaria;urbana;medio;460;221;1201;19;190;33;4;256;no;si
80;hombre;4;primaria;rural;premium;818;1190;164;58;227;56;3;427;no;si
80;mujer;2;secundaria;rural;basico;415;1502;365;30;79;85;10;341;no;si
72;otro;4;educacion superior;rural;premium;954;1017;935;42;136;15;4;142;si;no
51;otro;1;secundaria;rural;medio;825;565;602;27;297;96;5;20;no;no
57;otro;3;educacion superior;urbana;basico;102;1890;332;17;186;117;6;58;no;si
31;otro;2;secundaria;rural;premium;509;1470;1147;31;229;120;8;199;no;no
73;otro;5;educacion superior;urbana;premium;995;949;581;53;263;109;2;138;no;no
27;mujer;2;primaria;urbana;medio;938;1997;275;25;285;74;8;142;no;si
29;mujer;6;secundaria;urbana;premium;27;616;485;60;132;120;3;424;si;no
31;hombre;5;secundaria;rural;basico;704;145;427;44;242;39;0;150;si;no
37;otro;2;secundaria;urbana;premium;901;1503;339;39;283;21;2;29;no;no
77;otro;1;secundaria;rural;medio;452;1582;184;38;82;92;9;287;no;si
18;hombre;5;educacion superior;urbana;medio;616;900;624;21;210;109;0;173;no;no
37;otro;2;educacion superior;urbana;basico;249;315;890;58;72;97;3;379;no;si
66;otro;4;secundaria;urbana;medio;628;535;1479;31;139;33;9;471;no;si
63;hombre;1;primaria;rural;basico;582;1290;624;24;67;42;1;429;si;no
61;otro;1;primaria;urbana;medio;379;1281;335;6;180;36;0;30;si;no
46;otro;3;secundaria;rural;premium;763;893;178;58;61;17;7;49;no;no
47;hombre;4;secundaria;rural;basico;432;750;452;33;199;116;7;196;no;si
33;mujer;1;secundaria;rural;basico;485;765;974;49;158;118;10;490;no;si
39;otro;3;secundaria;urbana;medio;561;1473;705;32;129;11;6;268;no;no
49;mujer;2;primaria;urbana;premium;385;1614;204;17;210;98;8;467;no;si
56;mujer;4;primaria;rural;basico;678;395;1140;54;85;14;6;398;si;no
51;mujer;5;primaria;urbana;basico;836;1498;714;5;52;83;1;245;si;no
79;hombre;6;educacion superior;rural;basico;891;37;71;45;171;66;8;57;si;no
53;otro;2;secundaria;urbana;basico;562;833;340;57;90;19;10;0;no;no
78;otro;6;secundaria;urbana;basico;795;506;742;58;172;23;10;479;no;si
52;mujer;2;primaria;urbana;medio;843;1087;911;8;264;60;4;188;si;no
34;mujer;4;secundaria;rural;medio;742;670;1476;42;238;113;4;447;no;no
39;hombre;6;secundaria;rural;premium;400;59;220;31;128;100;10;317;no;si
76;mujer;1;secundaria;rural;premium;855;572;28;37;70;7;7;441;no;si
16;hombre;5;primaria;urbana;medio;342;762;507;42;89;40;4;90;no;no
33;hombre;4;secundaria;urbana;basico;76;609;887;38;75;89;9;324;no;si
69;otro;6;secundaria;urbana;medio;659;1992;369;50;176;32;5;245;no;si
55;hombre;1;primaria;rural;medio;640;1128;360;51;79;38;10;274;no;si
29;mujer;3;primaria;urbana;premium;761;1436;732;34;170;65;6;431;no;si
50;otro;4;educacion superior;rural;medio;186;959;575;29;287;83;7;87;no;si
80;hombre;4;primaria;rural;basico;436;1935;1348;16;99;62;3;85;no;si
50;hombre;2;primaria;rural;basico;267;427;444;37;114;11;10;250;no;si
39;mujer;4;educacion superior;rural;medio;180;1794;381;27;109;88;1;51;si;no
25;mujer;1;secundaria;urbana;medio;47;1025;963;59;227;14;6;323;no;si
36;hombre;1;educacion superior;urbana;medio;823;168;950;33;109;45;5;261;no;si
29;otro;1;primaria;rural;basico;414;1843;388;55;194;10;9;38;si;no
30;hombre;2;primaria;urbana;medio;127;1697;1135;10;267;88;3;124;no;no
64;mujer;1;educacion superior;rural;medio;739;564;316;39;224;32;5;258;no;si
31;otro;2;educacion superior;rural;basico;618;500;438;50;13;7;2;344;no;no
30;hombre;4;educacion superior;rural;premium;281;320;406;47;98;88;2;323;no;no
76;hombre;3;primaria;rural;premium;1;79;38;10;75;13;7;481;si;no
49;mujer;5;secundaria;urbana;premium;988;1723;424;40;269;7;4;306;no;si
50;otro;5;secundaria;urbana;medio;740;662;464;38;95;71;7;54;no;si
45;mujer;2;secundaria;rural;medio;834;508;888;37;185;70;2;78;si;no
79;otro;5;educacion superior;rural;medio;149;965;1319;39;255;29;5;440;si;no
16;hombre;3;primaria;rural;medio;522;399;1433;11;266;28;5;232;no;no
64;otro;2;educacion superior;rural;basico;888;1763;484;33;283;16;10;340;no;si
41;mujer;2;secundaria;rural;basico;375;256;810;19;180;71;4;183;no;si
17;otro;6;primaria;urbana;medio;208;1125;769;15;111;88;10;443;no;si
65;otro;2;educacion superior;urbana;basico;1;1252;1290;33;286;86;6;460;no;si
78;otro;6;secundaria;urbana;premium;495;607;196;59;259;31;3;376;si;no
30;otro;4;educacion superior;rural;premium;789;570;590;26;132;98;5;45;si;no
39;otro;6;primaria;rural;basico;599;11;543;31;88;38;5;457;no;no
22;hombre;5;secundaria;rural;medio;143;305;281;38;140;69;2;487;no;no
43;hombre;1;secundaria;urbana;medio;652;1012;1141;51;219;49;7;496;no;si
50;hombre;5;educacion superior;rural;premium;588;485;702;36;50;88;7;217;no;si
43;otro;5;secundaria;rural;premium;99;527;1338;23;277;80;10;237;no;no
69;mujer;2;secundaria;rural;premium;830;717;261;32;248;40;6;130;no;si
36;mujer;5;secundaria;rural;premium;499;26;121;55;102;46;6;357;si;no
54;mujer;4;primaria;urbana;basico;368;1751;1386;25;97;3;6;153;no;si
24;mujer;5;secundaria;urbana;medio;272;242;1167;39;229;70;4;95;no;si
17;otro;5;secundaria;rural;medio;818;582;1076;59;47;114;2;453;no;no
55;hombre;3;secundaria;rural;basico;255;565;1420;47;127;86;7;165;no;si
45;mujer;3;primaria;urbana;medio;64;1580;599;55;116;94;4;341;no;si
78;mujer;4;educacion superior;rural;medio;689;1290;1339;57;256;28;9;225;no;si
63;mujer;6;secundaria;urbana;medio;349;919;159;2;182;14;4;205;no;no
36;hombre;6;secundaria;rural;premium;545;1757;1296;50;75;87;9;111;no;si
65;mujer;3;secundaria;rural;basico;658;1563;162;30;223;54;6;328;no;si
38;hombre;5;educacion superior;urbana;premium;646;1626;617;45;291;33;10;123;no;si
25;mujer;2;educacion superior;urbana;medio;799;871;812;27;142;45;0;411;no;no
63;otro;6;secundaria;rural;basico;703;150;298;45;84;97;6;111;si;no
46;mujer;5;primaria;urbana;basico;244;249;872;51;243;62;5;183;no;no
34;mujer;3;educacion superior;urbana;premium;40;230;17;59;267;80;3;162;si;no
77;mujer;3;secundaria;urbana;basico;29;1764;1022;2;62;38;6;87;no;no
42;mujer;4;primaria;urbana;medio;453;278;616;15;278;79;5;342;si;no
37;mujer;5;primaria;urbana;basico;908;1878;1345;43;210;44;2;493;si;no
19;otro;4;educacion superior;urbana;medio;355;1289;369;34;152;32;9;258;no;si
73;otro;4;educacion superior;rural;basico;224;1326;933;38;153;108;5;274;si;no
51;otro;4;secundaria;rural;medio;271;1139;1494;30;163;35;7;195;no;si
22;mujer;5;primaria;rural;basico;505;272;129;20;66;112;3;127;no;si
71;otro;5;primaria;urbana;premium;168;1045;257;1;189;37;7;114;no;no
64;mujer;2;secundaria;urbana;basico;395;200;255;50;266;73;9;499;no;si
34;otro;2;primaria;rural;basico;464;1870;1005;21;47;61;0;32;no;no
25;otro;2;secundaria;rural;basico;127;1863;369;38;261;32;9;163;si;no
66;hombre;5;secundaria;urbana;basico;236;23;643;17;53;66;2;384;no;no
50;otro;6;educacion superior;urbana;basico;382;1161;1383;21;299;26;3;97;no;si
48;mujer;3;primaria;urbana;basico;523;590;422;9;4;34;9;0;no;no
72;otro;3;primaria;urbana;basico;97;1158;1320;20;152;14;7;58;si;no
68;otro;5;educacion superior;urbana;medio;94;1937;25;31;65;17;5;159;no;si
64;otro;4;primaria;urbana;medio;285;759;803;33;117;64;6;174;no;si
35;otro;2;secundaria;urbana;medio;36;1667;1344;27;74;43;7;96;no;si
48;hombre;1;primaria;urbana;basico;366;680;1145;32;176;104;7;497;no;si
45;mujer;6;primaria;rural;basico;363;1098;1163;20;267;75;2;79;si;no
75;otro;5;educacion superior;rural;premium;178;1240;1039;36;177;90;9;64;no;no
65;hombre;5;educacion superior;urbana;medio;886;1288;400;23;275;21;1;464;no;no
28;hombre;4;primaria;rural;basico;190;711;464;38;200;26;3;309;no;si
72;otro;3;secundaria;urbana;medio;249;805;645;3;175;54;6;227;si;no
32;hombre;4;educacion superior;rural;basico;114;1848;1492;51;79;73;2;165;si;no
17;hombre;6;secundaria;urbana;premium;742;961;959;22;149;62;6;495;no;no
51;mujer;1;educacion superior;urbana;basico;740;327;864;43;89;84;9;400;no;no
27;otro;2;primaria;urbana;medio;387;70;163;57;63;21;9;425;si;no
37;hombre;3;secundaria;rural;basico;598;439;45;52;68;20;7;319;no;si
43;otro;2;primaria;rural;premium;668;141;1451;57;282;72;8;327;no;si
26;mujer;4;primaria;urbana;medio;750;1979;282;49;269;20;3;205;no;si
26;mujer;6;educacion superior;urbana;medio;217;495;671;23;137;104;5;438;no;si
80;mujer;3;primaria;urbana;premium;932;302;216;4;250;102;2;427;si;no
25;otro;6;primaria;urbana;premium;503;1457;650;15;105;55;1;327;si;no
41;hombre;4;educacion superior;rural;premium;394;176;847;34;284;11;7;500;si;no
70;mujer;2;primaria;rural;medio;368;757;589;36;62;88;4;72;si;no
21;hombre;6;educacion superior;rural;medio;164;55;284;51;48;34;4;204;si;no
50;hombre;4;secundaria;rural;basico;190;700;620;22;46;12;0;37;no;no
73;otro;2;secundaria;rural;premium;285;451;708;36;193;117;4;249;no;si
66;mujer;6;secundaria;rural;premium;831;1274;250;34;237;46;4;264;no;si
20;hombre;2;secundaria;rural;medio;834;179;405;48;214;29;6;158;no;si
55;otro;5;secundaria;urbana;basico;107;1281;458;38;228;89;7;414;no;si
34;hombre;1;primaria;rural;premium;948;1126;851;18;89;118;3;85;no;si
75;otro;1;primaria;rural;premium;731;991;99;35;124;3;7;487;no;si
71;hombre;2;primaria;urbana;premium;170;1032;1449;56;215;50;6;475;no;si
35;mujer;3;secundaria;rural;medio;264;1417;717;53;107;120;4;354;si;no
45;hombre;3;educacion superior;rural;premium;343;1556;1037;16;259;10;6;239;no;si
59;otro;3;primaria;urbana;basico;522;442;32;0;100;58;7;266;no;no
58;hombre;5;secundaria;urbana;premium;686;603;682;25;142;23;8;309;no;si
56;hombre;2;secundaria;urbana;basico;697;579;195;33;242;11;7;424;no;si
17;otro;5;primaria;urbana;medio;128;937;1164;39;97;71;3;274;no;no
69;mujer;2;educacion superior;urbana;medio;480;1212;1438;51;208;89;7;423;no;no
24;otro;6;primaria;urbana;basico;309;128;1037;38;71;111;10;381;no;si
20;otro;3;educacion superior;urbana;basico;818;1493;625;52;168;116;9;496;no;si
72;hombre;5;primaria;urbana;premium;641;154;320;6;11;111;9;227;no;no
65;otro;6;primaria;urbana;basico;12;167;660;21;275;50;9;99;no;si
51;mujer;3;educacion superior;rural;premium;553;828;569;15;248;113;6;227;no;si
61;hombre;3;educacion superior;rural;basico;527;1695;693;29;54;88;6;242;si;no
16;mujer;4;educacion superior;urbana;premium;539;488;241;52;148;97;9;410;no;si
47;otro;6;educacion superior;rural;premium;817;1714;249;39;133;34;5;428;si;no
28;otro;3;educacion superior;rural;premium;805;1092;1173;15;100;25;5;293;no;si
33;hombre;6;secundaria;urbana;medio;621;653;1310;42;285;114;10;219;no;si
50;hombre;3;educacion superior;urbana;basico;412;1388;789;20;223;31;2;103;si;no
77;otro;5;secundaria;rural;basico;451;1492;236;50;140;43;4;268;si;no
70;otro;3;secundaria;urbana;medio;908;1270;988;22;139;32;8;355;no;no
26;mujer;3;secundaria;urbana;basico;68;1324;1169;54;140;72;7;86;si;no
58;otro;6;primaria;urbana;premium;394;723;867;36;57;24;1;14;no;no
29;mujer;5;primaria;urbana;basico;561;1829;473;59;147;58;8;150;si;no
64;otro;1;primaria;rural;premium;246;901;612;30;294;41;10;87;no;si
32;otro;4;primaria;rural;premium;636;756;209;21;134;7;5;235;si;no
61;hombre;6;secundaria;urbana;premium;112;1919;445;50;142;10;4;468;no;si
21;otro;2;educacion superior;rural;premium;605;105;648;46;143;55;3;117;si;no
32;otro;2;primaria;rural;medio;23;1930;98;18;266;81;10;384;no;si
59;hombre;4;educacion superior;rural;basico;370;1984;835;48;201;103;0;490;no;no
80;mujer;1;educacion superior;rural;basico;874;1860;805;49;52;4;5;466;no;no
59;hombre;3;primaria;urbana;premium;606;907;1178;28;150;63;4;268;si;no
61;hombre;6;educacion superior;urbana;basico;196;373;105;45;61;16;9;354;no;si
64;mujer;3;secundaria;rural;medio;950;1169;485;29;21;88;2;122;si;no
61;mujer;2;secundaria;rural;medio;850;72;1007;57;163;86;9;379;si;no
69;mujer;3;primaria;urbana;basico;252;59;1082;19;137;63;2;66;no;no
18;otro;2;educacion superior;rural;medio;547;1613;1053;30;240;79;9;280;no;si
21;hombre;2;educacion superior;urbana;medio;167;632;605;47;293;7;8;55;no;no
46;mujer;4;educacion superior;rural;medio;521;603;699;34;236;85;3;377;si;no
46;hombre;1;secundaria;rural;premium;274;39;307;51;15;119;2;242;si;no
26;mujer;1;primaria;rural;medio;658;593;307;3;36;44;4;254;no;no
43;mujer;2;primaria;rural;medio;202;1144;851;19;176;82;5;378;no;si
77;mujer;3;educacion superior;urbana;basico;246;1061;1402;60;235;102;6;201;no;si
42;mujer;5;secundaria;urbana;medio;719;1527;237;44;153;106;1;184;si;no
21;hombre;3;secundaria;rural;basico;869;1463;424;23;285;51;4;217;no;si
28;otro;1;educacion superior;rural;premium;818;1312;1251;46;233;26;4;375;no;si
60;hombre;4;educacion superior;rural;medio;391;226;145;10;266;112;2;200;si;no
69;mujer;2;educacion superior;urbana;premium;370;1772;319;40;195;20;7;197;no;si
21;otro;6;educacion superior;rural;basico;407;1846;682;54;144;45;5;231;no;si
67;hombre;2;secundaria;rural;basico;250;1625;1017;44;184;109;10;94;no;si
60;hombre;4;primaria;rural;premium;46;72;380;33;287;78;6;138;no;si
62;otro;3;primaria;rural;basico;361;1852;737;49;177;114;10;493;no;si
20;mujer;5;educacion superior;urbana;premium;364;1383;1349;19;87;53;8;367;no;si
77;hombre;6;secundaria;rural;medio;668;203;666;54;236;114;8;63;no;si
69;mujer;6;secundaria;rural;basico;36;947;1453;38;105;109;4;111;no;si
79;otro;3;secundaria;rural;basico;744;1593;684;52;65;111;7;193;no;si
73;otro;5;secundaria;urbana;medio;376;1831;742;52;141;70;4;57;no;no
38;mujer;2;primaria;rural;premium;16;1830;1423;27;151;4;4;101;si;no
73;otro;1;educacion superior;urbana;premium;48;1138;812;31;180;56;6;224;no;si
39;otro;5;primaria;urbana;basico;948;1138;1140;14;118;25;10;321;no;no
19;mujer;6;primaria;rural;premium;42;1740;1137;58;160;61;7;297;no;si
28;hombre;1;educacion superior;urbana;basico;979;1663;315;16;242;66;9;193;no;no
66;mujer;2;primaria;urbana;medio;346;599;1315;56;125;109;1;93;si;no
37;mujer;1;primaria;urbana;basico;540;1061;151;48;101;46;3;155;no;si
29;hombre;4;primaria;urbana;premium;910;1260;1277;54;28;98;0;404;no;no
40;mujer;3;educacion superior;rural;basico;745;31;902;39;68;25;5;430;no;si
47;otro;6;educacion superior;rural;medio;7;115;4;34;45;92;8;269;si;no
77;hombre;5;educacion superior;rural;medio;190;1896;315;47;157;51;6;157;no;si
19;hombre;5;educacion superior;rural;medio;618;770;382;19;58;34;9;497;no;si
64;mujer;2;educacion superior;urbana;medio;202;367;423;8;235;64;10;282;si;no
28;otro;6;educacion superior;urbana;basico;732;139;1161;8;85;51;0;294;si;no
45;otro;4;educacion superior;rural;medio;842;1519;666;22;76;52;4;499;no;si
32;hombre;3;educacion superior;urbana;premium;638;111;244;33;207;6;6;130;no;si
64;hombre;4;secundaria;rural;medio;567;1899;590;43;57;103;7;424;si;no
52;mujer;4;primaria;rural;medio;631;1559;1393;15;274;9;9;86;no;no
19;otro;3;secundaria;rural;premium;899;1312;355;44;211;110;2;87;si;no
30;hombre;2;educacion superior;urbana;premium;226;250;1085;18;278;7;8;439;no;si
77;hombre;1;educacion superior;urbana;basico;170;1164;521;58;0;34;9;128;si;no
63;otro;3;educacion superior;rural;premium;147;173;487;32;28;13;0;8;si;no
78;otro;2;primaria;rural;medio;72;1348;1103;25;115;20;3;471;si;no
72;hombre;3;primaria;urbana;medio;85;1476;344;56;222;77;5;491;no;no
73;otro;4;educacion superior;rural;basico;742;467;1213;47;74;87;7;65;no;si
66;mujer;2;secundaria;rural;medio;584;674;284;52;71;55;9;392;no;si
75;otro;4;educacion superior;urbana;premium;544;1684;214;59;281;118;10;466;si;no
64;mujer;6;primaria;urbana;premium;917;1889;1096;30;237;17;10;226;no;no
31;otro;4;educacion superior;rural;medio;268;583;1107;36;294;112;7;487;si;no
54;hombre;4;secundaria;urbana;premium;413;1251;505;20;151;19;10;191;no;si
47;otro;6;educacion superior;rural;basico;156;156;436;8;83;11;6;132;no;no
55;mujer;6;secundaria;urbana;basico;715;126;301;27;249;42;6;321;no;si
35;hombre;4;primaria;urbana;medio;81;1899;1210;27;268;94;10;453;no;si
66;otro;6;secundaria;rural;basico;726;574;592;59;219;7;3;113;no;si
74;hombre;1;educacion superior;rural;medio;67;231;1341;40;236;68;1;99;si;no
75;otro;5;educacion superior;rural;medio;780;1446;246;19;131;87;5;190;no;si
16;hombre;4;educacion superior;urbana;premium;563;754;325;34;280;24;7;479;no;si
26;hombre;2;educacion superior;urbana;medio;651;42;694;17;263;54;8;218;no;si
19;otro;3;secundaria;rural;medio;343;452;1092;44;212;29;3;317;no;si
35;otro;5;educacion superior;urbana;medio;584;841;528;34;68;92;7;282;no;si
27;otro;6;secundaria;rural;medio;300;146;1365;18;199;3;4;433;no;si
67;mujer;6;educacion superior;rural;medio;9;1846;233;31;3;1;10;286;no;no
20;hombre;5;educacion superior;urbana;medio;269;40;1098;22;225;92;10;197;no;si
73;otro;3;primaria;rural;medio;785;1395;703;51;237;27;4;423;no;no
18;hombre;6;primaria;urbana;premium;333;1481;686;22;38;69;5;308;si;no
25;hombre;1;secundaria;urbana;premium;874;1356;1244;38;176;80;4;367;no;no
51;mujer;3;primaria;rural;medio;151;1681;297;37;71;3;4;347;no;si
30;otro;6;educacion superior;urbana;premium;597;793;1014;39;135;90;3;218;no;si
32;hombre;5;secundaria;rural;medio;571;1864;1147;49;124;20;7;221;no;si
74;mujer;1;secundaria;rural;premium;189;1827;1431;22;25;19;6;396;si;no
43;mujer;1;educacion superior;urbana;basico;958;1530;1322;53;134;9;6;375;no;si
45;otro;6;primaria;rural;medio;398;1234;974;26;179;68;4;284;no;si
72;mujer;5;educacion superior;urbana;premium;869;374;691;22;57;108;6;397;no;si
49;mujer;3;secundaria;urbana;premium;274;387;116;41;296;78;8;354;si;no
66;hombre;1;primaria;rural;basico;950;632;1070;15;199;24;6;93;no;si
21;otro;2;secundaria;urbana;premium;255;1587;1139;58;295;27;8;484;no;si
22;hombre;1;primaria;rural;basico;590;1123;1285;48;6;42;6;164;si;no
41;hombre;4;secundaria;urbana;premium;624;587;866;52;81;2;7;153;no;no
36;mujer;4;educacion superior;rural;premium;591;1488;158;23;5;53;1;74;no;no
68;hombre;6;secundaria;rural;premium;388;1245;281;40;63;10;3;417;no;si
56;mujer;3;educacion superior;rural;basico;771;285;242;23;263;22;9;336;no;si
44;hombre;5;primaria;rural;medio;487;694;747;53;103;13;6;459;no;si
24;mujer;4;primaria;urbana;basico;905;1007;322;56;259;18;10;210;no;si
19;mujer;2;educacion superior;urbana;premium;823;1251;679;58;88;16;6;192;no;si
76;hombre;6;secundaria;urbana;basico;270;1151;395;30;116;20;9;76;si;no
38;hombre;6;primaria;urbana;basico;827;555;1100;38;217;100;8;86;no;si
61;mujer;1;secundaria;rural;medio;176;607;1400;15;169;97;3;463;si;no
49;mujer;3;educacion superior;urbana;premium;7;504;1105;38;82;8;8;179;no;si
56;otro;6;educacion superior;urbana;medio;703;54;494;20;185;30;7;393;no;si
30;otro;6;primaria;rural;medio;953;1040;1049;57;177;106;6;155;no;si
46;hombre;5;primaria;rural;basico;916;1607;1251;55;267;26;6;306;no;si
49;mujer;3;educacion superior;urbana;medio;431;1051;1470;36;149;2;6;474;si;no
44;hombre;4;secundaria;rural;premium;118;317;154;4;135;88;6;208;no;no
23;mujer;3;primaria;rural;basico;908;1647;856;22;142;45;8;493;no;si
39;mujer;6;educacion superior;urbana;premium;178;1779;103;53;57;2;8;132;si;no
77;mujer;6;primaria;rural;basico;883;1728;805;32;137;45;0;270;si;no
63;mujer;3;primaria;rural;premium;525;1446;1029;48;187;28;0;426;no;no
59;hombre;5;secundaria;rural;premium;98;1119;1315;20;229;64;8;306;no;si
79;hombre;2;educacion superior;rural;premium;693;831;316;36;208;35;2;443;si;no
65;hombre;4;primaria;rural;premium;769;745;725;54;37;48;9;240;si;no
51;mujer;2;primaria;urbana;premium;724;442;936;25;112;30;5;324;no;no
18;mujer;2;primaria;urbana;premium;304;434;1398;55;246;69;6;401;si;no
32;mujer;1;primaria;urbana;medio;40;1419;1005;31;2;11;8;416;no;no
23;mujer;5;secundaria;urbana;basico;470;1248;1125;7;131;87;0;445;si;no
21;mujer;4;secundaria;urbana;premium;783;1066;408;56;199;103;3;458;no;si
19;mujer;5;primaria;rural;basico;348;558;293;48;17;66;0;395;si;no
45;hombre;2;primaria;urbana;premium;292;1909;195;60;12;61;7;419;si;no
62;otro;4;primaria;urbana;premium;434;1341;556;41;149;32;7;254;no;si
21;hombre;5;secundaria;rural;premium;502;379;1061;17;42;51;6;2;si;no
56;otro;6;secundaria;rural;premium;931;1028;1464;33;84;31;3;269;no;si
49;mujer;6;primaria;rural;basico;820;105;955;24;107;25;3;229;no;si
80;mujer;4;educacion superior;urbana;basico;193;1935;1389;36;119;105;3;449;si;no
29;hombre;3;primaria;urbana;premium;198;764;824;22;195;74;0;195;no;no
66;mujer;6;primaria;urbana;medio;807;1814;195;16;169;26;7;413;no;si
55;hombre;3;secundaria;rural;basico;783;1294;160;45;98;102;9;268;no;si
62;hombre;1;secundaria;rural;premium;211;290;1130;37;8;68;5;183;no;no
62;otro;6;educacion superior;rural;medio;55;433;455;38;181;91;8;101;no;si
66;mujer;4;secundaria;rural;medio;563;1585;417;15;277;78;10;279;no;si
64;hombre;1;educacion superior;rural;basico;300;1565;662;5;89;106;7;405;si;no
40;otro;3;educacion superior;rural;premium;145;1046;958;34;185;31;0;383;si;no
20;mujer;2;secundaria;urbana;premium;935;771;631;51;118;68;7;468;no;si
26;mujer;6;secundaria;rural;basico;72;51;155;26;58;84;7;341;no;si
36;mujer;1;primaria;rural;basico;45;774;303;39;159;58;10;103;no;no
45;mujer;1;educacion superior;rural;medio;720;1300;225;28;203;20;5;332;no;si
51;hombre;6;educacion superior;urbana;basico;862;314;245;15;53;85;6;321;no;si
40;hombre;1;secundaria;rural;premium;361;754;546;29;245;60;10;190;no;no
77;otro;6;primaria;urbana;medio;554;1579;942;43;132;47;8;233;no;si
40;mujer;2;secundaria;rural;medio;591;368;191;41;63;31;6;342;no;si
42;otro;3;primaria;rural;premium;94;140;1325;56;212;57;9;460;no;no
40;otro;2;primaria;urbana;basico;156;940;1409;60;67;62;5;335;no;si
72;mujer;6;primaria;rural;premium;410;733;747;28;252;13;6;386;no;si
17;mujer;4;primaria;urbana;medio;860;1944;1055;25;7;48;4;178;no;no
38;otro;2;primaria;rural;medio;692;264;591;38;215;76;3;364;no;no
45;otro;5;primaria;urbana;premium;966;1712;200;33;120;16;7;106;no;si
70;otro;1;secundaria;urbana;basico;812;1789;831;27;251;102;10;330;no;si
32;otro;1;secundaria;urbana;basico;59;357;1114;27;105;115;6;55;si;no
50;hombre;3;primaria;urbana;premium;598;804;264;25;78;49;4;149;no;si
55;otro;2;secundaria;rural;basico;670;1853;888;36;284;62;10;215;si;no
64;mujer;6;educacion superior;rural;medio;873;779;229;39;133;89;6;420;no;si
58;hombre;3;secundaria;urbana;premium;279;833;1322;50;56;38;10;108;no;si
73;mujer;1;primaria;rural;premium;566;811;1073;54;227;90;10;229;no;si
58;mujer;2;primaria;rural;basico;327;499;326;56;190;82;10;369;si;no
23;otro;5;primaria;urbana;medio;319;1893;614;59;258;64;4;320;no;si
24;hombre;3;secundaria;rural;basico;561;266;699;16;77;90;3;332;no;si
23;otro;2;primaria;rural;premium;523;647;107;2;273;86;8;338;si;no
68;hombre;4;secundaria;rural;premium;417;1162;465;15;205;86;4;446;no;si
78;mujer;6;secundaria;urbana;medio;566;1849;1166;51;200;7;9;21;si;no
26;hombre;3;secundaria;urbana;medio;826;475;209;45;70;95;4;383;no;no
55;hombre;2;secundaria;rural;basico;999;382;885;26;220;81;7;307;no;si
38;mujer;5;educacion superior;urbana;medio;676;1799;875;12;52;78;7;312;si;no
77;otro;5;secundaria;rural;basico;956;1431;459;15;264;69;10;54;no;si
62;otro;2;educacion superior;rural;basico;220;1999;204;32;72;16;6;118;no;si
43;mujer;2;educacion superior;urbana;premium;179;241;809;17;53;40;3;206;si;no
40;otro;5;educacion superior;urbana;medio;89;794;822;54;73;28;7;277;si;no
50;otro;3;primaria;rural;medio;138;1418;1234;17;97;105;9;201;no;si
66;otro;5;educacion superior;rural;premium;851;582;1465;21;225;60;5;281;si;no
44;hombre;2;secundaria;urbana;medio;969;799;1113;56;42;76;8;132;no;no
51;hombre;1;educacion superior;rural;premium;198;1454;258;48;251;21;4;334;si;no
72;mujer;5;primaria;urbana;medio;849;1314;1427;45;228;87;7;226;no;si
31;otro;3;educacion superior;urbana;basico;198;978;530;57;194;82;4;238;no;si
27;mujer;2;primaria;urbana;basico;468;255;109;59;73;31;5;254;no;no
47;mujer;5;primaria;rural;medio;318;807;54;11;155;111;3;216;si;no
48;mujer;1;educacion superior;rural;basico;669;771;765;27;275;2;0;34;si;no
77;otro;2;secundaria;urbana;medio;245;1839;1003;27;152;54;4;417;no;no
62;mujer;1;primaria;rural;medio;863;120;63;33;126;68;7;40;no;no
17;mujer;5;secundaria;rural;basico;346;48;1125;20;50;102;3;319;no;si
50;hombre;5;primaria;urbana;medio;537;127;783;16;273;108;1;114;no;no
80;hombre;5;educacion superior;urbana;basico;589;243;593;50;137;110;8;473;si;no
19;otro;6;educacion superior;rural;premium;440;256;181;18;59;34;6;71;si;no
79;mujer;2;secundaria;urbana;premium;191;1001;1373;28;147;63;7;96;no;si
28;mujer;4;secundaria;urbana;medio;364;900;1373;43;23;79;2;312;no;no
24;otro;6;primaria;rural;basico;718;441;87;20;229;107;3;222;no;no
47;mujer;6;secundaria;rural;medio;307;1797;989;37;130;5;8;91;no;no
75;otro;6;secundaria;rural;medio;189;639;384;56;292;39;5;482;no;si
74;hombre;1;primaria;urbana;medio;410;176;595;25;202;103;6;419;si;no
35;hombre;2;secundaria;urbana;premium;708;1995;432;50;273;18;4;83;no;si
50;hombre;1;educacion superior;urbana;medio;147;551;868;3;74;5;0;48;no;no
18;mujer;2;primaria;rural;medio;389;325;1341;60;22;56;3;474;no;no
41;otro;4;primaria;rural;premium;246;876;1053;41;115;62;7;437;no;si
35;otro;5;primaria;rural;premium;247;1377;1489;59;162;53;10;5;no;no
19;otro;5;secundaria;rural;basico;656;1207;405;55;74;102;6;419;no;si
70;otro;4;secundaria;urbana;basico;580;1090;1293;14;171;25;10;202;no;no
22;hombre;4;educacion superior;rural;medio;325;361;501;13;149;49;7;213;no;no
34;hombre;4;educacion superior;rural;premium;794;1505;911;26;294;102;6;160;no;si
55;mujer;3;educacion superior;rural;medio;486;1583;283;38;272;28;7;371;no;si
19;mujer;5;secundaria;urbana;basico;769;1672;669;53;167;64;10;488;no;no
80;mujer;5;secundaria;rural;medio;997;706;1197;26;121;106;6;231;no;si
60;mujer;3;secundaria;urbana;medio;899;288;1342;30;274;39;9;405;no;si
26;mujer;5;secundaria;rural;premium;702;1029;1280;8;45;51;3;159;si;no
63;mujer;5;educacion superior;rural;basico;690;1805;1088;52;178;106;3;362;no;si
47;hombre;5;secundaria;rural;basico;811;1226;1315;22;235;60;5;294;no;si
35;mujer;4;educacion superior;rural;medio;279;356;649;38;276;50;2;412;no;no
18;mujer;2;educacion superior;urbana;basico;534;230;1304;43;44;49;6;77;si;no
16;otro;3;educacion superior;rural;medio;402;539;411;57;105;57;9;304;si;no
63;mujer;6;educacion superior;rural;medio;390;154;1215;44;52;95;8;218;si;no
30;mujer;4;educacion superior;urbana;premium;395;1611;1072;44;205;25;8;143;no;si
33;hombre;2;primaria;urbana;basico;186;1381;104;49;46;5;8;326;si;no
49;mujer;6;secundaria;rural;medio;878;706;1468;30;202;57;6;162;no;si
69;hombre;1;secundaria;rural;premium;369;980;723;10;76;34;4;489;no;no
65;mujer;3;educacion superior;urbana;medio;190;1073;1404;18;260;6;9;239;si;no
23;mujer;6;primaria;urbana;basico;828;631;146;42;80;59;9;0;no;no
47;otro;6;primaria;rural;medio;748;516;390;2;57;65;8;101;no;no
69;otro;3;primaria;urbana;medio;871;93;735;53;98;20;7;131;no;no
31;mujer;6;primaria;urbana;premium;824;1858;993;31;268;2;2;360;si;no
38;otro;5;secundaria;rural;premium;582;1476;1016;10;160;95;6;237;no;no
33;mujer;5;secundaria;urbana;medio;528;1817;575;4;250;89;9;198;si;no
75;mujer;6;secundaria;urbana;basico;726;1585;1085;3;43;86;2;114;si;no
48;mujer;3;secundaria;rural;premium;198;1222;1340;50;170;106;3;451;no;no
38;mujer;5;educacion superior;rural;basico;279;1103;1462;44;154;24;7;103;no;si
62;mujer;3;educacion superior;urbana;basico;169;1436;404;55;276;76;5;76;si;no
78;otro;5;secundaria;rural;medio;635;1774;794;45;150;91;10;214;no;no
40;otro;1;educacion superior;urbana;medio;149;1105;1206;25;68;67;9;349;no;si
51;mujer;6;primaria;urbana;medio;478;1474;1466;8;273;55;8;78;si;no
57;hombre;1;secundaria;rural;basico;933;684;1340;53;67;91;7;36;no;no
70;otro;2;primaria;urbana;premium;143;62;757;23;256;106;4;2;no;no
65;mujer;4;educacion superior;rural;medio;980;1140;365;25;262;24;5;358;si;no
40;otro;5;educacion superior;urbana;premium;714;1627;250;11;7;26;7;196;si;no
51;otro;2;secundaria;rural;basico;663;1995;364;37;105;1;3;108;no;no
80;otro;4;secundaria;rural;basico;515;1846;938;32;250;37;7;364;no;si
26;mujer;3;educacion superior;urbana;premium;307;1718;923;56;119;53;4;290;no;si
19;hombre;3;primaria;urbana;basico;563;1174;1358;60;80;120;9;185;no;si
58;mujer;6;educacion superior;rural;basico;401;1807;667;25;136;2;4;364;no;si
80;hombre;1;primaria;urbana;medio;19;608;456;24;283;92;5;459;si;no
18;otro;4;primaria;urbana;medio;84;249;908;46;275;93;3;312;no;si
43;mujer;4;educacion superior;rural;medio;285;420;1162;19;294;116;3;180;no;no
79;mujer;2;primaria;urbana;basico;706;1868;222;42;278;17;8;176;no;no
70;otro;4;secundaria;rural;medio;799;1956;807;43;253;96;7;70;no;si
56;otro;2;secundaria;rural;premium;826;305;309;40;20;72;8;464;si;no
25;otro;2;primaria;urbana;premium;924;1348;454;13;100;106;4;439;no;no
64;hombre;3;secundaria;rural;basico;919;971;1270;51;125;42;9;322;no;si
69;mujer;2;educacion superior;urbana;medio;726;1197;852;28;115;47;4;346;no;si
32;otro;5;secundaria;rural;medio;585;1768;486;18;182;17;10;427;no;si
17;mujer;3;educacion superior;urbana;medio;509;1925;396;35;140;67;10;289;si;no
